date,year,weekday,split,O79,C79,H79,L79,R79,n_w_bars,ATR_ref,class,prev_class,y,y_1000,y_1100,dual_same_bar,is_event,is_holiday,is_early_close,excl_reason,primary_ok,all_days_ok,range_expansion,chop
2022-12-27,2022,1,warmup,13788.75,13710.25,13789.0,13695.25,93.75,120,,,,,,,False,False,False,False,no_atr,False,False,,
2022-12-28,2022,2,warmup,13593.5,13571.25,13607.25,13562.5,44.75,120,,,,,,,False,False,False,False,no_atr,False,False,,
2022-12-29,2022,3,warmup,13500.75,13545.25,13559.25,13485.75,73.5,120,,,,,,,False,False,False,False,no_atr,False,False,,
2022-12-30,2022,4,warmup,13639.75,13578.75,13644.25,13559.25,85.0,120,,,,,,,False,False,False,False,no_atr,False,False,,
2023-01-03,2023,1,IS,13732.75,13771.5,13782.25,13707.5,74.75,120,,,,,,,False,False,False,False,no_atr,False,False,,
2023-01-04,2023,2,IS,13666.0,13679.75,13703.0,13627.75,75.25,120,,,,,,,False,False,False,False,no_atr,False,False,,
2023-01-05,2023,3,IS,13679.5,13584.0,13701.75,13568.0,133.75,120,,,,,,,False,False,False,False,no_atr,False,False,,
2023-01-06,2023,4,IS,13447.75,13598.5,13624.5,13406.0,218.5,120,,,,,,,False,True,False,False,no_atr,False,False,,
2023-01-09,2023,0,IS,13805.25,13830.0,13852.25,13801.5,50.75,120,,,,,,,False,False,False,False,no_atr,False,False,,
2023-01-10,2023,1,IS,13802.75,13783.0,13804.5,13749.0,55.5,120,,,,,,,False,False,False,False,no_atr,False,False,,
2023-01-11,2023,2,IS,13954.25,13978.75,13983.75,13930.5,53.25,120,,,,,,,False,False,False,False,no_atr,False,False,,
2023-01-12,2023,3,IS,14119.25,14201.0,14217.0,13946.0,271.0,120,,,,,,,False,True,False,False,no_atr,False,False,,
2023-01-13,2023,4,IS,14129.25,14060.25,14138.0,14049.25,88.75,120,,,,,,,False,False,False,False,no_atr,False,False,,
2023-01-16,2023,0,IS,14218.0,14242.5,14251.75,14210.5,41.25,120,,,,,,,False,False,True,False,holiday,False,False,,
2023-01-17,2023,1,IS,14225.75,14219.25,14244.0,14197.25,46.75,120,,,,,,,False,False,False,False,no_atr,False,False,,
2023-01-18,2023,2,IS,14299.25,14345.75,14376.75,14291.25,85.5,120,,,,,,,False,False,False,False,no_atr,False,False,,
2023-01-19,2023,3,IS,14038.5,14042.75,14049.75,13999.75,50.0,120,,,,,,,False,False,False,False,no_atr,False,False,,
2023-01-20,2023,4,IS,14064.0,14064.25,14103.5,14057.25,46.25,120,,,,,,,False,False,False,False,no_atr,False,False,,
2023-01-23,2023,0,IS,14314.75,14351.75,14378.25,14314.75,63.5,120,,,,,,,False,False,False,False,no_atr,False,False,,
2023-01-24,2023,1,IS,14536.75,14503.5,14547.0,14490.75,56.25,120,,,,,,,False,False,False,False,no_atr,False,False,,
2023-01-25,2023,2,IS,14400.25,14365.25,14423.75,14358.0,65.75,120,68.5,consolidation,,low,low,low,False,False,False,False,,True,True,2.802281368821293,False
2023-01-26,2023,3,IS,14600.5,14652.25,14665.0,14585.0,80.0,120,64.625,expansion↑,consolidation,high,high,high,False,False,False,False,,True,True,2.134375,False
2023-01-27,2023,4,IS,14708.25,14697.75,14733.75,14677.75,56.0,120,69.625,consolidation,expansion↑,high,high,high,False,False,False,False,,True,True,2.986607142857143,False
2023-01-30,2023,0,IS,14715.5,14740.75,14753.25,14715.5,37.75,120,64.625,consolidation,consolidation,high,high,high,False,False,False,False,,True,True,4.258278145695364,False
2023-01-31,2023,1,IS,14566.75,14656.25,14672.25,14560.25,112.0,120,59.875,expansion↑,consolidation,high,high,high,False,False,False,False,,True,True,1.1361607142857142,False
2023-02-01,2023,2,IS,14787.0,14790.25,14823.75,14781.0,42.75,120,59.875,consolidation,expansion↑,low,low,low,False,True,False,False,,False,True,1.9005847953216375,False
2023-02-02,2023,3,IS,15223.5,15317.0,15322.75,15207.75,115.0,120,56.125,expansion↑,consolidation,high,high,high,False,False,False,False,,True,True,1.6695652173913043,False
2023-02-03,2023,4,IS,15331.75,15244.75,15416.0,15224.5,191.5,120,56.125,consolidation,expansion↑,low,low,low,False,True,False,False,,False,True,1.6684073107049608,False
2023-02-06,2023,0,IS,15147.5,15155.75,15193.75,15136.5,57.25,120,56.125,consolidation,consolidation,high,high,high,False,False,False,False,,True,True,2.668122270742358,False
2023-02-07,2023,1,IS,15197.5,15174.25,15221.0,15158.5,62.5,120,56.75,consolidation,consolidation,low,low,low,False,False,False,False,,True,True,1.884,False
2023-02-08,2023,2,IS,15406.25,15375.75,15437.75,15365.75,72.0,120,59.875,consolidation,consolidation,low,low,low,False,False,False,False,,True,True,3.2604166666666665,False
2023-02-09,2023,3,IS,15344.25,15369.0,15372.25,15315.5,56.75,120,63.0,consolidation,consolidation,high,high,high,False,False,False,False,,True,True,3.0220264317180616,False
2023-02-10,2023,4,IS,14943.25,14986.75,15005.75,14925.5,80.25,120,59.875,expansion↑,consolidation,high,high,high,False,False,False,False,,True,True,1.8006230529595015,False
2023-02-13,2023,0,IS,15048.5,15038.75,15088.5,15036.0,52.5,120,59.875,consolidation,expansion↑,low,low,low,False,False,False,False,,True,True,3.7333333333333334,False
2023-02-14,2023,1,IS,15231.75,15173.25,15342.0,15115.0,227.0,120,59.875,consolidation,consolidation,low,low,low,False,True,False,False,,False,True,1.2466960352422907,False
2023-02-15,2023,2,IS,15228.75,15238.75,15275.25,15189.25,86.0,120,63.0,consolidation,consolidation,high,high,high,False,False,False,False,,True,True,1.7209302325581395,False
2023-02-16,2023,3,IS,15378.5,15213.75,15384.25,15188.5,195.75,120,63.0,expansion↓,consolidation,low,low,low,False,False,False,False,,True,True,0.9029374201787995,True
2023-02-17,2023,4,IS,15024.25,15044.75,15056.75,15015.25,41.5,120,64.625,consolidation,expansion↓,high,high,high,False,False,False,False,,True,True,3.5843373493975905,False
2023-02-20,2023,0,IS,15056.5,15057.25,15072.75,15044.75,28.0,120,64.625,compression,consolidation,,,,False,False,True,False,holiday,False,False,,
2023-02-21,2023,1,IS,14937.5,14895.5,14940.75,14894.25,46.5,120,64.125,consolidation,compression,low,low,low,False,False,False,False,,True,True,3.1236559139784945,False
2023-02-22,2023,2,IS,14751.0,14785.75,14818.25,14745.5,72.75,120,64.125,consolidation,consolidation,high,high,high,False,False,False,False,,True,True,1.9312714776632303,False
2023-02-23,2023,3,IS,14862.5,14876.5,14893.0,14840.25,52.75,120,67.25,consolidation,consolidation,high,high,high,False,False,False,False,,True,True,4.355450236966824,False
2023-02-24,2023,4,IS,14754.5,14653.75,14764.0,14629.25,134.75,120,59.875,expansion↓,consolidation,low,low,low,False,False,False,False,,True,True,0.8905380333951762,True
2023-02-27,2023,0,IS,14718.75,14792.5,14808.0,14708.5,99.5,120,67.25,expansion↑,expansion↓,high,neither,high,False,False,False,False,,True,True,1.2462311557788945,False
2023-02-28,2023,1,IS,14769.25,14751.25,14801.25,14729.75,71.5,120,72.375,consolidation,expansion↑,low,low,low,False,False,False,False,,True,True,1.1538461538461537,False
2023-03-01,2023,2,IS,14783.5,14694.5,14783.5,14692.75,90.75,120,71.75,expansion↓,consolidation,low,low,low,False,False,False,False,,True,True,1.7052341597796143,False
2023-03-02,2023,3,IS,14559.5,14497.75,14573.5,14493.0,80.5,120,72.375,expansion↓,expansion↓,high,neither,high,False,False,False,False,,True,True,1.1428571428571428,False
2023-03-03,2023,4,IS,14766.25,14794.5,14797.25,14733.75,63.5,120,72.375,consolidation,expansion↓,high,high,high,False,False,False,False,,True,True,1.9173228346456692,False
2023-03-06,2023,0,IS,14956.5,15023.0,15037.25,14956.0,81.25,120,71.75,expansion↑,consolidation,high,high,high,False,False,False,False,,True,True,1.7107692307692308,False
2023-03-07,2023,1,IS,15005.25,14999.75,15019.0,14996.0,23.0,120,72.375,compression,expansion↑,low,low,low,False,False,False,False,,True,True,7.934782608695652,False
2023-03-08,2023,2,IS,14845.25,14832.75,14852.0,14800.25,51.75,120,72.375,consolidation,compression,high,high,high,False,False,False,False,,True,True,2.8260869565217392,False
2023-03-09,2023,3,IS,14830.75,14909.75,14913.25,14806.75,106.5,120,72.125,expansion↑,consolidation,high,high,high,False,False,False,False,,True,True,1.15962441314554,False
2023-03-10,2023,4,IS,14679.5,14724.5,14764.0,14588.0,176.0,120,76.5,consolidation,expansion↑,low,low,low,False,True,False,False,,False,True,1.21875,False
2023-03-13,2023,0,IS,14607.75,14425.75,14647.75,14331.0,316.75,120,76.625,expansion↓,consolidation,high,neither,neither,False,False,False,False,,True,True,1.1578531965272296,False
2023-03-14,2023,1,IS,14628.0,14709.0,14727.75,14557.0,170.75,120,80.875,consolidation,expansion↓,high,high,high,False,True,False,False,,False,True,0.9121522693997072,True
2023-03-15,2023,2,IS,14660.25,14677.25,14744.25,14630.25,114.0,120,80.875,consolidation,consolidation,high,high,high,False,False,False,False,,True,True,1.4013157894736843,False
2023-03-16,2023,3,IS,14941.0,14898.75,14954.25,14874.75,79.5,120,80.875,consolidation,consolidation,low,low,low,False,False,False,False,,True,True,4.440251572327044,False
2023-03-17,2023,4,IS,15245.5,15202.25,15269.0,15185.0,84.0,120,80.0,expansion↓,consolidation,high,high,high,False,False,False,False,,True,True,2.8779761904761907,False
2023-03-20,2023,0,IS,15180.25,15196.5,15213.25,15138.25,75.0,120,80.875,consolidation,expansion↓,low,low,low,False,False,False,False,,True,True,2.24,False
2023-03-21,2023,1,IS,15251.25,15288.0,15316.75,15248.25,68.5,120,80.875,consolidation,consolidation,high,high,high,False,False,False,False,,True,True,1.8211678832116789,False
2023-03-22,2023,2,IS,15377.25,15377.75,15392.0,15360.0,32.0,120,80.875,compression,consolidation,high,high,high,False,True,False,False,,False,True,2.9375,False
2023-03-23,2023,3,IS,15349.0,15347.5,15369.75,15325.25,44.5,120,80.875,consolidation,compression,high,high,high,False,False,False,False,,True,True,4.129213483146067,False
2023-03-24,2023,4,IS,15333.5,15333.5,15344.0,15278.25,65.75,120,80.875,consolidation,consolidation,high,high,high,False,False,False,False,,True,True,1.7756653992395437,False
2023-03-27,2023,0,IS,15453.25,15440.25,15482.25,15436.0,46.25,120,80.0,consolidation,consolidation,low,low,low,False,False,False,False,,True,True,4.124324324324324,False
2023-03-28,2023,1,IS,15290.25,15297.0,15321.25,15281.75,39.5,120,77.25,consolidation,consolidation,low,low,low,False,False,False,False,,True,True,3.221518987341772,False
2023-03-29,2023,2,IS,15359.5,15378.25,15385.75,15355.0,30.75,120,77.25,compression,consolidation,high,high,high,False,False,False,False,,True,True,2.5447154471544717,False
2023-03-30,2023,3,IS,15553.75,15575.75,15594.0,15546.5,47.5,120,71.75,consolidation,compression,high,high,high,False,False,False,False,,True,True,1.7578947368421052,False
2023-03-31,2023,4,IS,15602.75,15621.25,15652.75,15582.25,70.5,120,67.125,consolidation,consolidation,high,high,high,False,False,False,False,,True,True,1.9148936170212767,False
2023-04-03,2023,0,IS,15745.0,15736.75,15752.75,15704.25,48.5,120,69.5,consolidation,consolidation,high,high,high,False,False,False,False,,True,True,2.3556701030927836,False
2023-04-04,2023,1,IS,15851.25,15828.25,15858.75,15819.25,39.5,120,67.125,consolidation,consolidation,low,low,low,False,False,False,False,,True,True,3.050632911392405,False
2023-04-05,2023,2,IS,15728.5,15725.0,15760.75,15715.0,45.75,120,67.125,consolidation,consolidation,low,low,low,False,False,False,False,,True,True,3.551912568306011,False
2023-04-06,2023,3,IS,15571.25,15544.75,15595.75,15539.75,56.0,120,67.125,consolidation,consolidation,low,low,low,False,False,False,False,,True,True,3.1205357142857144,False
2023-04-07,2023,4,IS,15693.75,15692.0,15717.0,15646.75,70.25,120,60.875,consolidation,consolidation,,,,False,True,True,False,holiday,False,False,,
2023-04-10,2023,0,IS,15677.5,15584.5,15679.25,15577.75,101.5,120,60.875,expansion↓,consolidation,low,low,low,False,False,False,False,,True,True,1.1921182266009853,False
2023-04-11,2023,1,IS,15704.0,15661.25,15708.25,15650.25,58.0,120,60.875,consolidation,expansion↓,low,low,low,False,False,False,False,,True,True,1.8448275862068966,False
2023-04-12,2023,2,IS,15596.0,15698.75,15766.5,15575.25,191.25,120,57.0,expansion↑,consolidation,low,low,low,False,True,False,False,,False,True,1.0705882352941176,False
2023-04-13,2023,3,IS,15505.5,15549.75,15562.75,15482.0,80.75,120,57.0,expansion↑,expansion↑,high,high,high,False,False,False,False,,True,True,1.5356037151702786,False
2023-04-14,2023,4,IS,15661.75,15646.0,15697.25,15625.75,71.5,120,57.0,consolidation,expansion↑,high,high,high,False,False,False,False,,True,True,2.027972027972028,False
2023-04-17,2023,0,IS,15711.5,15700.5,15726.75,15683.0,43.75,120,57.0,consolidation,consolidation,low,low,low,False,False,False,False,,True,True,2.697142857142857,False
2023-04-18,2023,1,IS,15791.0,15813.0,15823.5,15781.25,42.25,120,52.25,consolidation,consolidation,low,low,low,False,False,False,False,,True,True,3.4615384615384617,False
2023-04-19,2023,2,IS,15619.75,15603.75,15630.0,15592.75,37.25,120,48.0,consolidation,consolidation,high,high,high,False,False,False,False,,True,True,2.61744966442953,False
2023-04-20,2023,3,IS,15589.25,15593.5,15600.75,15557.25,43.5,120,48.0,consolidation,consolidation,high,high,high,False,False,False,False,,True,True,2.5689655172413794,False
2023-04-21,2023,4,IS,15538.0,15580.0,15581.5,15529.75,51.75,120,48.0,expansion↑,consolidation,high,high,high,False,False,False,False,,True,True,2.21256038647343,False
2023-04-24,2023,0,IS,15603.5,15618.75,15624.25,15596.0,28.25,120,48.0,consolidation,expansion↑,low,low,low,False,False,False,False,,True,True,5.902654867256637,False
2023-04-25,2023,1,IS,15530.0,15523.75,15543.0,15516.75,26.25,120,48.0,consolidation,consolidation,low,low,low,False,False,False,False,,True,True,3.7904761904761903,False
2023-04-26,2023,2,IS,15455.5,15473.0,15479.25,15410.0,69.25,120,48.0,consolidation,consolidation,high,high,high,False,False,False,False,,True,True,1.444043321299639,False
2023-04-27,2023,3,IS,15520.5,15546.75,15572.75,15508.25,64.5,120,50.125,consolidation,consolidation,high,high,high,False,False,False,False,,True,True,2.0775193798449614,False
2023-04-28,2023,4,IS,15715.75,15734.0,15748.25,15693.75,54.5,120,53.875,consolidation,consolidation,high,high,high,False,False,False,False,,True,True,2.2155963302752295,False
2023-05-01,2023,0,IS,15836.5,15828.25,15842.75,15810.0,32.75,120,53.125,consolidation,consolidation,high,high,high,False,False,False,False,,True,True,2.2442748091603053,False
2023-05-02,2023,1,IS,15832.75,15821.0,15841.0,15807.75,33.25,120,53.125,consolidation,consolidation,low,low,low,False,False,False,False,,True,True,6.105263157894737,False
2023-05-03,2023,2,IS,15724.0,15726.5,15756.25,15721.75,34.5,120,53.125,consolidation,consolidation,low,low,low,False,True,False,False,,False,True,1.8768115942028984,False
2023-05-04,2023,3,IS,15636.0,15603.25,15636.5,15586.0,50.5,120,53.125,consolidation,consolidation,low,low,low,False,False,False,False,,True,True,2.089108910891089,False
2023-05-05,2023,4,IS,15648.5,15638.75,15682.25,15610.0,72.25,120,51.125,consolidation,consolidation,high,high,high,False,True,False,False,,False,True,2.124567474048443,False
2023-05-08,2023,0,IS,15837.25,15819.25,15849.5,15812.5,37.0,120,51.125,consolidation,consolidation,low,low,low,False,False,False,False,,True,True,1.8310810810810811,False
2023-05-09,2023,1,IS,15824.25,15801.0,15828.5,15798.25,30.25,120,47.125,consolidation,consolidation,high,high,high,False,False,False,False,,True,True,1.9008264462809918,False
2023-05-10,2023,2,IS,15769.75,15908.5,15917.5,15764.75,152.75,120,43.625,expansion↑,consolidation,high,high,high,False,True,False,False,,False,True,0.8870703764320785,True
2023-05-11,2023,3,IS,15959.5,15958.5,15992.25,15929.0,63.25,120,43.625,consolidation,expansion↑,low,low,low,False,False,False,False,,True,True,1.3952569169960474,False
2023-05-12,2023,4,IS,16000.75,15988.25,16005.75,15978.5,27.25,120,43.625,consolidation,consolidation,high,high,high,False,False,False,False,,True,True,4.302752293577981,False
2023-05-15,2023,0,IS,15958.0,15948.75,15967.75,15937.25,30.5,120,42.875,consolidation,consolidation,low,low,low,False,False,False,False,,True,True,3.180327868852459,False
2023-05-16,2023,1,IS,15995.5,15957.75,16004.75,15954.5,50.25,120,39.75,expansion↓,consolidation,high,high,high,False,False,False,False,,True,True,2.253731343283582,False
2023-05-17,2023,2,IS,16030.5,16046.0,16047.25,16018.75,28.5,120,40.375,consolidation,expansion↓,high,high,high,False,False,False,False,,True,True,3.026315789473684,False
2023-05-18,2023,3,IS,16195.25,16163.25,16208.0,16162.75,45.25,120,40.25,expansion↓,consolidation,high,high,high,False,False,False,False,,True,True,4.475138121546961,False
2023-05-19,2023,4,IS,16413.25,16438.0,16443.75,16402.25,41.5,120,41.125,expansion↑,expansion↓,high,high,high,False,False,False,False,,True,True,2.572289156626506,False
2023-05-22,2023,0,IS,16366.25,16380.75,16393.75,16349.25,44.5,120,39.25,consolidation,expansion↑,high,high,high,False,False,False,False,,True,True,2.241573033707865,False
2023-05-23,2023,1,IS,16420.5,16365.0,16426.75,16362.25,64.5,120,43.0,expansion↓,consolidation,low,low,low,False,False,False,False,,True,True,0.8643410852713178,True
2023-05-24,2023,2,IS,16213.25,16170.75,16220.25,16168.5,51.75,120,44.875,expansion↓,expansion↓,low,low,low,False,False,False,False,,True,True,2.0966183574879227,False
2023-05-25,2023,3,IS,16419.0,16488.0,16495.0,16414.0,81.0,120,44.875,expansion↑,expansion↓,low,low,low,False,False,False,False,,True,True,1.6728395061728396,False
2023-05-26,2023,4,IS,16544.75,16547.25,16569.5,16503.25,66.25,120,44.875,consolidation,expansion↑,high,high,high,False,False,False,False,,True,True,4.3283018867924525,False
2023-05-29,2023,0,IS,16918.0,16898.75,16921.0,16892.25,28.75,120,44.875,consolidation,consolidation,,,,False,False,True,False,holiday,False,False,,
2023-05-30,2023,1,IS,17007.25,17050.75,17094.75,17007.25,87.5,120,44.875,consolidation,consolidation,low,low,low,False,False,False,False,,True,True,1.822857142857143,False
2023-05-31,2023,2,IS,16899.75,16845.25,16906.25,16840.5,65.75,120,47.75,expansion↓,consolidation,high,high,high,False,False,False,False,,True,True,2.425855513307985,False
2023-06-01,2023,3,IS,16839.0,16821.0,16861.25,16797.75,63.5,120,50.375,consolidation,expansion↓,low,low,low,False,False,False,False,,True,True,2.7007874015748032,False
2023-06-02,2023,4,IS,17054.25,17036.5,17089.75,17018.25,71.5,120,51.0,consolidation,consolidation,high,high,high,False,True,False,False,,False,True,2.230769230769231,False
2023-06-05,2023,0,IS,17075.25,17084.75,17093.25,17069.0,24.25,120,51.0,compression,consolidation,high,high,high,False,False,False,False,,True,True,4.989690721649485,False
2023-06-06,2023,1,IS,17104.25,17096.5,17119.0,17088.75,30.25,120,51.0,consolidation,compression,low,low,low,False,False,False,False,,True,True,3.6942148760330578,False
2023-06-07,2023,2,IS,17108.5,17122.75,17139.0,17107.75,31.25,120,51.0,consolidation,consolidation,high,high,high,False,False,False,False,,True,True,7.984,False
2023-06-08,2023,3,IS,16854.75,16884.0,16896.75,16812.75,84.0,120,47.75,consolidation,consolidation,high,high,high,False,False,False,False,,True,True,2.2232142857142856,False
2023-06-09,2023,4,IS,17021.0,17077.0,17082.0,17021.0,61.0,120,47.75,expansion↑,consolidation,high,high,high,False,False,False,False,,True,True,2.569672131147541,False
2023-06-12,2023,0,IS,17145.75,17164.25,17171.75,17133.25,38.5,120,51.0,consolidation,expansion↑,low,low,low,False,False,False,False,,True,True,2.396103896103896,False
2023-06-13,2023,1,IS,17374.75,17460.75,17461.5,17327.75,133.75,120,51.0,expansion↑,consolidation,high,high,high,False,True,False,False,,False,True,1.2485981308411216,False
2023-06-14,2023,2,IS,17465.5,17453.0,17494.25,17448.25,46.0,120,56.375,consolidation,expansion↑,low,low,low,False,True,False,False,,False,True,3.5543478260869565,False
2023-06-15,2023,3,IS,17445.0,17471.0,17478.5,17414.25,64.25,120,56.375,consolidation,consolidation,high,high,high,False,False,False,False,,True,True,3.2684824902723735,False
2023-06-16,2023,4,IS,17739.75,17781.0,17792.0,17736.5,55.5,120,62.25,consolidation,consolidation,high,high,high,False,False,False,False,,True,True,2.725225225225225,False
2023-06-19,2023,0,IS,17606.25,17603.5,17609.0,17582.25,26.75,120,62.25,compression,consolidation,,,,False,False,True,False,holiday,False,False,,
2023-06-20,2023,1,IS,17560.0,17600.75,17601.25,17556.25,45.0,120,62.25,consolidation,compression,low,low,low,False,False,False,False,,True,True,4.094444444444444,False
2023-06-21,2023,2,IS,17590.75,17548.75,17595.0,17534.0,61.0,120,58.25,expansion↓,consolidation,low,low,low,False,False,False,False,,True,True,3.557377049180328,False
2023-06-22,2023,3,IS,17331.25,17339.0,17372.0,17318.25,53.75,120,61.0,consolidation,expansion↓,low,low,low,False,False,False,False,,True,True,4.037209302325581,False
2023-06-23,2023,4,IS,17458.5,17389.5,17494.0,17367.25,126.75,120,58.25,expansion↓,consolidation,low,low,low,False,False,False,False,,True,True,0.8086785009861933,True
2023-06-26,2023,0,IS,17368.25,17406.0,17416.75,17363.75,53.0,120,58.25,consolidation,expansion↓,high,high,high,False,False,False,False,,True,True,3.292452830188679,False
2023-06-27,2023,1,IS,17277.5,17261.75,17285.5,17239.0,46.5,120,58.25,consolidation,consolidation,high,high,high,False,False,False,False,,True,True,2.6989247311827955,False
2023-06-28,2023,2,IS,17412.0,17392.5,17437.0,17383.0,54.0,120,54.625,consolidation,consolidation,low,low,low,False,False,False,False,,True,True,3.365740740740741,False
2023-06-29,2023,3,IS,17532.5,17486.75,17551.0,17475.75,75.25,120,53.875,expansion↓,consolidation,low,low,low,False,False,False,False,,True,True,1.5448504983388704,False
2023-06-30,2023,4,IS,17522.5,17583.75,17608.25,17513.5,94.75,120,53.875,expansion↑,expansion↓,high,high,high,False,False,False,False,,True,True,1.4591029023746702,False
2023-07-03,2023,0,IS,17712.5,17699.5,17716.25,17679.75,36.5,120,53.875,consolidation,expansion↑,high,high,high,False,False,False,True,,True,True,2.2465753424657535,False
2023-07-04,2023,1,IS,17695.25,17706.25,17707.25,17691.0,16.25,120,53.875,compression,consolidation,,,,False,False,True,False,holiday,False,False,,
2023-07-05,2023,2,IS,17638.25,17631.25,17641.5,17609.5,32.0,120,53.875,consolidation,compression,high,high,high,False,False,False,False,,True,True,4.359375,False
2023-07-06,2023,3,IS,17633.5,17541.0,17653.25,17512.75,140.5,120,53.875,expansion↓,consolidation,low,low,low,False,False,False,False,,True,True,0.7313167259786477,True
2023-07-07,2023,4,IS,17559.25,17566.25,17662.25,17548.0,114.25,120,53.875,consolidation,expansion↓,low,low,low,False,True,False,False,,False,True,0.8927789934354485,True
2023-07-10,2023,0,IS,17488.5,17514.25,17545.5,17486.5,59.0,120,53.875,consolidation,consolidation,high,high,high,False,False,False,False,,True,True,2.190677966101695,False
2023-07-11,2023,1,IS,17551.5,17577.5,17588.0,17549.5,38.5,120,54.75,consolidation,consolidation,low,low,low,False,False,False,False,,True,True,3.2987012987012987,False
2023-07-12,2023,2,IS,17636.5,17749.5,17773.0,17633.25,139.75,120,53.875,expansion↑,consolidation,high,high,high,False,True,False,False,,False,True,1.1717352415026834,False
2023-07-13,2023,3,IS,17896.75,17906.25,17929.5,17876.25,53.25,120,54.75,consolidation,expansion↑,high,high,high,False,False,False,False,,True,True,1.5633802816901408,False
2023-07-14,2023,4,IS,18039.0,18058.75,18073.0,18039.0,34.0,120,53.875,consolidation,consolidation,high,high,high,False,False,False,False,,True,True,3.9926470588235294,False
2023-07-17,2023,0,IS,18034.0,18057.25,18057.75,18027.5,30.25,120,53.5,consolidation,consolidation,high,high,high,False,False,False,False,,True,True,3.3801652892561984,False
2023-07-18,2023,1,IS,18170.25,18160.75,18186.0,18144.25,41.75,120,53.5,consolidation,consolidation,low,low,low,False,False,False,False,,True,True,3.7365269461077846,False
2023-07-19,2023,2,IS,18353.5,18358.0,18363.0,18330.0,33.0,120,53.5,consolidation,consolidation,high,high,high,False,False,False,False,,True,True,2.3863636363636362,False
2023-07-20,2023,3,IS,18208.25,18180.5,18221.25,18166.75,54.5,120,53.125,expansion↓,consolidation,high,high,high,False,False,False,False,,True,True,3.591743119266055,False
2023-07-21,2023,4,IS,18019.75,18046.0,18047.75,17994.0,53.75,120,53.125,consolidation,expansion↓,high,high,high,False,False,False,False,,True,True,3.167441860465116,False
2023-07-24,2023,0,IS,17923.25,17921.25,17937.75,17910.75,27.0,120,53.125,consolidation,consolidation,high,high,high,False,False,False,False,,True,True,5.0,False
2023-07-25,2023,1,IS,17951.75,17953.75,17973.25,17950.5,22.75,120,49.875,compression,consolidation,low,low,low,False,False,False,False,,True,True,4.318681318681318,False
2023-07-26,2023,2,IS,17975.75,17962.75,17995.25,17954.5,40.75,120,47.5,consolidation,compression,low,low,low,False,True,False,False,,False,True,3.049079754601227,False
2023-07-27,2023,3,IS,18146.75,18168.25,18192.75,18138.75,54.0,120,41.25,consolidation,consolidation,high,high,high,False,False,False,False,,True,True,2.6296296296296298,False
2023-07-28,2023,4,IS,18044.75,18091.0,18098.25,18033.25,65.0,120,41.25,expansion↑,consolidation,high,high,high,False,False,False,False,,True,True,2.769230769230769,False
2023-07-31,2023,0,IS,18198.5,18234.0,18243.5,18197.0,46.5,120,41.25,expansion↑,expansion↑,low,low,low,False,False,False,False,,True,True,2.1451612903225805,False
2023-08-01,2023,1,IS,18172.25,18121.5,18177.0,18104.0,73.0,120,44.125,expansion↓,expansion↑,low,neither,low,False,False,False,False,,True,True,1.4828767123287672,False
2023-08-02,2023,2,IS,18040.25,18028.25,18068.0,18008.75,59.25,120,49.875,consolidation,expansion↓,low,low,low,False,False,False,False,,True,True,3.7510548523206753,False
2023-08-03,2023,3,IS,17760.75,17727.5,17793.75,17710.75,83.0,120,53.5,consolidation,consolidation,low,low,low,False,False,False,False,,True,True,1.6265060240963856,False
2023-08-04,2023,4,IS,17838.25,17862.5,17885.0,17750.0,135.0,120,53.5,consolidation,consolidation,high,high,high,False,True,False,False,,False,True,1.412962962962963,False
2023-08-07,2023,0,IS,17765.0,17790.0,17791.25,17742.25,49.0,120,53.5,consolidation,consolidation,high,high,high,False,False,False,False,,True,True,2.836734693877551,False
2023-08-08,2023,1,IS,17756.25,17724.0,17759.75,17667.0,92.75,120,51.125,consolidation,consolidation,low,low,low,False,False,False,False,,True,True,1.7412398921832883,False
2023-08-09,2023,2,IS,17732.25,17720.5,17756.0,17711.5,44.5,120,53.5,consolidation,consolidation,low,low,low,False,False,False,False,,True,True,4.98876404494382,False
2023-08-10,2023,3,IS,17617.75,17675.75,17705.75,17592.25,113.5,120,51.125,expansion↑,consolidation,high,high,high,False,True,False,False,,False,True,2.0770925110132157,False
2023-08-11,2023,4,IS,17514.0,17444.75,17541.25,17432.0,109.25,120,51.375,expansion↓,expansion↑,low,low,low,False,False,False,False,,True,True,1.2540045766590389,False
2023-08-14,2023,0,IS,17502.75,17432.25,17504.0,17404.0,100.0,120,53.875,expansion↓,expansion↓,low,low,low,False,False,False,False,,True,True,2.13,False
2023-08-15,2023,1,IS,17532.25,17532.0,17553.25,17500.25,53.0,120,54.25,consolidation,expansion↓,high,high,high,False,False,False,False,,True,True,2.8632075471698113,False
2023-08-16,2023,2,IS,17458.25,17415.75,17467.0,17412.25,54.75,120,54.25,expansion↓,consolidation,low,low,low,False,False,False,False,,True,True,2.0182648401826486,False
2023-08-17,2023,3,IS,17309.0,17358.75,17366.5,17301.25,65.25,120,54.625,expansion↑,expansion↓,low,low,low,False,False,False,False,,True,True,2.310344827586207,False
2023-08-18,2023,4,IS,17060.5,16997.25,17065.75,16978.25,87.5,120,57.0,expansion↓,expansion↑,low,low,low,False,False,False,False,,True,True,1.52,False
2023-08-21,2023,0,IS,17175.0,17163.0,17206.75,17162.0,44.75,120,62.125,consolidation,expansion↓,low,low,low,False,False,False,False,,True,True,3.212290502793296,False
2023-08-22,2023,1,IS,17414.0,17435.25,17466.5,17402.75,63.75,120,62.125,consolidation,consolidation,low,low,low,False,False,False,False,,True,True,1.9294117647058824,False
2023-08-23,2023,2,IS,17367.75,17332.25,17370.5,17305.5,65.0,120,64.375,expansion↓,consolidation,high,high,high,False,False,False,False,,True,True,3.1923076923076925,False
2023-08-24,2023,3,IS,17724.75,17687.0,17743.5,17671.0,72.5,120,65.0,expansion↓,expansion↓,low,low,low,False,False,False,False,,True,True,5.4655172413793105,False
2023-08-25,2023,4,IS,17226.5,17247.0,17266.5,17204.75,61.75,120,65.125,consolidation,expansion↓,high,high,high,False,False,False,False,,True,True,4.809716599190283,False
2023-08-28,2023,0,IS,17359.75,17438.5,17440.75,17357.25,83.5,120,65.125,expansion↑,consolidation,high,high,high,False,False,False,False,,True,True,1.7125748502994012,False
2023-08-29,2023,1,IS,17432.5,17421.5,17443.25,17398.0,45.25,120,68.875,consolidation,expansion↑,high,high,high,False,False,False,False,,True,True,7.149171270718232,False
2023-08-30,2023,2,IS,17741.25,17776.25,17800.0,17729.5,70.5,120,65.125,consolidation,consolidation,high,high,high,False,False,False,False,,True,True,1.875886524822695,False
2023-08-31,2023,3,IS,17829.0,17856.75,17892.5,17820.5,72.0,120,67.875,consolidation,consolidation,high,high,high,False,False,False,False,,True,True,1.6388888888888888,False
2023-09-01,2023,4,IS,17911.5,17985.75,18002.0,17904.5,97.5,120,67.875,expansion↑,consolidation,low,low,low,False,True,False,False,,False,True,2.017948717948718,False
2023-09-04,2023,0,IS,17909.25,17899.75,17914.5,17894.25,20.25,120,67.875,compression,expansion↑,,,,False,False,True,False,holiday,False,False,,
2023-09-05,2023,1,IS,17822.5,17839.0,17847.5,17785.0,62.5,120,67.875,consolidation,compression,high,high,high,False,False,False,False,,True,True,2.148,False
2023-09-06,2023,2,IS,17839.0,17847.25,17858.75,17822.5,36.25,120,65.125,consolidation,consolidation,low,low,low,False,False,False,False,,True,True,4.5793103448275865,False
2023-09-07,2023,3,IS,17643.75,17548.75,17660.75,17535.75,125.0,120,65.125,expansion↓,consolidation,low,low,low,False,False,False,False,,True,True,0.99,True
2023-09-08,2023,4,IS,17610.5,17620.75,17639.25,17571.25,68.0,120,65.125,consolidation,expansion↓,high,high,high,False,False,False,False,,True,True,1.775735294117647,False
2023-09-11,2023,0,IS,17739.5,17772.25,17774.25,17730.5,43.75,120,65.125,consolidation,consolidation,high,high,high,False,False,False,False,,True,True,2.5028571428571427,False
2023-09-12,2023,1,IS,17801.0,17768.25,17802.25,17764.0,38.25,120,64.375,consolidation,consolidation,low,low,low,False,False,False,False,,True,True,3.712418300653595,False
2023-09-13,2023,2,IS,17629.5,17646.25,17676.0,17557.0,119.0,120,64.375,consolidation,consolidation,high,high,high,False,True,False,False,,False,True,1.2563025210084033,False
2023-09-14,2023,3,IS,17767.75,17767.25,17788.75,17719.75,69.0,120,65.125,consolidation,consolidation,high,high,high,False,False,False,False,,True,True,2.3731884057971016,False
2023-09-15,2023,4,IS,17819.25,17772.25,17823.75,17768.75,55.0,120,66.5,consolidation,consolidation,low,low,low,False,False,False,False,,True,True,3.918181818181818,False
2023-09-18,2023,0,IS,17561.0,17514.75,17566.25,17481.5,84.75,120,64.375,expansion↓,consolidation,high,high,high,False,False,False,False,,True,True,1.2920353982300885,False
2023-09-19,2023,1,IS,17579.5,17535.5,17593.25,17533.25,60.0,120,66.5,consolidation,expansion↓,low,low,low,False,False,False,False,,True,True,2.0791666666666666,False
2023-09-20,2023,2,IS,17553.5,17581.25,17583.0,17543.5,39.5,120,66.5,consolidation,consolidation,low,low,low,False,True,False,False,,False,True,2.7025316455696204,False
2023-09-21,2023,3,IS,17180.0,17112.5,17187.75,17093.25,94.5,120,65.25,expansion↓,consolidation,low,low,low,False,False,False,False,,True,True,1.0714285714285714,False
2023-09-22,2023,4,IS,17077.5,17105.25,17123.5,17063.5,60.0,120,65.25,consolidation,expansion↓,low,low,low,False,False,False,False,,True,True,2.325,False
2023-09-25,2023,0,IS,17008.75,16972.0,17021.75,16950.0,71.75,120,65.25,expansion↓,consolidation,low,low,low,False,False,False,False,,True,True,1.9581881533101044,False
2023-09-26,2023,1,IS,17020.0,16995.5,17044.0,16989.25,54.75,120,65.25,consolidation,expansion↓,low,low,low,False,False,False,False,,True,True,2.223744292237443,False
2023-09-27,2023,2,IS,16915.75,16922.5,16929.25,16884.75,44.5,120,65.25,consolidation,consolidation,high,high,high,False,False,False,False,,True,True,2.99438202247191,False
2023-09-28,2023,3,IS,16881.5,16845.0,16928.25,16828.75,99.5,120,61.25,consolidation,consolidation,low,low,low,False,False,False,False,,True,True,2.540201005025126,False
2023-09-29,2023,4,IS,17101.25,17153.25,17160.75,17071.25,89.5,120,61.25,expansion↑,consolidation,high,high,high,False,False,False,False,,True,True,1.7094972067039107,False
2023-10-02,2023,0,IS,17041.5,17004.0,17058.5,16995.75,62.75,120,61.25,expansion↓,expansion↑,high,high,high,False,False,False,False,,True,True,3.1593625498007967,False
2023-10-03,2023,1,IS,17117.25,17004.25,17120.0,16998.25,121.75,120,62.625,expansion↓,expansion↓,high,high,high,False,False,False,False,,True,True,2.1704312114989732,False
2023-10-04,2023,2,IS,16849.25,16926.75,16950.75,16844.0,106.75,120,65.375,expansion↑,expansion↓,high,high,high,False,False,False,False,,True,True,1.5269320843091334,False
2023-10-05,2023,3,IS,17066.0,17041.75,17109.75,17010.0,99.75,120,68.5,consolidation,expansion↑,low,low,low,False,False,False,False,,True,True,2.107769423558897,False
2023-10-06,2023,4,IS,17057.5,16835.25,17067.0,16811.0,256.0,120,68.5,expansion↓,consolidation,high,neither,neither,False,True,False,False,,False,True,1.3525390625,False
2023-10-09,2023,0,IS,17148.25,17138.0,17170.75,17122.75,48.0,120,70.375,consolidation,expansion↓,low,low,low,False,False,False,False,,True,True,2.4427083333333335,False
2023-10-10,2023,1,IS,17370.25,17347.25,17373.75,17322.75,51.0,120,70.375,consolidation,consolidation,high,high,high,False,False,False,False,,True,True,3.9901960784313726,False
2023-10-11,2023,2,IS,17473.25,17487.75,17496.75,17435.25,61.5,120,70.375,consolidation,consolidation,high,high,high,False,False,False,False,,True,True,1.548780487804878,False
2023-10-12,2023,3,IS,17585.5,17541.75,17597.0,17512.5,84.5,120,65.875,expansion↓,consolidation,high,neither,high,False,True,False,False,,False,True,1.1952662721893492,False
2023-10-13,2023,4,IS,17396.25,17480.0,17484.0,17395.0,89.0,120,67.25,expansion↑,expansion↓,high,high,high,False,False,False,False,,True,True,2.893258426966292,False
2023-10-16,2023,0,IS,17280.25,17322.25,17331.0,17262.75,68.25,120,78.125,consolidation,expansion↑,high,high,high,False,False,False,False,,True,True,2.3003663003663,False
2023-10-17,2023,1,IS,17398.5,17316.75,17404.5,17314.25,90.25,120,70.0,expansion↓,consolidation,low,low,low,False,False,False,False,,True,True,2.5844875346260388,False
2023-10-18,2023,2,IS,17297.25,17279.75,17325.0,17276.25,48.75,120,78.125,consolidation,expansion↓,high,high,high,False,False,False,False,,True,True,2.682051282051282,False
2023-10-19,2023,3,IS,17212.75,17234.0,17241.0,17173.0,68.0,120,78.125,consolidation,consolidation,high,high,high,False,False,False,False,,True,True,2.099264705882353,False
2023-10-20,2023,4,IS,16985.5,16977.25,17021.5,16955.5,66.0,120,70.0,consolidation,consolidation,high,high,high,False,False,False,False,,True,True,3.4204545454545454,False
2023-10-23,2023,0,IS,16726.75,16757.0,16779.25,16715.25,64.0,120,70.0,consolidation,consolidation,high,high,high,False,False,False,False,,True,True,3.953125,False
2023-10-24,2023,1,IS,16946.75,16953.25,16969.25,16932.25,37.0,120,68.125,consolidation,consolidation,low,low,low,False,False,False,False,,True,True,3.22972972972973,False
2023-10-25,2023,2,IS,16920.75,16898.5,16941.25,16897.0,44.25,120,68.125,consolidation,consolidation,low,low,low,False,False,False,False,,True,True,3.9322033898305087,False
2023-10-26,2023,3,IS,16487.0,16555.25,16564.75,16453.5,111.25,120,68.125,expansion↑,consolidation,high,high,high,False,False,False,False,,True,True,2.0808988764044942,False
2023-10-27,2023,4,IS,16463.25,16464.5,16485.5,16421.0,64.5,120,68.125,consolidation,expansion↑,high,high,high,False,False,False,False,,True,True,2.0736434108527133,False
2023-10-30,2023,0,IS,16518.75,16511.0,16542.5,16496.0,46.5,120,67.0,consolidation,consolidation,low,low,low,False,False,False,False,,True,True,3.661290322580645,False
2023-10-31,2023,1,IS,16576.5,16564.25,16605.0,16553.75,51.25,120,67.0,consolidation,consolidation,low,low,low,False,False,False,False,,True,True,2.4,False
2023-11-01,2023,2,IS,16587.0,16649.25,16666.0,16561.75,104.25,120,65.25,expansion↑,consolidation,high,high,high,False,True,False,False,,False,True,1.2877697841726619,False
2023-11-02,2023,3,IS,17012.5,17096.75,17104.5,17007.25,97.25,120,65.25,expansion↑,expansion↑,high,neither,high,False,False,False,False,,True,True,1.0539845758354756,False
2023-11-03,2023,4,IS,17094.75,17196.5,17216.5,17082.5,134.0,120,65.25,expansion↑,expansion↑,high,high,high,False,True,False,False,,False,True,0.9160447761194029,True
2023-11-06,2023,0,IS,17365.5,17356.25,17368.0,17340.0,28.0,120,65.25,compression,expansion↑,high,high,high,False,False,False,False,,True,True,2.5892857142857144,False
2023-11-07,2023,1,IS,17344.75,17403.25,17404.25,17343.5,60.75,120,65.25,consolidation,compression,high,high,high,False,False,False,False,,True,True,2.94238683127572,False
2023-11-08,2023,2,IS,17519.5,17525.25,17539.75,17507.75,32.0,120,65.25,compression,consolidation,high,high,high,False,False,False,False,,True,True,2.71875,False
2023-11-09,2023,3,IS,17516.75,17554.0,17555.5,17516.0,39.5,120,65.25,consolidation,compression,high,high,high,False,False,False,False,,True,True,2.7278481012658227,False
2023-11-10,2023,4,IS,17380.5,17469.75,17471.75,17372.5,99.25,120,64.25,expansion↑,consolidation,high,high,high,False,False,False,False,,True,True,1.4760705289672544,False
2023-11-13,2023,0,IS,17713.75,17687.0,17725.25,17678.0,47.25,120,64.25,consolidation,expansion↑,low,low,low,False,False,False,False,,True,True,2.6296296296296298,False
2023-11-14,2023,1,IS,17734.75,17971.25,17990.75,17703.0,287.75,120,62.375,expansion↑,consolidation,high,high,high,False,True,False,False,,False,True,0.39183318853171156,True
2023-11-15,2023,2,IS,18124.5,18116.0,18200.5,18088.25,112.25,120,62.375,consolidation,expansion↑,low,low,low,False,False,False,False,,True,True,0.7527839643652561,True
2023-11-16,2023,3,IS,18010.0,18032.5,18034.25,17973.0,61.25,120,64.25,consolidation,consolidation,high,high,high,False,False,False,False,,True,True,1.779591836734694,False
2023-11-17,2023,4,IS,18051.0,18041.25,18070.75,18034.25,36.5,120,62.625,consolidation,consolidation,low,low,low,False,False,False,False,,True,True,1.5273972602739727,False
2023-11-20,2023,0,IS,18070.75,18063.75,18075.25,18038.25,37.0,120,61.0,consolidation,consolidation,high,high,high,False,False,False,False,,True,True,3.418918918918919,False
2023-11-21,2023,1,IS,18213.0,18158.25,18225.75,18155.0,70.75,120,56.0,expansion↓,consolidation,low,low,low,False,False,False,False,,True,True,1.469964664310954,False
2023-11-22,2023,2,IS,18181.5,18215.75,18221.0,18177.0,44.0,120,61.0,consolidation,expansion↓,high,high,high,False,False,False,False,,True,True,3.8181818181818183,False
2023-11-23,2023,3,IS,18223.25,18218.25,18228.75,18208.0,20.75,120,61.0,compression,consolidation,,,,False,False,True,False,holiday,False,False,,
2023-11-24,2023,4,IS,18189.5,18201.5,18204.5,18177.25,27.25,120,56.0,compression,compression,low,low,low,False,False,False,True,,True,True,2.63302752293578,False
2023-11-27,2023,0,IS,18153.75,18151.25,18172.75,18147.5,25.25,120,49.25,consolidation,compression,high,high,high,False,False,False,False,,True,True,3.792079207920792,False
2023-11-28,2023,1,IS,18141.5,18137.5,18150.0,18096.25,53.75,120,49.25,consolidation,consolidation,high,high,high,False,False,False,False,,True,True,2.1023255813953488,False
2023-11-29,2023,2,IS,18281.5,18296.25,18324.25,18274.25,50.0,120,50.5,consolidation,consolidation,high,high,high,False,False,False,False,,True,True,3.535,False
2023-11-30,2023,3,IS,18202.75,18201.5,18249.5,18200.0,49.5,120,48.625,consolidation,consolidation,low,low,low,False,False,False,False,,True,True,3.757575757575758,False
2023-12-01,2023,4,IS,18112.75,18081.5,18114.0,18070.25,43.75,120,48.375,consolidation,consolidation,low,low,low,False,False,False,False,,True,True,3.5142857142857142,False
2023-12-04,2023,0,IS,18097.5,18057.0,18119.0,18054.0,65.0,120,45.625,expansion↓,consolidation,low,low,low,False,False,False,False,,True,True,2.3884615384615384,False
2023-12-05,2023,1,IS,17917.25,17948.75,17968.25,17915.0,53.25,120,48.375,expansion↑,expansion↓,high,high,high,False,False,False,False,,True,True,3.3380281690140845,False
2023-12-06,2023,2,IS,18094.75,18164.25,18168.25,18072.75,95.5,120,48.375,expansion↑,expansion↑,high,high,high,False,False,False,False,,True,True,1.824607329842932,False
2023-12-07,2023,3,IS,18002.75,18060.75,18067.25,17989.5,77.75,120,49.75,expansion↑,expansion↑,high,high,high,False,False,False,False,,True,True,1.8070739549839228,False
2023-12-08,2023,4,IS,18149.25,18116.25,18153.5,18039.25,114.25,120,51.625,consolidation,expansion↑,high,high,high,False,True,False,False,,False,True,1.4551422319474836,False
2023-12-11,2023,0,IS,18222.5,18233.5,18237.75,18210.75,27.0,120,51.625,consolidation,consolidation,high,high,high,False,False,False,False,,True,True,4.861111111111111,False
2023-12-12,2023,1,IS,18406.5,18391.5,18489.25,18383.5,105.75,120,51.625,consolidation,consolidation,low,low,low,False,True,False,False,,False,True,1.1394799054373523,False
2023-12-13,2023,2,IS,18552.5,18571.0,18572.75,18544.25,28.5,120,51.625,consolidation,consolidation,high,high,high,False,True,False,False,,False,True,2.1052631578947367,False
2023-12-14,2023,3,IS,18772.25,18794.25,18796.25,18748.25,48.0,120,49.75,consolidation,consolidation,high,high,high,False,False,False,False,,True,True,2.8177083333333335,False
2023-12-15,2023,4,IS,18747.75,18729.25,18754.0,18698.0,56.0,120,48.75,consolidation,consolidation,high,high,high,False,False,False,False,,True,True,1.9151785714285714,False
2023-12-18,2023,0,IS,18764.0,18794.75,18795.5,18759.5,36.0,120,49.75,consolidation,consolidation,high,high,high,False,False,False,False,,True,True,2.2847222222222223,False
2023-12-19,2023,1,IS,18895.75,18900.0,18930.5,18890.75,39.75,120,49.75,consolidation,consolidation,low,low,low,False,False,False,False,,True,True,1.7106918238993711,False
2023-12-20,2023,2,IS,18916.0,18923.25,18928.5,18908.5,20.0,120,48.75,compression,consolidation,high,high,high,False,False,False,False,,True,True,5.125,False
2023-12-21,2023,3,IS,18812.5,18882.0,18911.5,18801.5,110.0,120,48.75,expansion↑,compression,low,neither,low,False,False,False,False,,True,True,1.05,False
2023-12-22,2023,4,IS,18875.75,18941.75,18948.0,18871.75,76.25,120,49.75,expansion↑,expansion↑,high,high,high,False,False,False,False,,True,True,0.9573770491803278,True
2023-12-26,2023,1,IS,18949.0,18945.25,18957.75,18926.0,31.75,120,51.625,consolidation,expansion↑,high,high,high,False,False,False,False,,True,True,1.7322834645669292,False
2023-12-27,2023,2,IS,19025.5,19042.0,19047.5,19016.0,31.5,120,51.625,consolidation,consolidation,high,high,high,False,False,False,False,,True,True,2.1984126984126986,False
2023-12-28,2023,3,IS,19090.75,19083.75,19106.5,19083.5,23.0,120,49.75,compression,consolidation,low,low,low,False,False,False,False,,True,True,2.4456521739130435,False
2023-12-29,2023,4,IS,19057.25,19025.5,19058.75,19007.25,51.5,120,48.75,expansion↓,compression,low,neither,low,False,False,False,False,,True,True,3.2864077669902914,False
2024-01-02,2024,1,IS,18816.5,18794.25,18819.25,18758.25,61.0,120,49.75,consolidation,expansion↓,low,low,low,False,False,False,False,,True,True,3.0901639344262297,False
2024-01-03,2024,2,IS,18589.5,18558.25,18590.5,18539.25,51.25,120,52.375,consolidation,consolidation,low,low,low,False,False,False,False,,True,True,2.1365853658536587,False
2024-01-04,2024,3,IS,18470.25,18400.75,18477.0,18392.5,84.5,120,51.375,expansion↓,consolidation,low,low,low,False,False,False,False,,True,True,1.6627218934911243,False
2024-01-05,2024,4,IS,18330.0,18341.0,18368.0,18275.5,92.5,120,51.375,consolidation,expansion↓,high,high,high,False,True,False,False,,False,True,1.5108108108108107,False
2024-01-08,2024,0,IS,18399.75,18418.75,18439.0,18393.5,45.5,120,51.375,consolidation,consolidation,high,high,high,False,False,False,False,,True,True,3.818681318681319,False
2024-01-09,2024,1,IS,18635.75,18606.75,18666.75,18599.0,67.75,120,49.625,consolidation,consolidation,high,neither,high,False,False,False,False,,True,True,2.5535055350553506,False
2024-01-10,2024,2,IS,18788.5,18757.75,18807.25,18756.0,51.25,120,49.625,expansion↓,consolidation,high,high,high,False,False,False,False,,True,True,1.8731707317073172,False
2024-01-11,2024,3,IS,18948.75,18848.5,18998.25,18833.5,164.75,120,51.25,expansion↓,expansion↓,low,neither,low,False,True,False,False,,False,True,1.763277693474962,False
2024-01-12,2024,4,IS,18836.75,18905.0,18920.5,18828.5,92.0,120,51.25,expansion↑,expansion↓,high,high,high,False,False,False,False,,True,True,1.4021739130434783,False
2024-01-15,2024,0,IS,18909.0,18901.75,18922.0,18892.75,29.25,120,51.375,consolidation,expansion↑,,,,False,False,True,False,holiday,False,False,,
2024-01-16,2024,1,IS,18822.75,18834.25,18871.5,18813.5,58.0,120,51.375,consolidation,consolidation,high,high,high,False,False,False,False,,True,True,3.081896551724138,False
2024-01-17,2024,2,IS,18832.75,18761.75,18849.25,18746.5,102.75,120,51.375,expansion↓,consolidation,low,low,low,False,False,False,False,,True,True,1.4963503649635037,False
2024-01-18,2024,3,IS,18933.5,18923.25,18986.0,18917.5,68.5,120,54.75,consolidation,expansion↓,high,high,high,False,False,False,False,,True,True,1.6934306569343065,False
2024-01-19,2024,4,IS,19187.5,19161.25,19196.5,19151.5,45.0,120,59.5,consolidation,consolidation,low,low,low,False,False,False,False,,True,True,2.327777777777778,False
2024-01-22,2024,0,IS,19476.75,19468.0,19523.75,19458.75,65.0,120,59.5,consolidation,consolidation,high,high,high,False,False,False,False,,True,True,2.25,False
2024-01-23,2024,1,IS,19415.25,19441.25,19466.75,19407.5,59.25,120,59.5,consolidation,consolidation,low,low,low,False,False,False,False,,True,True,1.3248945147679325,False
2024-01-24,2024,2,IS,19586.5,19605.5,19633.5,19582.5,51.0,120,58.625,consolidation,consolidation,high,high,high,False,False,False,False,,True,True,2.5,False
2024-01-25,2024,3,IS,19588.0,19647.75,19656.75,19555.0,101.75,120,58.625,expansion↑,consolidation,high,high,high,False,False,False,False,,True,True,1.00982800982801,False
2024-01-26,2024,4,IS,19493.75,19539.0,19552.75,19479.75,73.0,120,60.125,expansion↑,expansion↑,low,low,low,False,False,False,False,,True,True,1.7191780821917808,False
2024-01-29,2024,0,IS,19508.75,19487.25,19520.0,19479.25,40.75,120,63.0,consolidation,expansion↑,low,low,low,False,False,False,False,,True,True,1.5644171779141105,False
2024-01-30,2024,1,IS,19640.75,19602.25,19644.0,19594.25,49.75,120,63.0,consolidation,consolidation,low,neither,low,False,False,False,False,,True,True,1.3718592964824121,False
2024-01-31,2024,2,IS,19335.0,19347.0,19395.5,19325.5,70.0,120,62.125,consolidation,consolidation,low,low,low,False,True,False,False,,False,True,2.0428571428571427,False
2024-02-01,2024,3,IS,19279.25,19277.5,19305.0,19243.5,61.5,120,66.375,consolidation,consolidation,low,low,low,False,False,False,False,,True,True,1.7520325203252032,False
2024-02-02,2024,4,IS,19560.25,19437.75,19584.5,19424.5,160.0,120,63.25,expansion↓,consolidation,low,low,low,False,True,False,False,,False,True,1.5765625,False
2024-02-05,2024,0,IS,19649.25,19641.5,19680.5,19631.75,48.75,120,63.25,consolidation,expansion↓,low,low,low,False,False,False,False,,True,True,3.753846153846154,False
2024-02-06,2024,1,IS,19634.0,19678.25,19686.0,19611.75,74.25,120,63.25,expansion↑,consolidation,high,high,high,False,False,False,False,,True,True,2.5555555555555554,False
2024-02-07,2024,2,IS,19622.25,19677.0,19687.75,19594.0,93.75,120,63.25,expansion↑,expansion↑,high,high,high,False,False,False,False,,True,True,1.672,False
2024-02-08,2024,3,IS,19753.5,19767.25,19769.75,19733.5,36.25,120,66.75,consolidation,expansion↑,high,high,high,False,False,False,False,,True,True,2.3793103448275863,False
2024-02-09,2024,4,IS,19860.0,19871.75,19913.25,19843.75,69.5,120,63.25,consolidation,consolidation,low,low,low,False,False,False,False,,True,True,1.9064748201438848,False
2024-02-12,2024,0,IS,19985.75,19970.25,19991.75,19967.75,24.0,120,63.25,compression,consolidation,low,low,low,False,False,False,False,,True,True,4.760416666666667,False
2024-02-13,2024,1,IS,19782.5,19602.5,19811.25,19579.5,231.75,120,63.25,expansion↓,compression,low,low,low,False,True,False,False,,False,True,0.8845738942826321,True
2024-02-14,2024,2,IS,19730.25,19719.75,19753.0,19708.25,44.75,120,66.75,consolidation,expansion↓,high,high,high,False,False,False,False,,True,True,3.195530726256983,False
2024-02-15,2024,3,IS,19841.5,19840.5,19874.75,19823.5,51.25,120,63.25,consolidation,consolidation,low,low,low,False,False,False,False,,True,True,2.395121951219512,False
2024-02-16,2024,4,IS,19956.75,19881.5,19959.25,19844.25,115.0,120,60.375,expansion↓,consolidation,low,low,low,False,False,False,False,,True,True,1.8521739130434782,False
2024-02-19,2024,0,IS,19705.0,19719.5,19725.25,19696.25,29.0,120,63.25,compression,expansion↓,,,,False,False,True,False,holiday,False,False,,
2024-02-20,2024,1,IS,19595.5,19614.25,19640.75,19589.5,51.25,120,60.375,consolidation,compression,high,high,high,False,False,False,False,,True,True,4.721951219512195,False
2024-02-21,2024,2,IS,19469.75,19446.25,19479.75,19421.75,58.0,120,56.375,consolidation,consolidation,low,low,low,False,False,False,False,,True,True,1.331896551724138,False
2024-02-22,2024,3,IS,19850.25,19838.75,19851.75,19813.75,38.0,120,59.75,consolidation,consolidation,high,high,high,False,False,False,False,,True,True,3.0789473684210527,False
2024-02-23,2024,4,IS,19977.75,20014.75,20024.0,19962.75,61.25,120,54.625,expansion↑,consolidation,high,high,high,False,False,False,False,,True,True,3.2448979591836733,False
2024-02-26,2024,0,IS,19930.75,19956.75,19969.25,19913.0,56.25,120,54.625,consolidation,expansion↑,high,high,high,False,False,False,False,,True,True,1.6488888888888888,False
2024-02-27,2024,1,IS,19946.25,19968.25,19981.5,19928.0,53.5,120,57.125,consolidation,consolidation,low,low,low,False,False,False,False,,True,True,1.7102803738317758,False
2024-02-28,2024,2,IS,19888.0,19886.25,19902.0,19860.0,42.0,120,57.125,consolidation,consolidation,low,low,low,False,False,False,False,,True,True,2.357142857142857,False
2024-02-29,2024,3,IS,19831.5,19947.25,19967.75,19799.0,168.75,120,54.875,expansion↑,consolidation,high,high,high,False,False,False,False,,True,True,1.0325925925925925,False
2024-03-01,2024,4,IS,20033.5,20030.5,20051.75,20011.75,40.0,120,54.875,consolidation,expansion↑,high,high,high,False,False,False,False,,True,True,3.8875,False
2024-03-04,2024,0,IS,20276.25,20276.25,20294.0,20268.0,26.0,120,52.375,compression,consolidation,low,low,low,False,False,False,False,,True,True,2.0961538461538463,False
2024-03-05,2024,1,IS,20099.0,20073.75,20124.0,20072.0,52.0,120,52.375,consolidation,compression,low,low,low,False,False,False,False,,True,True,4.3798076923076925,False
2024-03-06,2024,2,IS,19983.5,20039.75,20039.75,19975.5,64.25,120,51.625,expansion↑,consolidation,high,high,high,False,False,False,False,,True,True,2.603112840466926,False
2024-03-07,2024,3,IS,20052.25,20093.75,20103.0,20045.5,57.5,120,51.625,expansion↑,expansion↑,high,high,high,False,False,False,False,,True,True,3.273913043478261,False
2024-03-08,2024,4,IS,20233.25,20293.5,20312.5,20152.25,160.25,120,52.75,consolidation,expansion↑,high,high,high,False,True,False,False,,False,True,1.7925117004680187,False
2024-03-11,2024,0,IS,19981.0,19893.5,19986.25,19864.75,121.5,120,52.75,expansion↓,consolidation,low,low,low,False,False,False,False,,True,True,1.0781893004115226,False
2024-03-12,2024,1,IS,19989.75,20009.25,20074.75,19897.75,177.0,120,54.875,consolidation,expansion↓,low,low,low,False,True,False,False,,False,True,1.6016949152542372,False
2024-03-13,2024,2,IS,20169.25,20119.25,20180.25,20105.75,74.5,120,54.875,expansion↓,consolidation,low,low,low,False,False,False,False,,True,True,1.9865771812080537,False
2024-03-14,2024,3,IS,20102.0,20064.25,20114.25,20045.0,69.25,120,56.875,expansion↓,expansion↓,low,low,low,False,False,False,False,,True,True,2.812274368231047,False
2024-03-15,2024,4,IS,20001.5,19947.0,20003.5,19926.25,77.25,120,57.75,expansion↓,expansion↓,low,low,low,False,False,False,False,,True,True,1.883495145631068,False
2024-03-18,2024,0,IS,19891.25,19970.25,19983.0,19885.0,98.0,120,57.75,expansion↑,expansion↓,high,high,high,False,False,False,False,,True,True,1.066326530612245,False
2024-03-19,2024,1,IS,19874.75,19825.0,19874.75,19771.5,103.25,120,59.625,consolidation,expansion↑,low,low,low,False,False,False,False,,True,True,1.1210653753026634,False
2024-03-20,2024,2,IS,19981.0,19992.5,20025.0,19976.25,48.75,120,62.75,consolidation,consolidation,high,high,high,False,True,False,False,,False,True,1.8205128205128205,False
2024-03-21,2024,3,IS,20299.5,20351.75,20368.5,20299.25,69.25,120,62.75,expansion↑,consolidation,high,high,high,False,False,False,False,,True,True,1.3212996389891696,False
2024-03-22,2024,4,IS,20268.75,20223.0,20277.0,20185.75,91.25,120,66.75,expansion↓,expansion↑,neither,neither,neither,False,False,False,False,,True,True,0.7123287671232876,True
2024-03-25,2024,0,IS,20194.25,20169.25,20196.25,20150.25,46.0,120,69.25,consolidation,expansion↓,low,low,low,False,False,False,False,,True,True,3.016304347826087,False
2024-03-26,2024,1,IS,20301.25,20262.25,20312.75,20250.75,62.0,120,69.25,consolidation,consolidation,low,low,low,False,False,False,False,,True,True,1.2016129032258065,False
2024-03-27,2024,2,IS,20229.75,20242.0,20243.5,20205.0,38.5,120,69.25,consolidation,consolidation,high,high,high,False,False,False,False,,True,True,5.01948051948052,False
2024-03-28,2024,3,IS,20182.25,20193.0,20221.5,20167.75,53.75,120,69.25,consolidation,consolidation,low,low,low,False,False,False,False,,True,True,1.5162790697674418,False
2024-04-01,2024,0,IS,20273.5,20209.0,20273.5,20187.0,86.5,120,66.75,expansion↓,consolidation,low,low,low,False,False,False,False,,True,True,2.1560693641618496,False
2024-04-02,2024,1,IS,20131.25,20031.5,20137.0,20021.5,115.5,120,69.25,expansion↓,expansion↓,low,low,low,False,False,False,False,,True,True,0.7835497835497836,True
2024-04-03,2024,2,IS,19963.25,19962.25,20014.5,19942.75,71.75,120,71.875,consolidation,expansion↓,low,low,low,False,False,False,False,,True,True,2.9581881533101044,False
2024-04-04,2024,3,IS,20156.5,20229.75,20235.5,20136.0,99.5,120,73.125,expansion↑,consolidation,high,high,high,False,False,False,False,,True,True,0.8869346733668342,True
2024-04-05,2024,4,IS,19833.25,19838.5,19884.0,19745.25,138.75,120,75.875,consolidation,expansion↑,high,high,high,False,True,False,False,,False,True,1.9045045045045046,False
2024-04-08,2024,0,IS,20007.0,20051.5,20061.25,19975.75,85.5,120,81.875,expansion↑,consolidation,low,low,low,False,False,False,False,,True,True,1.6198830409356726,False
2024-04-09,2024,1,IS,19978.0,20055.75,20065.25,19977.75,87.5,120,81.375,expansion↑,expansion↑,high,high,high,False,False,False,False,,True,True,2.7914285714285714,False
2024-04-10,2024,2,IS,20062.75,19800.75,20168.0,19747.25,420.75,120,81.375,expansion↓,expansion↑,neither,neither,neither,False,True,False,False,,False,True,0.30005941770647654,True
2024-04-11,2024,3,IS,19859.0,19939.5,19957.25,19781.75,175.5,120,81.375,consolidation,expansion↓,high,high,high,False,False,False,False,,True,True,0.8717948717948718,True
2024-04-12,2024,4,IS,20077.5,20012.0,20123.25,20006.0,117.25,120,86.0,expansion↓,consolidation,low,low,low,False,False,False,False,,True,True,1.279317697228145,False
2024-04-15,2024,0,IS,19970.0,20024.75,20041.5,19958.0,83.5,120,87.0,consolidation,expansion↓,low,low,low,False,False,False,False,,True,True,2.161676646706587,False
2024-04-16,2024,1,IS,19552.5,19587.25,19612.25,19545.5,66.75,120,87.0,consolidation,consolidation,low,low,low,False,False,False,False,,True,True,1.7153558052434457,False
2024-04-17,2024,2,IS,19615.5,19623.0,19633.0,19586.75,46.25,120,86.0,consolidation,consolidation,high,high,high,False,False,False,False,,True,True,5.043243243243243,False
2024-04-18,2024,3,IS,19401.75,19374.75,19418.25,19357.25,61.0,120,84.5,consolidation,consolidation,low,low,low,False,False,False,False,,True,True,3.180327868852459,False
2024-04-19,2024,4,IS,19138.0,19211.5,19247.0,19124.25,122.75,120,84.5,expansion↑,consolidation,low,low,low,False,False,False,False,,True,True,1.8615071283095723,False
2024-04-22,2024,0,IS,18973.75,18989.5,18997.5,18940.0,57.5,120,86.0,consolidation,expansion↑,high,high,high,False,False,False,False,,True,True,3.1826086956521737,False
2024-04-23,2024,1,IS,19104.25,19115.75,19123.5,19053.75,69.75,120,84.5,consolidation,consolidation,high,high,high,False,False,False,False,,True,True,2.7777777777777777,False
2024-04-24,2024,2,IS,19389.25,19399.0,19448.5,19386.25,62.25,120,84.5,consolidation,consolidation,high,high,high,False,False,False,False,,True,True,3.0963855421686746,False
2024-04-25,2024,3,IS,19177.0,19073.75,19209.25,19062.0,147.25,120,84.5,expansion↓,consolidation,low,low,low,False,False,False,False,,True,True,0.9422750424448217,True
2024-04-26,2024,4,IS,19421.25,19421.25,19512.25,19387.0,125.25,120,86.0,consolidation,expansion↓,low,low,low,False,False,False,False,,True,True,1.7405189620758483,False
2024-04-29,2024,0,IS,19592.0,19616.0,19622.75,19577.0,45.75,120,87.0,consolidation,consolidation,high,high,high,False,False,False,False,,True,True,2.601092896174863,False
2024-04-30,2024,1,IS,19584.75,19520.75,19588.25,19484.25,104.0,120,86.5,expansion↓,consolidation,high,neither,high,False,False,False,False,,True,True,1.5697115384615385,False
2024-05-01,2024,2,IS,19153.5,19191.75,19209.5,19131.75,77.75,120,86.5,consolidation,expansion↓,high,high,high,False,True,False,False,,False,True,1.3536977491961415,False
2024-05-02,2024,3,IS,19289.25,19270.5,19313.5,19252.0,61.5,120,86.5,consolidation,consolidation,low,low,low,False,False,False,False,,True,True,3.516260162601626,False
2024-05-03,2024,4,IS,19447.25,19618.0,19656.0,19434.0,222.0,120,84.5,expansion↑,consolidation,high,high,high,False,True,False,False,,False,True,0.704954954954955,True
2024-05-06,2024,0,IS,19746.0,19753.0,19766.5,19730.5,36.0,120,84.5,compression,expansion↑,high,high,high,False,False,False,False,,True,True,2.1875,False
2024-05-07,2024,1,IS,19874.75,19886.0,19889.75,19844.75,45.0,120,80.625,consolidation,compression,high,high,high,False,False,False,False,,True,True,1.8222222222222222,False
2024-05-08,2024,2,IS,19876.0,19786.0,19878.75,19766.25,112.5,120,73.75,expansion↓,consolidation,high,neither,high,False,False,False,False,,True,True,1.4555555555555555,False
2024-05-09,2024,3,IS,19828.75,19884.5,19894.25,19819.5,74.75,120,73.75,expansion↑,expansion↓,high,high,high,False,False,False,False,,True,True,1.7190635451505016,False
2024-05-10,2024,4,IS,19984.25,19946.5,19995.75,19943.5,52.25,120,72.25,consolidation,expansion↑,high,high,high,False,False,False,False,,True,True,3.0526315789473686,False
2024-05-13,2024,0,IS,19997.75,20019.0,20022.5,19990.75,31.75,120,68.25,compression,consolidation,high,high,high,False,False,False,False,,True,True,2.645669291338583,False
2024-05-14,2024,1,IS,19996.25,19955.5,19997.75,19859.25,138.5,120,64.5,consolidation,compression,high,high,high,False,False,False,False,,True,True,0.759927797833935,True
2024-05-15,2024,2,IS,20099.5,20203.25,20241.5,20087.25,154.25,120,66.0,expansion↑,consolidation,high,neither,high,False,True,False,False,,False,True,1.0259319286871962,False
2024-05-16,2024,3,IS,20413.25,20388.5,20428.75,20380.25,48.5,120,72.25,consolidation,expansion↑,low,low,low,False,False,False,False,,True,True,1.8298969072164948,False
2024-05-17,2024,4,IS,20360.75,20378.0,20380.5,20348.75,31.75,120,72.25,compression,consolidation,low,low,low,False,False,False,False,,True,True,1.779527559055118,False
2024-05-20,2024,0,IS,20370.75,20342.5,20383.25,20337.0,46.25,120,66.0,consolidation,compression,low,low,low,False,False,False,False,,True,True,2.9567567567567568,False
2024-05-21,2024,1,IS,20446.75,20411.25,20453.75,20409.25,44.5,120,66.0,consolidation,consolidation,low,low,low,False,False,False,False,,True,True,1.9213483146067416,False
2024-05-22,2024,2,IS,20469.0,20496.75,20505.25,20468.5,36.75,120,61.875,consolidation,consolidation,high,high,high,False,False,False,False,,True,True,1.3605442176870748,False
2024-05-23,2024,3,IS,20662.25,20698.75,20717.0,20658.5,58.5,120,56.875,expansion↑,consolidation,low,low,low,False,False,False,False,,True,True,3.0854700854700856,False
2024-05-24,2024,4,IS,20440.0,20446.75,20466.5,20417.25,49.25,120,55.375,consolidation,expansion↑,high,high,high,False,False,False,False,,True,True,3.786802030456853,False
2024-05-27,2024,0,IS,20567.75,20563.0,20577.0,20562.75,14.25,120,50.75,compression,consolidation,,,,False,False,True,False,holiday,False,False,,
2024-05-28,2024,1,IS,20613.25,20610.25,20627.5,20593.0,34.5,120,50.75,consolidation,compression,high,high,high,False,False,False,False,,True,True,2.9130434782608696,False
2024-05-29,2024,2,IS,20503.25,20474.0,20529.0,20466.5,62.5,120,48.875,consolidation,consolidation,low,low,low,False,False,False,False,,True,True,1.9,False
2024-05-30,2024,3,IS,20449.75,20458.75,20480.75,20432.25,48.5,120,48.875,consolidation,consolidation,low,low,low,False,False,False,False,,True,True,3.0051546391752577,False
2024-05-31,2024,4,IS,20215.25,20340.75,20362.0,20208.25,153.75,120,48.5,expansion↑,consolidation,low,neither,low,False,False,False,False,,True,True,2.1902439024390246,False
2024-06-03,2024,0,IS,20356.5,20378.5,20396.5,20353.0,43.5,120,48.5,consolidation,expansion↑,high,high,high,False,False,False,False,,True,True,4.396551724137931,False
2024-06-04,2024,1,IS,20249.75,20302.75,20307.75,20249.25,58.5,120,48.5,expansion↑,consolidation,high,high,high,False,False,False,False,,True,True,1.6452991452991452,False
2024-06-05,2024,2,IS,20472.5,20519.5,20522.0,20458.5,63.5,120,48.875,expansion↑,expansion↑,high,high,high,False,False,False,False,,True,True,2.9448818897637796,False
2024-06-06,2024,3,IS,20784.25,20787.0,20818.25,20750.75,67.5,120,48.875,consolidation,expansion↑,low,low,low,False,False,False,False,,True,True,1.237037037037037,False
2024-06-07,2024,4,IS,20763.0,20676.75,20840.5,20633.75,206.75,120,48.875,consolidation,consolidation,neither,neither,neither,False,True,False,False,,False,True,0.6045949214026602,True
2024-06-10,2024,0,IS,20709.25,20687.0,20733.25,20682.0,51.25,120,48.875,consolidation,consolidation,low,low,low,False,False,False,False,,True,True,2.648780487804878,False
2024-06-11,2024,1,IS,20753.75,20751.0,20761.75,20723.25,38.5,120,50.25,consolidation,consolidation,high,high,high,False,False,False,False,,True,True,3.7012987012987013,False
2024-06-12,2024,2,IS,20961.75,21115.75,21152.5,20955.75,196.75,120,48.875,expansion↑,consolidation,high,high,high,False,True,False,False,,False,True,0.8742058449809402,True
2024-06-13,2024,3,IS,21310.0,21323.0,21384.75,21299.5,85.25,120,48.875,consolidation,expansion↑,low,neither,low,False,False,False,False,,True,True,1.5102639296187683,False
2024-06-14,2024,4,IS,21233.25,21255.0,21270.75,21195.25,75.5,120,50.25,consolidation,consolidation,high,high,high,False,False,False,False,,True,True,1.2086092715231789,False
2024-06-17,2024,0,IS,21402.25,21390.5,21421.0,21377.75,43.25,120,54.875,consolidation,consolidation,low,low,low,False,False,False,False,,True,True,2.76878612716763,False
2024-06-18,2024,1,IS,21659.5,21643.5,21703.5,21625.25,78.25,120,54.875,consolidation,consolidation,low,low,low,False,False,False,False,,True,True,1.1757188498402555,False
2024-06-19,2024,2,IS,21675.5,21675.0,21680.75,21664.25,16.5,120,58.5,compression,consolidation,,,,False,False,True,False,holiday,False,False,,
2024-06-20,2024,3,IS,21752.5,21700.5,21763.0,21691.5,71.5,120,58.5,expansion↓,compression,low,low,low,False,False,False,False,,True,True,2.0244755244755246,False
2024-06-21,2024,4,IS,21450.25,21465.0,21476.25,21411.5,64.75,120,60.5,consolidation,expansion↓,low,low,low,False,False,False,False,,True,True,2.3745173745173744,False
2024-06-24,2024,0,IS,21400.5,21367.0,21416.75,21356.0,60.75,120,63.0,consolidation,consolidation,low,low,low,False,False,False,False,,True,True,2.8683127572016462,False
2024-06-25,2024,1,IS,21268.25,21264.5,21284.0,21238.0,46.0,120,63.0,consolidation,consolidation,low,low,low,False,False,False,False,,True,True,3.6630434782608696,False
2024-06-26,2024,2,IS,21430.5,21368.0,21442.5,21363.25,79.25,120,63.0,expansion↓,consolidation,low,low,low,False,False,False,False,,True,True,1.4637223974763407,False
2024-06-27,2024,3,IS,21417.25,21437.0,21438.75,21386.0,52.75,120,64.125,consolidation,expansion↓,high,high,high,False,False,False,False,,True,True,3.085308056872038,False
2024-06-28,2024,4,IS,21559.25,21515.25,21611.0,21511.0,100.0,120,64.125,consolidation,consolidation,low,low,low,False,False,False,False,,True,True,2.34,False
2024-07-01,2024,0,IS,21386.5,21412.0,21423.75,21384.0,39.75,120,64.125,consolidation,consolidation,low,low,low,False,False,False,False,,True,True,4.377358490566038,False
2024-07-02,2024,1,IS,21396.5,21379.0,21397.5,21343.0,54.5,120,64.125,consolidation,consolidation,high,high,high,False,False,False,False,,True,True,3.293577981651376,False
2024-07-03,2024,2,IS,21690.0,21652.0,21696.75,21638.0,58.75,120,64.125,consolidation,consolidation,high,high,high,False,False,False,True,,True,True,2.8340425531914892,False
2024-07-04,2024,3,IS,21836.25,21839.5,21841.5,21834.75,6.75,120,62.75,compression,consolidation,,,,False,False,True,False,holiday,False,False,,
2024-07-05,2024,4,IS,21874.5,21858.75,21929.0,21806.0,123.0,120,59.75,consolidation,compression,high,high,high,False,True,False,False,,False,True,1.4532520325203253,False
2024-07-08,2024,0,IS,22043.0,22061.75,22070.5,22038.0,32.5,120,59.75,consolidation,consolidation,high,high,high,False,False,False,False,,True,True,2.546153846153846,False
2024-07-09,2024,1,IS,22172.25,22154.5,22178.25,22136.25,42.0,120,59.75,consolidation,consolidation,high,high,high,False,False,False,False,,True,True,2.4166666666666665,False
2024-07-10,2024,2,IS,22169.75,22187.0,22200.25,22163.25,37.0,120,59.75,consolidation,consolidation,high,high,high,False,False,False,False,,True,True,2.527027027027027,False
2024-07-11,2024,3,IS,22314.5,22325.25,22416.75,22298.75,118.0,120,56.625,consolidation,consolidation,low,low,low,False,True,False,False,,False,True,3.614406779661017,False
2024-07-12,2024,4,IS,21861.5,21872.25,21901.5,21768.0,133.5,120,56.625,consolidation,consolidation,high,high,high,False,False,False,False,,True,True,1.8089887640449438,False
2024-07-15,2024,0,IS,22060.75,22035.0,22085.5,22026.75,58.75,120,56.625,consolidation,consolidation,high,high,high,False,False,False,False,,True,True,3.6638297872340426,False
2024-07-16,2024,1,IS,22053.0,22070.75,22086.5,22008.0,78.5,120,58.75,consolidation,consolidation,high,high,high,False,False,False,False,,True,True,2.535031847133758,False
2024-07-17,2024,2,IS,21767.5,21713.5,21782.5,21692.75,89.75,120,58.75,expansion↓,consolidation,low,low,low,False,False,False,False,,True,True,2.5459610027855155,False
2024-07-18,2024,3,IS,21506.5,21578.0,21581.0,21491.75,89.25,120,59.75,expansion↑,expansion↓,high,high,high,False,False,False,False,,True,True,4.081232492997199,False
2024-07-19,2024,4,IS,21302.5,21372.5,21377.5,21296.5,81.0,120,59.75,expansion↑,expansion↑,low,low,low,False,False,False,False,,True,True,3.3641975308641974,False
2024-07-22,2024,0,IS,21323.0,21345.75,21364.0,21299.25,64.75,120,59.75,consolidation,expansion↑,high,high,high,False,False,False,False,,True,True,3.3513513513513513,False
2024-07-23,2024,1,IS,21406.25,21401.75,21448.5,21356.75,91.75,120,61.75,consolidation,consolidation,high,high,high,False,False,False,False,,True,True,1.7138964577656677,False
2024-07-24,2024,2,IS,21149.5,21066.25,21163.5,21040.5,123.0,120,71.625,expansion↓,consolidation,low,low,low,False,False,False,False,,True,True,2.410569105691057,False
2024-07-25,2024,3,IS,20592.5,20666.75,20667.75,20513.0,154.75,120,71.625,consolidation,expansion↓,low,low,low,False,False,False,False,,True,True,2.5638126009693054,False
2024-07-26,2024,4,IS,20601.25,20610.75,20669.5,20587.5,82.0,120,79.75,consolidation,consolidation,low,low,low,False,False,False,False,,True,True,1.8780487804878048,False
2024-07-29,2024,0,IS,20716.25,20742.75,20795.0,20711.0,84.0,120,79.75,consolidation,consolidation,low,low,low,False,False,False,False,,True,True,3.142857142857143,False
2024-07-30,2024,1,IS,20686.0,20701.25,20713.0,20678.0,35.0,120,81.5,compression,consolidation,high,high,high,False,False,False,False,,True,True,11.25,False
2024-07-31,2024,2,IS,20675.25,20780.25,20787.75,20647.0,140.75,120,81.5,expansion↑,compression,high,high,high,False,True,False,False,,False,True,1.458259325044405,False
2024-08-01,2024,3,IS,21025.25,21029.5,21080.25,21000.0,80.25,120,83.0,consolidation,expansion↑,low,low,low,False,False,False,False,,True,True,6.67601246105919,False
2024-08-02,2024,4,IS,20146.25,20017.75,20194.5,19941.5,253.0,120,83.0,expansion↓,consolidation,low,neither,low,False,True,False,False,,False,True,1.483201581027668,False
2024-08-05,2024,0,IS,19207.75,18968.0,19253.75,18795.5,458.25,120,83.0,expansion↓,expansion↓,high,high,high,False,False,False,False,,True,True,1.4839061647572287,False
2024-08-06,2024,1,IS,19603.75,19516.0,19686.75,19485.5,201.25,120,86.625,consolidation,expansion↓,low,low,low,False,False,False,False,,True,True,1.906832298136646,False
2024-08-07,2024,2,IS,19870.0,19865.0,19894.75,19811.0,83.75,120,89.5,consolidation,consolidation,high,high,high,False,False,False,False,,True,True,2.5940298507462685,False
2024-08-08,2024,3,IS,19404.0,19589.0,19637.0,19369.25,267.75,120,89.5,expansion↑,consolidation,high,high,high,False,False,False,False,,True,True,1.395891690009337,False
2024-08-09,2024,4,IS,20005.25,19856.5,20031.25,19816.0,215.25,120,89.5,expansion↓,expansion↑,neither,neither,neither,False,False,False,False,,True,True,0.8095238095238095,True
2024-08-12,2024,0,IS,20096.25,20093.0,20126.5,20073.25,53.25,120,89.5,consolidation,expansion↓,low,low,low,False,False,False,False,,True,True,4.539906103286385,False
2024-08-13,2024,1,IS,20091.0,20248.0,20258.0,20081.5,176.5,120,89.5,expansion↑,consolidation,high,high,high,False,False,False,False,,True,True,1.0269121813031161,False
2024-08-14,2024,2,IS,20541.25,20563.25,20596.5,20433.0,163.5,120,90.75,consolidation,expansion↑,high,high,high,False,True,False,False,,False,True,1.7003058103975535,False
2024-08-15,2024,3,IS,20545.5,20768.25,20804.5,20537.75,266.75,120,107.375,expansion↑,consolidation,high,high,high,False,False,False,False,,True,True,0.7900656044985942,True
2024-08-16,2024,4,IS,21027.75,20912.25,21033.5,20880.5,153.0,120,131.875,expansion↓,expansion↑,neither,neither,neither,False,False,False,False,,True,True,0.8415032679738562,True
2024-08-19,2024,0,IS,21012.0,21055.0,21068.75,21011.0,57.75,120,146.875,compression,expansion↓,low,low,low,False,False,False,False,,True,True,2.6147186147186146,False
2024-08-20,2024,1,IS,21311.0,21281.25,21323.0,21274.5,48.5,120,146.875,compression,compression,low,low,low,False,False,False,False,,True,True,3.752577319587629,False
2024-08-21,2024,2,IS,21273.75,21272.25,21296.75,21256.0,40.75,120,146.875,compression,compression,low,low,low,False,False,False,False,,True,True,4.398773006134969,False
2024-08-22,2024,3,IS,21389.0,21417.25,21427.5,21370.0,57.5,120,146.875,compression,compression,high,high,high,False,False,False,False,,True,True,6.282608695652174,False
2024-08-23,2024,4,IS,21173.75,21190.25,21193.25,21152.5,40.75,120,112.375,compression,compression,high,high,high,False,False,False,False,,True,True,6.914110429447852,False
2024-08-26,2024,0,IS,21241.75,21207.75,21250.5,21178.0,72.5,120,112.375,consolidation,compression,low,low,low,False,False,False,False,,True,True,4.082758620689655,False
2024-08-27,2024,1,IS,21009.5,20946.25,21047.5,20935.5,112.0,120,112.25,consolidation,consolidation,low,low,low,False,False,False,False,,True,True,2.2566964285714284,False
2024-08-28,2024,2,IS,21095.75,21075.25,21100.5,21038.25,62.25,120,126.375,compression,consolidation,low,low,low,False,False,False,False,,True,True,5.096385542168675,False
2024-08-29,2024,3,IS,20881.25,20901.5,20946.5,20851.5,95.0,120,97.875,consolidation,compression,high,high,high,False,False,False,False,,True,True,2.2657894736842104,False
2024-08-30,2024,4,IS,20979.25,20959.25,21006.0,20941.5,64.5,120,103.5,consolidation,consolidation,high,high,high,False,False,False,False,,True,True,3.3255813953488373,False
2024-09-02,2024,0,IS,21029.25,21040.75,21057.0,21017.5,39.5,120,89.375,compression,consolidation,,,,False,False,True,False,holiday,False,False,,
2024-09-03,2024,1,IS,20933.0,20912.0,20955.25,20890.75,64.5,120,78.125,consolidation,compression,low,low,low,False,False,False,False,,True,True,5.275193798449612,False
2024-09-04,2024,2,IS,20294.5,20343.75,20350.5,20277.25,73.25,120,68.5,expansion↑,consolidation,high,high,high,False,False,False,False,,True,True,3.7747440273037545,False
2024-09-05,2024,3,IS,20380.0,20322.75,20400.0,20260.25,139.75,120,68.5,consolidation,expansion↑,high,high,high,False,False,False,False,,True,True,2.2075134168157424,False
2024-09-06,2024,4,IS,20171.75,20368.25,20391.25,20153.0,238.25,120,68.5,expansion↑,consolidation,high,high,high,False,True,False,False,,False,True,2.1888772298006294,False
2024-09-09,2024,0,IS,20040.0,20037.75,20072.0,19998.5,73.5,120,68.5,consolidation,expansion↑,high,high,high,False,False,False,False,,True,True,3.0408163265306123,False
2024-09-10,2024,1,IS,20083.25,20191.75,20202.5,20083.0,119.5,120,72.875,expansion↑,consolidation,high,high,high,False,False,False,False,,True,True,1.6715481171548117,False
2024-09-11,2024,2,IS,20236.5,20293.5,20308.25,20163.5,144.75,120,72.875,consolidation,expansion↑,high,high,high,False,True,False,False,,False,True,2.483592400690846,False
2024-09-12,2024,3,IS,20720.75,20692.0,20762.5,20681.5,81.0,120,72.875,consolidation,consolidation,low,low,low,False,False,False,False,,True,True,2.515432098765432,False
2024-09-13,2024,4,IS,20902.75,20881.5,20903.75,20845.75,58.0,120,72.875,consolidation,consolidation,low,low,low,False,False,False,False,,True,True,2.5129310344827585,False
2024-09-16,2024,0,IS,20929.75,20871.0,20931.5,20860.75,70.75,120,68.5,expansion↓,consolidation,low,low,low,False,False,False,False,,True,True,2.381625441696113,False
2024-09-17,2024,1,IS,20951.25,20993.5,21017.5,20938.0,79.5,120,71.625,expansion↑,expansion↓,high,high,high,False,False,False,False,,True,True,1.7767295597484276,False
2024-09-18,2024,2,IS,20910.75,20925.25,20930.75,20869.5,61.25,120,72.875,consolidation,expansion↑,high,high,high,False,True,False,False,,False,True,2.453061224489796,False
2024-09-19,2024,3,IS,21193.5,21199.5,21217.0,21176.0,41.0,120,72.875,consolidation,consolidation,high,high,high,False,False,False,False,,True,True,4.7439024390243905,False
2024-09-20,2024,4,IS,21190.25,21262.0,21273.0,21180.25,92.75,120,72.875,expansion↑,consolidation,high,high,high,False,False,False,False,,True,True,2.398921832884097,False
2024-09-23,2024,0,IS,21269.5,21285.5,21295.25,21242.5,52.75,120,73.375,consolidation,expansion↑,low,low,low,False,False,False,False,,True,True,1.8104265402843602,False
2024-09-24,2024,1,IS,21314.25,21311.25,21324.75,21248.75,76.0,120,73.375,consolidation,consolidation,high,high,high,False,False,False,False,,True,True,3.4440789473684212,False
2024-09-25,2024,2,IS,21329.5,21347.25,21356.0,21319.0,37.0,120,73.375,consolidation,consolidation,high,high,high,False,False,False,False,,True,True,3.5945945945945947,False
2024-09-26,2024,3,IS,21695.5,21715.0,21720.5,21660.5,60.0,120,73.375,consolidation,consolidation,low,low,low,False,False,False,False,,True,True,5.491666666666666,False
2024-09-27,2024,4,IS,21490.75,21574.75,21593.75,21490.5,103.25,120,72.0,expansion↑,consolidation,low,neither,low,False,False,False,False,,True,True,1.4673123486682809,False
2024-09-30,2024,0,IS,21394.0,21367.75,21396.5,21317.5,79.0,120,73.375,consolidation,expansion↑,high,high,high,False,False,False,False,,True,True,1.7088607594936709,False
2024-10-01,2024,1,IS,21512.25,21474.0,21522.75,21451.0,71.75,120,74.75,consolidation,consolidation,low,low,low,False,False,False,False,,True,True,6.2439024390243905,False
2024-10-02,2024,2,IS,21157.5,21178.5,21208.75,21122.25,86.5,120,74.75,consolidation,consolidation,low,low,low,False,False,False,False,,True,True,2.968208092485549,False
2024-10-03,2024,3,IS,21144.5,21119.5,21193.0,21116.0,77.0,120,77.5,consolidation,consolidation,low,low,low,False,False,False,False,,True,True,2.844155844155844,False
2024-10-04,2024,4,IS,21249.25,21443.0,21444.0,21241.25,202.75,120,76.5,expansion↑,consolidation,low,neither,low,False,True,False,False,,False,True,1.1134401972872996,False
2024-10-07,2024,0,IS,21299.0,21323.5,21340.75,21278.0,62.75,120,76.5,consolidation,expansion↑,high,high,high,False,False,False,False,,True,True,1.5737051792828685,False
2024-10-08,2024,1,IS,21286.75,21263.0,21302.0,21255.75,46.25,120,76.5,consolidation,consolidation,high,high,high,False,False,False,False,,True,True,4.410810810810811,False
2024-10-09,2024,2,IS,21478.5,21469.5,21489.5,21447.25,42.25,120,73.875,consolidation,consolidation,low,low,low,False,False,False,False,,True,True,4.964497041420119,False
2024-10-10,2024,3,IS,21607.0,21559.5,21676.5,21520.25,156.25,120,71.25,consolidation,consolidation,low,low,low,False,True,False,False,,False,True,1.1264,False
2024-10-11,2024,4,IS,21579.5,21567.0,21614.25,21553.0,61.25,120,71.25,consolidation,consolidation,low,low,low,False,False,False,False,,True,True,2.7183673469387757,False
2024-10-14,2024,0,IS,21709.0,21737.0,21739.0,21695.75,43.25,120,71.25,consolidation,consolidation,high,high,high,False,False,False,False,,True,True,3.5838150289017343,False
2024-10-15,2024,1,IS,21806.5,21822.25,21828.75,21792.0,36.75,120,67.25,consolidation,consolidation,high,high,high,False,False,False,False,,True,True,8.92517006802721,False
2024-10-16,2024,2,IS,21563.5,21548.75,21584.0,21539.25,44.75,120,62.0,consolidation,consolidation,low,low,low,False,False,False,False,,True,True,3.374301675977654,False
2024-10-17,2024,3,IS,21726.5,21756.75,21758.75,21703.0,55.75,120,62.0,consolidation,consolidation,high,high,high,False,False,False,False,,True,True,3.757847533632287,False
2024-10-18,2024,4,IS,21646.0,21676.5,21683.75,21634.75,49.0,120,62.0,consolidation,consolidation,low,low,low,False,False,False,False,,True,True,1.9744897959183674,False
2024-10-21,2024,0,IS,21569.5,21599.5,21606.5,21541.75,64.75,120,60.625,consolidation,consolidation,high,high,high,False,False,False,False,,True,True,3.2355212355212357,False
2024-10-22,2024,1,IS,21595.25,21592.25,21643.0,21558.25,84.75,120,62.0,consolidation,consolidation,high,high,high,False,False,False,False,,True,True,1.775811209439528,False
2024-10-23,2024,2,IS,21655.0,21652.75,21692.5,21641.5,51.0,120,62.0,consolidation,consolidation,low,low,low,False,False,False,False,,True,True,3.1323529411764706,False
2024-10-24,2024,3,IS,21576.75,21580.75,21626.5,21568.25,58.25,120,62.0,consolidation,consolidation,low,low,low,False,False,False,False,,True,True,1.9656652360515021,False
2024-10-25,2024,4,IS,21627.5,21689.75,21692.0,21608.0,84.0,120,62.0,expansion↑,consolidation,high,high,high,False,False,False,False,,True,True,2.5833333333333335,False
2024-10-28,2024,0,IS,21830.5,21857.5,21858.5,21778.75,79.75,120,62.0,consolidation,expansion↑,low,low,low,False,False,False,False,,True,True,1.3322884012539185,False
2024-10-29,2024,1,IS,21711.25,21686.0,21715.25,21659.0,56.25,120,62.0,consolidation,consolidation,high,high,high,False,False,False,False,,True,True,3.431111111111111,False
2024-10-30,2024,2,IS,21932.5,21886.25,21952.5,21872.0,80.5,120,59.75,expansion↓,consolidation,low,low,low,False,False,False,False,,True,True,1.9472049689440993,False
2024-10-31,2024,3,IS,21539.0,21580.75,21615.0,21538.75,76.25,120,59.75,expansion↑,expansion↓,low,low,low,False,False,False,False,,True,True,4.537704918032787,False
2024-11-01,2024,4,IS,21310.0,21311.5,21344.5,21275.0,69.5,120,59.75,consolidation,expansion↑,low,low,low,False,True,False,False,,False,True,3.316546762589928,False
2024-11-04,2024,0,IS,21379.5,21345.0,21392.25,21298.75,93.5,120,59.75,consolidation,consolidation,low,low,low,False,False,False,False,,True,True,2.286096256684492,False
2024-11-05,2024,1,IS,21352.0,21323.5,21366.0,21322.0,44.0,120,59.75,consolidation,consolidation,high,high,high,False,False,False,False,,True,True,4.5625,False
2024-11-06,2024,2,IS,21806.5,21885.0,21916.5,21797.25,119.25,120,59.75,expansion↑,consolidation,high,high,high,False,False,False,False,,True,True,1.4926624737945493,False
2024-11-07,2024,3,IS,22141.25,22184.5,22197.25,22139.0,58.25,120,63.0,consolidation,expansion↑,high,high,high,False,True,False,False,,False,True,3.347639484978541,False
2024-11-08,2024,4,IS,22360.25,22360.0,22393.0,22355.0,38.0,120,59.75,consolidation,consolidation,high,high,high,False,False,False,False,,True,True,1.980263157894737,False
2024-11-11,2024,0,IS,22484.25,22498.5,22538.75,22483.25,55.5,120,58.25,consolidation,consolidation,low,low,low,False,False,False,False,,True,True,2.4774774774774775,False
2024-11-12,2024,1,IS,22375.75,22419.5,22431.0,22374.25,56.75,120,58.25,consolidation,consolidation,high,high,high,False,False,False,False,,True,True,1.9030837004405285,False
2024-11-13,2024,2,IS,22324.75,22371.5,22441.5,22312.25,129.25,120,58.25,consolidation,consolidation,low,neither,low,False,True,False,False,,False,True,0.9903288201160542,True
2024-11-14,2024,3,IS,22375.5,22332.0,22381.0,22310.75,70.25,120,61.5,expansion↓,consolidation,low,low,low,False,False,False,False,,True,True,1.9110320284697508,False
2024-11-15,2024,4,IS,22041.75,22009.5,22065.0,21998.0,67.0,120,67.125,consolidation,expansion↓,low,low,low,False,False,False,False,,True,True,4.369402985074627,False
2024-11-18,2024,0,IS,21770.25,21753.5,21781.5,21679.5,102.0,120,68.25,consolidation,consolidation,high,neither,high,False,False,False,False,,True,True,2.1887254901960786,False
2024-11-19,2024,1,IS,21779.0,21620.25,21821.5,21613.75,207.75,120,69.875,expansion↓,consolidation,high,neither,high,False,False,False,False,,True,True,0.927797833935018,True
2024-11-20,2024,2,IS,21991.75,21991.0,22028.0,21983.25,44.75,120,69.875,consolidation,expansion↓,low,low,low,False,False,False,False,,True,True,6.23463687150838,False
2024-11-21,2024,3,IS,21929.75,22042.5,22070.75,21921.25,149.5,120,69.875,expansion↑,consolidation,high,high,high,False,False,False,False,,True,True,2.6187290969899664,False
2024-11-22,2024,4,IS,21968.25,21981.75,22013.75,21966.0,47.75,120,73.25,consolidation,expansion↑,high,high,high,False,False,False,False,,True,True,3.157068062827225,False
2024-11-25,2024,0,IS,22162.75,22197.0,22225.0,22141.0,84.0,120,69.875,consolidation,consolidation,high,high,high,False,False,False,False,,True,True,2.5208333333333335,False
2024-11-26,2024,1,IS,22136.75,22140.5,22153.0,22117.75,35.25,120,69.875,consolidation,consolidation,high,high,high,False,False,False,False,,True,True,2.9858156028368796,False
2024-11-27,2024,2,IS,22128.5,22151.5,22168.75,22114.5,54.25,120,69.875,consolidation,consolidation,low,low,low,False,False,False,False,,True,True,4.511520737327189,False
2024-11-28,2024,3,IS,22059.75,22069.0,22076.0,22056.0,20.0,120,68.25,compression,consolidation,,,,False,False,True,False,holiday,False,False,,
2024-11-29,2024,4,IS,22082.25,22026.5,22084.75,22010.25,74.5,120,62.625,expansion↓,compression,low,low,low,False,False,False,True,,True,True,2.697986577181208,False
2024-12-02,2024,0,IS,22166.5,22224.5,22234.75,22163.5,71.25,120,62.625,expansion↑,expansion↓,high,high,high,False,False,False,False,,True,True,2.9789473684210526,False
2024-12-03,2024,1,IS,22405.25,22394.0,22424.0,22385.25,38.75,120,62.625,consolidation,expansion↑,low,low,low,False,False,False,False,,True,True,3.3161290322580643,False
2024-12-04,2024,2,IS,22616.25,22646.25,22647.5,22605.75,41.75,120,62.625,consolidation,consolidation,low,low,low,False,False,False,False,,True,True,2.5988023952095807,False
2024-12-05,2024,3,IS,22715.5,22724.5,22735.75,22704.0,31.75,120,57.5,consolidation,consolidation,high,high,high,False,False,False,False,,True,True,2.0078740157480315,False
2024-12-06,2024,4,IS,22659.25,22689.0,22727.75,22638.25,89.5,120,56.125,consolidation,consolidation,high,high,high,False,True,False,False,,False,True,1.7793296089385475,False
2024-12-09,2024,0,IS,22813.75,22817.75,22829.0,22806.0,23.0,120,61.875,compression,consolidation,low,low,low,False,False,False,False,,True,True,9.25,False
2024-12-10,2024,1,IS,22709.0,22699.75,22736.0,22693.75,42.25,120,61.875,consolidation,compression,high,high,high,False,False,False,False,,True,True,3.7337278106508878,False
2024-12-11,2024,2,IS,22640.5,22727.0,22734.0,22629.5,104.5,120,60.625,expansion↑,consolidation,high,high,high,False,True,False,False,,False,True,1.8851674641148326,False
2024-12-12,2024,3,IS,22922.5,22882.0,22932.75,22846.75,86.0,120,60.625,consolidation,expansion↑,low,neither,low,False,False,False,False,,True,True,1.3372093023255813,False
2024-12-13,2024,4,IS,22985.75,23019.25,23041.75,22979.25,62.5,120,60.625,expansion↑,consolidation,high,high,high,False,False,False,False,,True,True,3.864,False
2024-12-16,2024,0,IS,23072.5,23118.5,23121.25,23067.75,53.5,120,58.375,consolidation,expansion↑,high,high,high,False,False,False,False,,True,True,2.985981308411215,False
2024-12-17,2024,1,IS,23301.75,23264.75,23310.5,23235.5,75.0,120,53.875,consolidation,consolidation,low,low,low,False,False,False,False,,True,True,1.89,False
2024-12-18,2024,2,IS,23282.0,23199.75,23299.75,23197.0,102.75,120,53.875,expansion↓,consolidation,low,low,low,False,True,False,False,,False,True,1.367396593673966,False
2024-12-19,2024,3,IS,22486.75,22536.25,22592.75,22479.0,113.75,120,58.375,consolidation,expansion↓,high,high,high,False,False,False,False,,True,True,2.0813186813186815,False
2024-12-20,2024,4,IS,21999.5,22129.75,22145.25,21918.5,226.75,120,58.375,expansion↑,consolidation,high,high,high,False,False,False,False,,True,True,2.7563395810363835,False
2024-12-23,2024,0,IS,22506.25,22484.5,22584.5,22456.25,128.25,120,66.875,consolidation,expansion↑,high,high,high,False,False,False,False,,True,True,1.709551656920078,False
2024-12-24,2024,1,IS,22697.75,22738.25,22739.0,22690.75,48.25,120,66.875,consolidation,consolidation,high,high,high,False,False,False,True,,True,True,4.051813471502591,False
2024-12-26,2024,3,IS,22873.25,22863.0,22889.5,22819.5,70.0,120,66.875,consolidation,consolidation,high,high,high,False,False,False,False,,True,True,2.432142857142857,False
2024-12-27,2024,4,IS,22846.0,22806.25,22867.25,22797.25,70.0,120,70.625,consolidation,consolidation,low,low,low,False,False,False,False,,True,True,5.085714285714285,False
2024-12-30,2024,0,IS,22559.75,22290.0,22565.5,22270.5,295.0,120,70.625,expansion↓,consolidation,low,low,low,False,False,False,False,,True,True,0.7347457627118644,True
2024-12-31,2024,1,IS,22413.5,22372.75,22436.75,22348.0,88.75,120,70.625,consolidation,expansion↓,low,low,low,False,False,False,False,,True,True,2.2704225352112677,False
2025-01-02,2025,3,OOS,22379.0,22329.5,22402.5,22316.25,86.25,120,72.5,expansion↓,consolidation,low,low,low,False,False,False,False,,True,True,3.217391304347826,False
2025-01-03,2025,4,OOS,22158.5,22139.75,22185.5,22120.5,65.0,120,80.5,consolidation,expansion↓,high,high,high,False,False,False,False,,True,True,3.55,False
2025-01-06,2025,0,OOS,22642.25,22661.5,22672.5,22619.0,53.5,120,80.5,consolidation,consolidation,high,high,high,False,False,False,False,,True,True,3.2383177570093458,False
2025-01-07,2025,1,OOS,22648.5,22690.25,22691.0,22630.75,60.25,120,80.5,consolidation,consolidation,high,high,high,False,False,False,False,,True,True,6.746887966804979,False
2025-01-08,2025,2,OOS,22276.75,22289.0,22305.5,22133.5,172.0,120,72.5,consolidation,consolidation,high,neither,high,False,False,False,False,,True,True,1.0930232558139534,False
2025-01-09,2025,3,OOS,22214.75,22217.0,22246.0,22197.75,48.25,120,80.5,consolidation,consolidation,,,,False,False,False,False,no_path,False,False,,
2025-01-10,2025,4,OOS,22228.5,22028.25,22235.5,21957.0,278.5,120,80.5,expansion↓,consolidation,low,low,low,False,True,False,False,,False,True,1.1579892280071813,False
2025-01-13,2025,0,OOS,21677.0,21722.0,21758.0,21637.5,120.5,120,80.5,consolidation,expansion↓,low,low,low,False,False,False,False,,True,True,1.479253112033195,False
2025-01-14,2025,1,OOS,21954.75,21968.5,22050.5,21856.0,194.5,120,80.625,consolidation,consolidation,low,neither,low,False,False,False,False,,True,True,1.595115681233933,False
2025-01-15,2025,2,OOS,21908.75,22193.25,22241.0,21889.5,351.5,120,87.5,expansion↑,consolidation,high,high,high,False,True,False,False,,False,True,0.6294452347083926,True
2025-01-16,2025,3,OOS,22419.5,22386.5,22422.0,22332.0,90.0,120,95.75,consolidation,expansion↑,low,low,low,False,False,False,False,,True,True,2.0055555555555555,False
2025-01-17,2025,4,OOS,22240.5,22453.5,22457.5,22218.75,238.75,120,96.375,expansion↑,consolidation,high,high,high,False,False,False,False,,True,True,0.7225130890052356,True
2025-01-20,2025,0,OOS,22536.25,22600.0,22605.25,22450.0,155.25,120,101.875,consolidation,expansion↑,,,,False,False,True,False,holiday,False,False,,
2025-01-21,2025,1,OOS,22587.5,22637.25,22641.5,22555.5,86.0,120,105.25,consolidation,consolidation,low,low,low,False,False,False,False,,True,True,2.238372093023256,False
2025-01-22,2025,2,OOS,22798.75,22842.0,22846.25,22792.0,54.25,120,89.375,consolidation,consolidation,high,high,high,False,False,False,False,,True,True,3.2442396313364057,False
2025-01-23,2025,3,OOS,22810.5,22808.25,22831.5,22784.5,47.0,120,87.5,consolidation,consolidation,low,low,low,False,False,False,False,,True,True,2.24468085106383,False
2025-01-24,2025,4,OOS,22922.0,22923.0,22955.75,22908.0,47.75,120,87.5,consolidation,consolidation,high,high,high,False,False,False,False,,True,True,2.261780104712042,False
2025-01-27,2025,0,OOS,21911.0,22072.0,22086.75,21908.0,178.75,120,87.5,expansion↑,consolidation,high,high,high,False,False,False,False,,True,True,1.7314685314685314,False
2025-01-28,2025,1,OOS,22253.75,22212.75,22270.0,22169.75,100.25,120,89.375,consolidation,expansion↑,low,low,low,False,False,False,False,,True,True,3.2144638403990027,False
2025-01-29,2025,2,OOS,22593.5,22514.5,22595.5,22472.25,123.25,120,89.375,expansion↓,consolidation,low,low,low,False,True,False,False,,False,True,1.2190669371196754,False
2025-01-30,2025,3,OOS,22553.5,22580.0,22580.75,22486.25,94.5,120,95.125,consolidation,expansion↓,high,high,high,False,False,False,False,,True,True,3.484126984126984,False
2025-01-31,2025,4,OOS,22716.5,22703.5,22725.0,22667.75,57.25,120,97.375,consolidation,consolidation,high,high,high,False,False,False,False,,True,True,3.510917030567686,False
2025-02-03,2025,0,OOS,22136.75,22114.5,22159.5,22067.5,92.0,120,97.375,consolidation,consolidation,high,high,high,False,False,False,False,,True,True,3.926630434782609,False
2025-02-04,2025,1,OOS,22313.0,22346.5,22410.5,22313.0,97.5,120,97.375,consolidation,consolidation,high,high,high,False,False,False,False,,True,True,2.9615384615384617,False
2025-02-05,2025,2,OOS,22406.5,22441.25,22465.75,22383.0,82.75,120,98.875,consolidation,consolidation,high,high,high,False,False,False,False,,True,True,2.6374622356495467,False
2025-02-06,2025,3,OOS,22636.75,22688.25,22689.25,22617.75,71.5,120,96.0,consolidation,consolidation,high,high,high,False,False,False,False,,True,True,1.5454545454545454,False
2025-02-07,2025,4,OOS,22783.25,22790.25,22842.0,22702.25,139.75,120,96.0,consolidation,consolidation,high,high,high,False,True,False,False,,False,True,2.584973166368515,False
2025-02-10,2025,0,OOS,22654.0,22692.25,22697.5,22634.0,63.5,120,96.0,consolidation,consolidation,high,high,high,False,False,False,False,,True,True,2.3622047244094486,False
2025-02-11,2025,1,OOS,22675.25,22588.0,22682.0,22584.5,97.5,120,93.25,expansion↓,consolidation,high,high,high,False,False,False,False,,True,True,1.7512820512820513,False
2025-02-12,2025,2,OOS,22703.0,22456.5,22762.0,22426.25,335.75,120,93.25,expansion↓,expansion↓,neither,neither,neither,False,True,False,False,,False,True,0.7393894266567387,True
2025-02-13,2025,3,OOS,22735.5,22790.25,22812.75,22699.25,113.5,120,93.25,consolidation,expansion↓,high,high,high,False,False,False,False,,True,True,1.9647577092511013,False
2025-02-14,2025,4,OOS,22974.25,23016.5,23027.25,22968.25,59.0,120,96.0,consolidation,consolidation,high,high,high,False,False,False,False,,True,True,1.3855932203389831,False
2025-02-17,2025,0,OOS,23155.5,23166.0,23170.75,23153.5,17.25,120,93.25,compression,consolidation,,,,False,False,True,False,holiday,False,False,,
2025-02-18,2025,1,OOS,23188.75,23223.0,23225.5,23179.25,46.25,120,89.0,consolidation,compression,low,low,low,False,False,False,False,,True,True,3.091891891891892,False
2025-02-19,2025,2,OOS,23124.75,23116.75,23167.75,23091.5,76.25,120,87.375,consolidation,consolidation,low,low,low,False,False,False,False,,True,True,1.6459016393442623,False
2025-02-20,2025,3,OOS,23097.5,23115.5,23124.75,23085.5,39.25,120,87.375,compression,consolidation,high,high,high,False,False,False,False,,True,True,6.993630573248407,False
2025-02-21,2025,4,OOS,23076.5,23136.25,23157.5,23068.75,88.75,120,87.375,expansion↑,compression,low,low,low,False,False,False,False,,True,True,2.7859154929577463,False
2025-02-24,2025,0,OOS,22689.25,22711.75,22715.0,22651.5,63.5,120,90.375,consolidation,expansion↑,low,low,low,False,False,False,False,,True,True,5.755905511811024,False
2025-02-25,2025,1,OOS,22283.0,22316.0,22363.75,22274.75,89.0,120,85.75,consolidation,consolidation,low,low,low,False,False,False,False,,True,True,4.578651685393258,False
2025-02-26,2025,2,OOS,22199.5,22184.75,22244.5,22166.5,78.0,120,85.75,consolidation,consolidation,low,low,low,False,False,False,False,,True,True,2.823717948717949,False
2025-02-27,2025,3,OOS,22256.5,22219.0,22298.5,22180.75,117.75,120,80.375,consolidation,consolidation,low,low,low,False,False,False,False,,True,True,4.116772823779193,False
2025-02-28,2025,4,OOS,21574.5,21512.25,21576.75,21473.5,103.25,120,80.375,expansion↓,consolidation,low,low,low,False,False,False,False,,True,True,3.0750605326876514,False
2025-03-03,2025,0,OOS,21952.75,21977.5,22013.0,21943.25,69.75,120,85.75,consolidation,expansion↓,low,low,low,False,False,False,False,,True,True,5.17562724014337,False
2025-03-04,2025,1,OOS,21386.25,21238.25,21386.75,21174.0,212.75,120,80.375,expansion↓,consolidation,low,low,low,False,False,False,False,,True,True,1.6674500587544065,False
2025-03-05,2025,2,OOS,21404.75,21331.5,21439.5,21315.0,124.5,120,80.375,expansion↓,expansion↓,low,low,low,False,False,False,False,,True,True,2.2650602409638556,False
2025-03-06,2025,3,OOS,21335.5,21238.75,21341.75,21211.0,130.75,120,83.375,expansion↓,expansion↓,low,low,low,False,False,False,False,,True,True,2.179732313575526,False
2025-03-07,2025,4,OOS,21096.25,20978.25,21185.75,20950.0,235.75,120,88.875,expansion↓,expansion↓,low,low,low,False,True,False,False,,False,True,2.021208907741251,False
2025-03-10,2025,0,OOS,20882.75,20825.75,20932.5,20773.0,159.5,120,88.875,consolidation,expansion↓,low,low,low,False,False,False,False,,True,True,2.404388714733542,False
2025-03-11,2025,1,OOS,20445.75,20365.0,20497.0,20351.25,145.75,120,93.25,expansion↓,consolidation,low,low,low,False,False,False,False,,True,True,2.3979416809605487,False
2025-03-12,2025,2,OOS,20463.0,20634.0,20700.75,20458.75,242.0,120,96.125,expansion↑,expansion↓,low,neither,low,False,True,False,False,,False,True,1.5805785123966942,False
2025-03-13,2025,3,OOS,20487.5,20467.75,20512.0,20389.0,123.0,120,96.125,consolidation,expansion↑,low,low,low,False,False,False,False,,True,True,2.4430894308943087,False
2025-03-14,2025,4,OOS,20368.75,20408.0,20445.5,20336.0,109.5,120,96.125,consolidation,consolidation,high,high,high,False,False,False,False,,True,True,2.4315068493150687,False
2025-03-17,2025,0,OOS,20598.5,20669.0,20696.25,20575.75,120.5,120,106.375,expansion↑,consolidation,high,high,high,False,False,False,False,,True,True,1.8609958506224067,False
2025-03-18,2025,1,OOS,20690.25,20613.75,20706.25,20609.5,96.75,120,113.625,consolidation,expansion↑,low,low,low,False,False,False,False,,True,True,3.0594315245478034,False
2025-03-19,2025,2,OOS,20466.5,20469.0,20498.25,20451.0,47.25,120,113.625,compression,consolidation,high,high,high,False,True,False,False,,False,True,4.894179894179894,False
2025-03-20,2025,3,OOS,20524.0,20535.75,20570.5,20503.0,67.5,120,113.625,consolidation,compression,low,low,low,False,False,False,False,,True,True,5.17037037037037,False
2025-03-21,2025,4,OOS,20508.25,20389.5,20538.5,20378.75,159.75,120,113.625,expansion↓,consolidation,low,low,low,False,False,False,False,,True,True,1.2801251956181534,False
2025-03-24,2025,0,OOS,20922.5,20981.5,20984.75,20918.75,66.0,120,119.125,consolidation,expansion↓,high,high,high,False,False,False,False,,True,True,2.1363636363636362,False
2025-03-25,2025,1,OOS,21082.25,21115.5,21156.0,21072.5,83.5,120,119.125,consolidation,consolidation,low,low,low,False,False,False,False,,True,True,1.598802395209581,False
2025-03-26,2025,2,OOS,21182.0,21189.0,21201.5,21158.5,43.0,120,119.125,compression,consolidation,low,low,low,False,False,False,False,,True,True,7.093023255813954,False
2025-03-27,2025,3,OOS,20783.25,20773.0,20813.75,20739.5,74.25,120,119.125,consolidation,compression,low,low,low,False,False,False,False,,True,True,3.531986531986532,False
2025-03-28,2025,4,OOS,20659.5,20572.75,20666.75,20571.75,95.0,120,115.0,consolidation,consolidation,low,low,low,False,False,False,False,,True,True,4.205263157894737,False
2025-03-31,2025,0,OOS,19925.5,19929.0,19937.25,19827.0,110.25,120,115.0,consolidation,consolidation,low,low,low,False,False,False,False,,True,True,2.6031746031746033,False
2025-04-01,2025,1,OOS,20114.0,20090.5,20116.25,20019.75,96.5,120,115.375,consolidation,consolidation,high,high,high,False,False,False,False,,True,True,3.5725388601036268,False
2025-04-02,2025,2,OOS,20180.25,20095.5,20191.5,20051.75,139.75,120,109.875,expansion↓,consolidation,low,low,low,False,False,False,False,,True,True,2.8443649373881934,False
2025-04-03,2025,3,OOS,19701.25,19559.0,19769.75,19553.5,216.25,120,109.875,expansion↓,expansion↓,high,high,high,False,False,False,False,,True,True,1.638150289017341,False
2025-04-04,2025,4,OOS,18795.75,18918.25,18948.5,18529.25,419.25,120,109.875,consolidation,expansion↓,high,high,high,False,True,False,False,,False,True,1.413834227787716,False
2025-04-07,2025,0,OOS,17831.5,17876.5,17940.75,17669.25,271.5,120,109.875,consolidation,consolidation,low,low,low,False,False,False,False,,True,True,6.21731123388582,False
2025-04-08,2025,1,OOS,18493.5,18691.5,18770.75,18468.5,302.25,120,109.875,expansion↑,consolidation,high,high,high,False,False,False,False,,True,True,1.339123242349049,False
2025-04-09,2025,2,OOS,17954.0,17839.25,17959.25,17576.0,383.25,120,109.875,consolidation,expansion↑,high,high,high,False,False,False,False,,True,True,1.0313111545988258,False
2025-04-10,2025,3,OOS,19584.5,19531.5,19695.5,19441.75,253.75,120,109.875,consolidation,consolidation,low,low,low,False,True,False,False,,False,True,2.4226600985221673,False
2025-04-11,2025,4,OOS,19338.25,19199.25,19380.75,19171.0,209.75,120,109.875,expansion↓,consolidation,low,low,low,False,False,False,False,,True,True,1.800953516090584,False
2025-04-14,2025,0,OOS,19810.25,19893.5,19905.0,19771.5,133.5,120,115.375,expansion↑,expansion↓,high,high,high,False,False,False,False,,True,True,3.3801498127340825,False
2025-04-15,2025,1,OOS,19692.75,19644.5,19702.75,19544.25,158.5,120,121.875,consolidation,expansion↑,high,high,high,False,False,False,False,,True,True,1.389589905362776,False
2025-04-16,2025,2,OOS,19397.5,19344.75,19432.5,19338.5,94.0,120,136.625,consolidation,consolidation,low,low,low,False,False,False,False,,True,True,2.401595744680851,False
2025-04-17,2025,3,OOS,19218.75,19239.0,19332.75,19165.25,167.5,120,136.625,consolidation,consolidation,low,low,low,False,False,False,False,,True,True,1.480597014925373,False
2025-04-21,2025,0,OOS,18896.25,18830.5,18922.25,18788.5,133.75,120,149.125,consolidation,consolidation,low,low,low,False,False,False,False,,True,True,2.829906542056075,False
2025-04-22,2025,1,OOS,18804.5,18846.75,18849.0,18752.25,96.75,120,136.75,consolidation,consolidation,high,high,high,False,False,False,False,,True,True,3.0594315245478034,False
2025-04-23,2025,2,OOS,19627.5,19674.75,19680.5,19566.25,114.25,120,136.75,consolidation,consolidation,high,high,high,False,False,False,False,,True,True,3.2231947483588623,False
2025-04-24,2025,3,OOS,19524.75,19559.5,19574.25,19438.0,136.25,120,136.75,consolidation,consolidation,high,high,high,False,False,False,False,,True,True,2.704587155963303,False
2025-04-25,2025,4,OOS,19939.25,19953.75,20030.5,19938.25,92.25,120,138.0,consolidation,consolidation,high,high,high,False,False,False,False,,True,True,1.8644986449864498,False
2025-04-28,2025,0,OOS,20184.0,20248.5,20258.5,20174.75,83.75,120,138.0,consolidation,consolidation,high,high,high,False,False,False,False,,True,True,3.716417910447761,False
2025-04-29,2025,1,OOS,20204.5,20158.5,20246.5,20154.0,92.5,120,138.0,consolidation,consolidation,low,low,low,False,False,False,False,,True,True,2.2864864864864867,False
2025-04-30,2025,2,OOS,20280.0,19994.75,20309.5,19966.0,343.5,120,138.0,expansion↓,consolidation,low,low,low,False,False,False,False,,True,True,1.022561863173217,False
2025-05-01,2025,3,OOS,20710.25,20662.0,20744.25,20658.0,86.25,120,149.125,consolidation,expansion↓,low,low,low,False,False,False,False,,True,True,3.081159420289855,False
2025-05-02,2025,4,OOS,20640.5,20803.75,20814.0,20610.0,204.0,120,147.375,expansion↑,consolidation,high,high,high,False,True,False,False,,False,True,0.9178921568627451,True
2025-05-05,2025,0,OOS,20719.5,20713.25,20728.25,20674.5,53.75,120,147.375,compression,expansion↑,high,high,high,False,False,False,False,,True,True,2.5813953488372094,False
2025-05-06,2025,1,OOS,20600.5,20549.0,20616.75,20511.5,105.25,120,135.0,consolidation,compression,low,low,low,False,False,False,False,,True,True,2.0285035629453683,False
2025-05-07,2025,2,OOS,20706.0,20641.0,20738.75,20616.5,122.25,120,133.625,consolidation,consolidation,low,low,low,False,True,False,False,,False,True,1.556237218813906,False
2025-05-08,2025,3,OOS,20962.0,20883.25,20965.75,20843.0,122.75,120,127.875,consolidation,consolidation,low,low,low,False,False,False,False,,True,True,2.74949083503055,False
2025-05-09,2025,4,OOS,20939.25,20940.75,20997.25,20848.5,148.75,120,122.5,consolidation,consolidation,low,neither,low,False,False,False,False,,True,True,1.4907563025210084,False
2025-05-12,2025,0,OOS,21680.5,21625.25,21700.0,21591.5,108.5,120,122.5,consolidation,consolidation,low,low,low,False,False,False,False,,True,True,2.140552995391705,False
2025-05-13,2025,1,OOS,21599.5,21717.5,21774.25,21595.0,179.25,120,118.25,expansion↑,consolidation,high,high,high,False,True,False,False,,False,True,1.8521617852161785,False
2025-05-14,2025,2,OOS,22001.75,22032.75,22091.0,22001.25,89.75,120,118.25,consolidation,expansion↑,high,high,high,False,False,False,False,,True,True,1.4651810584958218,False
2025-05-15,2025,3,OOS,21958.75,21996.5,22038.5,21944.75,93.75,120,111.375,consolidation,consolidation,high,high,high,False,False,False,False,,True,True,2.12,False
2025-05-16,2025,4,OOS,22166.75,22147.75,22209.5,22142.5,67.0,120,111.375,consolidation,consolidation,low,low,low,False,False,False,False,,True,True,2.235074626865672,False
2025-05-19,2025,0,OOS,21895.0,21920.75,21928.5,21869.5,59.0,120,106.875,consolidation,consolidation,high,high,high,False,False,False,False,,True,True,4.6440677966101696,False
2025-05-20,2025,1,OOS,22171.5,22143.75,22192.25,22127.0,65.25,120,101.0,consolidation,consolidation,low,low,low,False,False,False,False,,True,True,1.475095785440613,False
2025-05-21,2025,2,OOS,22008.5,22020.25,22064.25,21992.5,71.75,120,99.5,consolidation,consolidation,low,low,low,False,False,False,False,,True,True,3.5958188153310107,False
2025-05-22,2025,3,OOS,21898.0,21899.25,21952.0,21748.5,203.5,120,93.125,consolidation,consolidation,high,high,high,False,False,False,False,,True,True,1.065110565110565,False
2025-05-23,2025,4,OOS,21885.25,21509.0,21891.75,21435.5,456.25,120,93.125,expansion↓,consolidation,neither,neither,neither,False,False,False,False,,True,True,0.40821917808219177,True
2025-05-26,2025,0,OOS,21970.75,21970.5,21997.5,21963.5,34.0,120,99.5,compression,expansion↓,,,,False,False,True,False,holiday,False,False,,
2025-05-27,2025,1,OOS,22010.75,21984.25,22019.0,21962.25,56.75,120,99.5,consolidation,compression,low,low,low,False,False,False,False,,True,True,3.7665198237885464,False
2025-05-28,2025,2,OOS,22225.0,22215.5,22246.0,22194.75,51.25,120,99.5,consolidation,consolidation,high,high,high,False,False,False,False,,True,True,2.7609756097560973,False
2025-05-29,2025,3,OOS,22444.0,22353.25,22448.0,22329.0,119.0,120,91.75,expansion↓,consolidation,low,low,low,False,False,False,False,,True,True,2.976890756302521,False
2025-05-30,2025,4,OOS,22092.75,22043.5,22129.5,21934.75,194.75,120,99.5,consolidation,expansion↓,neither,neither,neither,False,False,False,False,,True,True,0.8459563543003851,True
2025-06-02,2025,0,OOS,21958.75,21993.25,22003.0,21947.25,55.75,120,99.5,consolidation,consolidation,high,high,high,False,False,False,False,,True,True,4.004484304932736,False
2025-06-03,2025,1,OOS,22203.5,22243.0,22252.0,22192.5,59.5,120,99.5,consolidation,consolidation,high,high,high,False,False,False,False,,True,True,3.0,False
2025-06-04,2025,2,OOS,22458.0,22417.0,22475.5,22363.75,111.75,120,91.75,consolidation,consolidation,high,high,high,False,False,False,False,,True,True,1.3624161073825503,False
2025-06-05,2025,3,OOS,22485.0,22510.0,22606.5,22421.0,185.5,120,91.75,consolidation,consolidation,low,low,low,False,False,False,False,,True,True,1.3126684636118597,False
2025-06-06,2025,4,OOS,22365.75,22469.75,22494.0,22351.25,142.75,120,91.75,expansion↑,consolidation,high,high,high,False,True,False,False,,False,True,0.9352014010507881,True
2025-06-09,2025,0,OOS,22483.0,22505.5,22532.75,22482.5,50.25,120,91.75,consolidation,expansion↑,low,low,low,False,False,False,False,,True,True,2.7860696517412937,False
2025-06-10,2025,1,OOS,22550.25,22562.5,22576.5,22511.5,65.0,120,80.75,consolidation,consolidation,high,high,high,False,False,False,False,,True,True,2.3153846153846156,False
2025-06-11,2025,2,OOS,22637.5,22737.25,22814.5,22590.5,224.0,120,69.375,consolidation,consolidation,neither,neither,neither,False,True,False,False,,False,True,0.671875,True
2025-06-12,2025,3,OOS,22512.5,22544.0,22556.5,22422.5,134.0,120,69.375,consolidation,consolidation,high,high,high,False,False,False,False,,True,True,1.1847014925373134,False
2025-06-13,2025,4,OOS,22361.0,22366.75,22411.25,22351.0,60.25,120,69.375,consolidation,consolidation,high,high,high,False,False,False,False,,True,True,3.7510373443983402,False
2025-06-16,2025,0,OOS,22498.0,22530.0,22556.75,22468.0,88.75,120,68.5,consolidation,consolidation,high,high,high,False,False,False,False,,True,True,2.343661971830986,False
2025-06-17,2025,1,OOS,22532.5,22545.75,22595.0,22523.75,71.25,120,80.25,consolidation,consolidation,high,high,high,False,False,False,False,,True,True,1.5298245614035089,False
2025-06-18,2025,2,OOS,22451.75,22480.75,22524.5,22446.0,78.5,120,80.25,consolidation,consolidation,low,low,low,False,True,False,False,,False,True,2.1847133757961785,False
2025-06-19,2025,3,OOS,22341.25,22257.5,22342.5,22236.5,106.0,120,83.625,expansion↓,consolidation,,,,False,False,True,False,holiday,False,False,,
2025-06-20,2025,4,OOS,22392.75,22523.5,22536.25,22389.75,146.5,120,83.625,expansion↑,expansion↓,high,high,high,False,False,False,False,,True,True,2.419795221843003,False
2025-06-23,2025,0,OOS,22352.25,22377.5,22380.5,22269.0,111.5,120,83.625,consolidation,expansion↑,low,low,low,False,False,False,False,,True,True,2.327354260089686,False
2025-06-24,2025,1,OOS,22779.0,22779.75,22808.25,22745.75,62.5,120,97.375,consolidation,consolidation,high,high,high,False,False,False,False,,True,True,2.048,False
2025-06-25,2025,2,OOS,22942.75,23002.0,23003.5,22937.75,65.75,120,97.375,consolidation,consolidation,high,high,high,False,False,False,False,,True,True,1.8136882129277567,False
2025-06-26,2025,3,OOS,23051.5,23048.25,23079.0,23014.0,65.0,120,97.375,consolidation,consolidation,low,low,low,False,False,False,False,,True,True,2.1961538461538463,False
2025-06-27,2025,4,OOS,23228.75,23225.0,23282.0,23216.75,65.25,120,83.625,consolidation,consolidation,low,low,low,False,False,False,False,,True,True,2.1494252873563218,False
2025-06-30,2025,0,OOS,23384.5,23361.75,23399.75,23347.75,52.0,120,74.875,consolidation,consolidation,low,low,low,False,False,False,False,,True,True,1.5625,False
2025-07-01,2025,1,OOS,23331.75,23288.25,23342.5,23249.75,92.75,120,74.875,consolidation,consolidation,low,neither,low,False,False,False,False,,True,True,2.7358490566037736,False
2025-07-02,2025,2,OOS,23181.0,23110.75,23195.75,23076.0,119.75,120,83.625,expansion↓,consolidation,high,high,high,False,False,False,False,,True,True,1.638830897703549,False
2025-07-03,2025,3,OOS,23347.5,23386.75,23430.5,23342.5,88.0,120,83.625,consolidation,expansion↓,high,high,high,False,True,False,True,,False,True,1.9573863636363635,False
2025-07-04,2025,4,OOS,23398.25,23415.75,23436.75,23392.5,44.25,120,83.25,consolidation,consolidation,,,,False,False,True,False,holiday,False,False,,
2025-07-07,2025,0,OOS,23456.0,23446.0,23495.75,23435.5,60.25,120,74.875,consolidation,consolidation,low,low,low,False,False,False,False,,True,True,1.5767634854771784,False
2025-07-08,2025,1,OOS,23438.25,23434.0,23451.0,23408.75,42.25,120,74.875,consolidation,consolidation,low,low,low,False,False,False,False,,True,True,2.42603550295858,False
2025-07-09,2025,2,OOS,23417.5,23429.75,23449.75,23413.5,36.25,120,74.875,compression,consolidation,high,high,high,False,False,False,False,,True,True,5.303448275862069,False
2025-07-10,2025,3,OOS,23537.5,23542.75,23571.0,23529.0,42.0,120,68.5,consolidation,compression,high,high,high,False,False,False,False,,True,True,4.494047619047619,False
2025-07-11,2025,4,OOS,23367.0,23398.5,23418.0,23362.25,55.75,120,65.5,consolidation,consolidation,high,high,high,False,False,False,False,,True,True,2.6502242152466366,False
2025-07-14,2025,0,OOS,23371.5,23392.75,23403.0,23358.5,44.5,120,65.5,consolidation,consolidation,high,high,high,False,False,False,False,,True,True,4.050561797752809,False
2025-07-15,2025,1,OOS,23664.0,23689.5,23702.0,23629.25,72.75,120,65.125,consolidation,consolidation,high,high,high,False,True,False,False,,False,True,1.7422680412371134,False
2025-07-16,2025,2,OOS,23508.0,23567.75,23579.0,23489.25,89.75,120,65.125,expansion↑,consolidation,high,high,high,False,False,False,False,,True,True,2.83008356545961,False
2025-07-17,2025,3,OOS,23584.25,23640.5,23641.5,23566.0,75.5,120,65.125,expansion↑,expansion↑,low,low,low,False,False,False,False,,True,True,2.513245033112583,False
2025-07-18,2025,4,OOS,23761.0,23762.5,23766.75,23745.25,21.5,120,65.125,compression,expansion↑,high,high,high,False,False,False,False,,True,True,5.732558139534884,False
2025-07-21,2025,0,OOS,23785.0,23732.0,23786.5,23730.0,56.5,120,63.75,consolidation,compression,high,high,high,False,False,False,False,,True,True,3.0,False
2025-07-22,2025,1,OOS,23793.25,23828.75,23835.25,23787.75,47.5,120,61.375,consolidation,consolidation,high,high,high,False,False,False,False,,True,True,5.089473684210526,False
2025-07-23,2025,2,OOS,23755.0,23730.75,23762.75,23724.25,38.5,120,58.375,consolidation,consolidation,low,low,low,False,False,False,False,,True,True,3.811688311688312,False
2025-07-24,2025,3,OOS,23867.5,23853.75,23896.75,23821.25,75.5,120,56.125,consolidation,consolidation,low,neither,low,False,False,False,False,,True,True,1.3609271523178808,False
2025-07-25,2025,4,OOS,23882.0,23865.25,23883.0,23853.5,29.5,120,56.125,consolidation,consolidation,low,low,low,False,False,False,False,,True,True,3.3389830508474576,False
2025-07-28,2025,0,OOS,23987.5,24008.5,24015.0,23980.25,34.75,120,53.875,consolidation,consolidation,low,low,low,False,False,False,False,,True,True,2.6546762589928057,False
2025-07-29,2025,1,OOS,24093.0,24073.0,24107.5,24066.5,41.0,120,51.625,consolidation,consolidation,high,high,high,False,False,False,False,,True,True,5.225609756097561,False
2025-07-30,2025,2,OOS,24002.0,23985.0,24016.0,23965.5,50.5,120,46.0,consolidation,consolidation,low,low,low,False,True,False,False,,False,True,1.7920792079207921,False
2025-07-31,2025,3,OOS,24270.25,24295.75,24306.0,24246.75,59.25,120,46.0,consolidation,consolidation,low,low,low,False,False,False,False,,True,True,4.5358649789029535,False
2025-08-01,2025,4,OOS,23549.75,23562.25,23661.5,23545.5,116.0,120,46.0,consolidation,consolidation,low,low,low,False,True,False,False,,False,True,2.5495689655172415,False
2025-08-04,2025,0,OOS,23556.25,23570.0,23575.75,23525.5,50.25,120,49.0,consolidation,consolidation,high,high,high,False,False,False,False,,True,True,3.4925373134328357,False
2025-08-05,2025,1,OOS,23878.75,23854.5,23898.25,23837.0,61.25,120,48.875,consolidation,consolidation,low,low,low,False,False,False,False,,True,True,4.63265306122449,False
2025-08-06,2025,2,OOS,23638.25,23673.0,23690.75,23631.5,59.25,120,50.375,expansion↑,consolidation,high,high,high,False,False,False,False,,True,True,3.831223628691983,False
2025-08-07,2025,3,OOS,24111.75,24091.0,24133.0,24069.75,63.25,120,53.125,consolidation,expansion↑,high,high,high,False,False,False,False,,True,True,3.067193675889328,False
2025-08-08,2025,4,OOS,24061.25,24027.25,24076.0,24012.25,63.75,120,56.125,expansion↓,consolidation,high,high,high,False,False,False,False,,True,True,2.7137254901960786,False
2025-08-11,2025,0,OOS,24219.25,24216.5,24250.25,24201.75,48.5,120,57.875,consolidation,expansion↓,low,low,low,False,False,False,False,,True,True,1.788659793814433,False
2025-08-12,2025,1,OOS,24129.5,24267.25,24316.25,24102.5,213.75,120,57.875,expansion↑,consolidation,high,neither,neither,False,True,False,False,,False,True,1.1649122807017545,False
2025-08-13,2025,2,OOS,24486.75,24513.0,24527.25,24478.25,49.0,120,57.875,consolidation,expansion↑,high,high,high,False,False,False,False,,True,True,3.5969387755102042,False
2025-08-14,2025,3,OOS,24428.25,24338.5,24460.75,24287.25,173.5,120,53.5,expansion↓,consolidation,high,neither,high,False,False,False,False,,True,True,0.9596541786743515,True
2025-08-15,2025,4,OOS,24401.25,24399.25,24421.25,24379.0,42.25,120,53.5,consolidation,expansion↓,low,low,low,False,False,False,False,,True,True,4.177514792899408,False
2025-08-18,2025,0,OOS,24282.25,24269.5,24285.0,24240.25,44.75,120,53.5,consolidation,consolidation,high,high,high,False,False,False,False,,True,True,2.35195530726257,False
2025-08-19,2025,1,OOS,24257.5,24238.0,24277.0,24233.0,44.0,120,50.375,consolidation,consolidation,low,low,low,False,False,False,False,,True,True,5.818181818181818,False
2025-08-20,2025,2,OOS,23919.0,23920.75,23946.0,23879.75,66.25,120,50.375,consolidation,consolidation,low,low,low,False,False,False,False,,True,True,5.992452830188679,False
2025-08-21,2025,3,OOS,23806.0,23718.0,23828.25,23709.25,119.0,120,54.875,expansion↓,consolidation,low,low,low,False,False,False,False,,True,True,1.615546218487395,False
2025-08-22,2025,4,OOS,23759.75,23736.75,23774.75,23733.5,41.25,120,54.875,consolidation,expansion↓,low,low,low,False,False,False,False,,True,True,10.775757575757575,False
2025-08-25,2025,0,OOS,23974.75,23973.25,23995.0,23956.75,38.25,120,54.875,consolidation,consolidation,high,high,high,False,False,False,False,,True,True,4.522875816993464,False
2025-08-26,2025,1,OOS,23985.5,23965.0,23988.75,23933.5,55.25,120,54.875,consolidation,consolidation,high,high,high,False,False,False,False,,True,True,2.2941176470588234,False
2025-08-27,2025,2,OOS,24094.0,24076.25,24115.0,24057.5,57.5,120,57.25,consolidation,consolidation,low,low,low,False,False,False,False,,True,True,2.491304347826087,False
2025-08-28,2025,3,OOS,24105.0,24127.25,24147.75,24076.75,71.0,120,58.375,consolidation,consolidation,high,high,high,False,False,False,False,,True,True,2.538732394366197,False
2025-08-29,2025,4,OOS,24130.25,24160.5,24175.5,24115.75,59.75,120,58.375,expansion↑,consolidation,low,low,low,False,False,False,False,,True,True,4.2301255230125525,False
2025-09-01,2025,0,OOS,23979.75,23971.25,23988.25,23940.25,48.0,120,58.375,consolidation,expansion↑,,,,False,False,True,False,holiday,False,False,,
2025-09-02,2025,1,OOS,23748.5,23589.5,23754.25,23554.25,200.0,120,58.375,expansion↓,consolidation,low,low,low,False,False,False,False,,True,True,1.27375,False
2025-09-03,2025,2,OOS,23935.0,23917.0,23952.5,23893.75,58.75,120,58.375,consolidation,expansion↓,low,low,low,False,False,False,False,,True,True,2.6425531914893616,False
2025-09-04,2025,3,OOS,24003.0,23979.0,24016.75,23963.5,53.25,120,58.125,consolidation,consolidation,low,low,low,False,False,False,False,,True,True,2.7417840375586855,False
2025-09-05,2025,4,OOS,24270.25,24367.75,24369.0,24219.5,149.5,120,56.375,expansion↑,consolidation,high,high,high,False,True,False,False,,False,True,2.6555183946488294,False
2025-09-08,2025,0,OOS,24265.5,24273.0,24276.25,24237.5,38.75,120,56.375,consolidation,expansion↑,high,high,high,False,False,False,False,,True,True,3.0,False
2025-09-09,2025,1,OOS,24339.25,24333.75,24351.25,24305.75,45.5,120,56.375,consolidation,consolidation,high,high,high,False,False,False,False,,True,True,2.8956043956043955,False
2025-09-10,2025,2,OOS,24419.0,24498.25,24538.25,24416.5,121.75,120,54.25,expansion↑,consolidation,low,low,low,False,False,False,False,,True,True,0.8234086242299795,True
2025-09-11,2025,3,OOS,24440.75,24453.75,24470.0,24332.0,138.0,120,56.375,consolidation,expansion↑,high,high,high,False,True,False,False,,False,True,0.9873188405797102,True
2025-09-12,2025,4,OOS,24517.0,24536.0,24542.75,24503.5,39.25,120,56.375,consolidation,consolidation,high,high,high,False,False,False,False,,True,True,2.9044585987261144,False
2025-09-15,2025,0,OOS,24625.75,24669.25,24671.0,24624.0,47.0,120,56.375,consolidation,consolidation,high,high,high,False,False,False,False,,True,True,2.521276595744681,False
2025-09-16,2025,1,OOS,24883.5,24853.5,24883.75,24841.0,42.75,120,56.375,consolidation,consolidation,low,low,low,False,False,False,False,,True,True,2.2982456140350878,False
2025-09-17,2025,2,OOS,24757.0,24781.25,24782.5,24743.0,39.5,120,56.375,consolidation,consolidation,high,high,high,False,True,False,False,,False,True,3.6139240506329116,False
2025-09-18,2025,3,OOS,24963.25,24946.25,25019.25,24946.0,73.25,120,54.25,consolidation,consolidation,low,low,low,False,False,False,False,,True,True,2.9658703071672354,False
2025-09-19,2025,4,OOS,24981.0,24994.75,25011.25,24969.5,41.75,120,54.25,consolidation,consolidation,high,high,high,False,False,False,False,,True,True,2.622754491017964,False
2025-09-22,2025,0,OOS,25032.25,25055.5,25062.5,25022.25,40.25,120,54.25,consolidation,consolidation,high,high,high,False,False,False,False,,True,True,3.0683229813664594,False
2025-09-23,2025,1,OOS,25258.0,25266.0,25267.5,25229.5,38.0,120,54.25,consolidation,consolidation,low,low,low,False,False,False,False,,True,True,2.111842105263158,False
2025-09-24,2025,2,OOS,25160.5,25138.0,25169.25,25126.0,43.25,120,50.625,consolidation,consolidation,low,low,low,False,False,False,False,,True,True,5.109826589595376,False
2025-09-25,2025,3,OOS,24945.0,24824.75,24947.75,24802.25,145.5,120,47.5,expansion↓,consolidation,low,low,low,False,False,False,False,,True,True,1.8848797250859106,False
2025-09-26,2025,4,OOS,24855.0,24951.25,25004.0,24847.0,157.0,120,47.5,expansion↑,expansion↓,low,neither,low,False,False,False,False,,True,True,1.35828025477707,False
2025-09-29,2025,0,OOS,25146.25,25156.5,25166.0,25110.25,55.75,120,47.5,consolidation,expansion↑,low,low,low,False,False,False,False,,True,True,2.596412556053812,False
2025-09-30,2025,1,OOS,25064.25,25090.25,25101.5,25044.5,57.0,120,50.125,consolidation,consolidation,low,low,low,False,False,False,False,,True,True,2.4649122807017543,False
2025-10-01,2025,2,OOS,24989.25,25033.5,25062.0,24987.5,74.5,120,50.125,expansion↑,consolidation,high,high,high,False,False,False,False,,True,True,2.8523489932885906,False
2025-10-02,2025,3,OOS,25367.5,25418.5,25420.75,25364.0,56.75,120,50.125,expansion↑,expansion↑,high,high,high,False,False,False,False,,True,True,3.0881057268722465,False
2025-10-03,2025,4,OOS,25418.75,25376.75,25427.5,25359.5,68.0,120,51.375,expansion↓,expansion↑,low,low,low,False,True,False,False,,False,True,1.7205882352941178,False
2025-10-06,2025,0,OOS,25427.5,25447.75,25498.0,25385.0,113.0,120,51.375,consolidation,expansion↓,low,low,low,False,False,False,False,,True,True,1.002212389380531,False
2025-10-07,2025,1,OOS,25430.75,25510.5,25514.0,25426.5,87.5,120,56.25,expansion↑,consolidation,high,high,high,False,False,False,False,,True,True,3.2,False
2025-10-08,2025,2,OOS,25354.0,25319.0,25361.0,25299.0,62.0,120,56.875,expansion↓,expansion↑,high,high,high,False,False,False,False,,True,True,3.0161290322580645,False
2025-10-09,2025,3,OOS,25574.75,25589.0,25597.75,25567.0,30.75,120,56.875,consolidation,expansion↓,low,low,low,False,False,False,False,,True,True,4.59349593495935,False
2025-10-10,2025,4,OOS,25556.5,25554.5,25591.5,25545.25,46.25,120,56.25,consolidation,consolidation,high,high,high,False,False,False,False,,True,True,15.508108108108107,False
2025-10-13,2025,0,OOS,25107.75,25044.25,25122.75,24989.5,133.25,120,56.25,consolidation,consolidation,low,low,low,False,False,False,False,,True,True,1.4183864915572233,False
2025-10-14,2025,1,OOS,24815.75,24877.0,24921.5,24802.5,119.0,120,56.875,expansion↑,consolidation,low,low,low,False,False,False,False,,True,True,3.514705882352941,False
2025-10-15,2025,2,OOS,25221.75,25278.25,25282.0,25194.25,87.75,120,59.5,expansion↑,expansion↑,low,low,low,False,False,False,False,,True,True,2.7094017094017095,False
2025-10-16,2025,3,OOS,25310.0,25336.5,25356.0,25276.5,79.5,120,65.0,consolidation,expansion↑,high,high,high,False,False,False,False,,True,True,2.9371069182389937,False
2025-10-17,2025,4,OOS,24831.0,24994.75,25059.25,24825.0,234.25,120,65.0,expansion↑,consolidation,high,high,high,False,False,False,False,,True,True,1.2305229455709712,False
2025-10-20,2025,0,OOS,25297.25,25386.0,25388.75,25294.5,94.25,120,71.25,expansion↑,expansion↑,high,high,high,False,False,False,False,,True,True,2.4482758620689653,False
2025-10-21,2025,1,OOS,25536.0,25554.75,25571.75,25530.5,41.25,120,77.0,consolidation,expansion↑,low,low,low,False,False,False,False,,True,True,2.993939393939394,False
2025-10-22,2025,2,OOS,25543.0,25517.0,25547.0,25463.0,84.0,120,77.0,consolidation,consolidation,low,low,low,False,False,False,False,,True,True,3.4047619047619047,False
2025-10-23,2025,3,OOS,25305.5,25264.75,25309.5,25193.5,116.0,120,81.75,consolidation,consolidation,high,high,high,False,False,False,False,,True,True,1.875,False
2025-10-24,2025,4,OOS,25622.5,25714.25,25779.75,25600.5,179.25,120,81.75,expansion↑,consolidation,high,high,high,False,True,False,False,,False,True,0.6638772663877266,True
2025-10-27,2025,0,OOS,26094.5,26087.5,26105.0,26067.5,37.5,120,81.75,compression,expansion↑,high,high,high,False,False,False,False,,True,True,3.026666666666667,False
2025-10-28,2025,1,OOS,26234.5,26269.0,26281.5,26233.75,47.75,120,81.75,consolidation,compression,high,high,high,False,False,False,False,,True,True,1.8586387434554974,False
2025-10-29,2025,2,OOS,26506.0,26516.75,26553.25,26500.5,52.75,120,81.75,consolidation,consolidation,high,high,high,False,True,False,False,,False,True,2.0473933649289098,False
2025-10-30,2025,3,OOS,26488.75,26343.75,26543.5,26342.75,200.75,120,81.75,expansion↓,consolidation,low,low,low,False,False,False,False,,True,True,1.1967621419676213,False
2025-10-31,2025,4,OOS,26438.25,26467.75,26530.5,26423.25,107.25,120,85.75,consolidation,expansion↓,low,low,low,False,False,False,False,,True,True,1.393939393939394,False
2025-11-03,2025,0,OOS,26409.5,26445.5,26447.75,26389.5,58.25,120,87.625,consolidation,consolidation,high,high,high,False,False,False,False,,True,True,4.3004291845493565,False
2025-11-04,2025,1,OOS,26024.0,25972.75,26047.25,25941.0,106.25,120,85.75,consolidation,consolidation,low,low,low,False,False,False,False,,True,True,2.1694117647058824,False
2025-11-05,2025,2,OOS,25736.5,25843.5,25852.5,25714.75,137.75,120,85.875,expansion↑,consolidation,high,high,high,False,False,False,False,,True,True,2.1814882032667877,False
2025-11-06,2025,3,OOS,26003.75,26022.5,26078.75,26002.75,76.0,120,91.0,consolidation,expansion↑,low,low,low,False,False,False,False,,True,True,6.375,False
2025-11-07,2025,4,OOS,25435.0,25368.0,25452.0,25318.25,133.75,120,91.0,expansion↓,consolidation,low,low,low,False,True,False,False,,False,True,2.932710280373832,False
2025-11-10,2025,0,OOS,25802.75,25812.5,25815.5,25769.5,46.0,120,100.25,compression,expansion↓,high,high,high,False,False,False,False,,True,True,4.663043478260869,False
2025-11-11,2025,1,OOS,25879.75,25853.5,25896.25,25828.25,68.0,120,91.0,consolidation,compression,high,high,high,False,False,False,False,,True,True,2.463235294117647,False
2025-11-12,2025,2,OOS,25993.75,26057.0,26069.0,25977.5,91.5,120,85.875,expansion↑,consolidation,low,low,low,False,False,False,False,,True,True,3.191256830601093,False
2025-11-13,2025,3,OOS,25846.5,25753.75,25872.25,25748.25,124.0,120,87.75,expansion↓,expansion↑,low,low,low,False,False,False,False,,True,True,2.7661290322580645,False
2025-11-14,2025,4,OOS,25086.5,24973.25,25089.5,24913.5,176.0,120,92.875,expansion↓,expansion↓,low,low,low,False,False,False,False,,True,True,3.649147727272727,False
2025-11-17,2025,0,OOS,25459.75,25334.75,25460.0,25266.5,193.5,120,92.875,expansion↓,expansion↓,low,low,low,False,False,False,False,,True,True,1.5968992248062015,False
2025-11-18,2025,1,OOS,25057.25,24988.25,25058.5,24916.0,142.5,120,98.875,consolidation,expansion↓,high,high,high,False,False,False,False,,True,True,3.1982456140350877,False
2025-11-19,2025,2,OOS,24948.25,24921.25,24978.75,24897.25,81.5,120,106.75,consolidation,consolidation,low,low,low,False,False,False,False,,True,True,5.098159509202454,False
2025-11-20,2025,3,OOS,25346.0,25486.0,25521.25,25317.25,204.0,120,106.75,expansion↑,consolidation,high,high,high,False,True,False,False,,False,True,3.911764705882353,False
2025-11-21,2025,4,OOS,24313.0,24501.0,24548.5,24209.0,339.5,120,106.75,expansion↑,expansion↑,high,high,high,False,False,False,False,,True,True,1.3136966126656848,False
2025-11-24,2025,0,OOS,24711.5,24755.75,24820.5,24679.5,141.0,120,106.75,consolidation,expansion↑,high,high,high,False,False,False,False,,True,True,2.645390070921986,False
2025-11-25,2025,1,OOS,25131.0,25140.0,25231.75,25122.75,109.0,120,115.625,consolidation,consolidation,low,low,low,False,False,False,False,,True,True,2.8577981651376145,False
2025-11-26,2025,2,OOS,25435.25,25470.5,25477.0,25375.0,102.0,120,116.5,consolidation,consolidation,high,high,high,False,False,False,False,,True,True,2.375,False
2025-11-27,2025,3,OOS,25563.25,25557.25,25572.0,25546.75,25.25,120,116.5,compression,consolidation,,,,False,False,True,False,holiday,False,False,,
2025-11-28,2025,4,OOS,25625.0,25629.5,25655.5,25619.25,36.25,30,108.125,compression,compression,low,low,low,False,False,False,True,,True,True,2.9034482758620688,False
2025-12-01,2025,0,OOS,25552.5,25522.5,25564.0,25467.25,96.75,120,107.625,consolidation,compression,high,high,high,False,False,False,False,,True,True,2.498708010335917,False
2025-12-02,2025,1,OOS,25737.75,25763.25,25771.25,25714.5,56.75,120,107.625,consolidation,consolidation,high,high,high,False,False,False,False,,True,True,4.502202643171806,False
2025-12-03,2025,2,OOS,25890.25,25905.0,25934.25,25871.25,63.0,120,105.5,consolidation,consolidation,low,low,low,False,False,False,False,,True,True,3.0396825396825395,False
2025-12-04,2025,3,OOS,25912.5,25888.5,25931.0,25874.75,56.25,120,99.375,consolidation,consolidation,high,high,high,False,False,False,False,,True,True,3.6977777777777776,False
2025-12-05,2025,4,OOS,25976.75,25870.75,25992.5,25836.25,156.25,120,99.375,expansion↓,consolidation,high,high,high,False,True,False,False,,False,True,1.3872,False
2025-12-08,2025,0,OOS,26031.5,26067.0,26089.5,26021.25,68.25,120,99.375,consolidation,expansion↓,high,high,high,False,False,False,False,,True,True,3.4358974358974357,False
2025-12-09,2025,1,OOS,25929.25,25873.5,25932.75,25863.5,69.25,120,99.375,consolidation,consolidation,low,low,low,False,False,False,False,,True,True,2.252707581227437,False
2025-12-10,2025,2,OOS,25922.75,25929.0,25976.5,25883.75,92.75,120,99.375,consolidation,consolidation,low,low,low,False,True,False,False,,False,True,1.5471698113207548,False
2025-12-11,2025,3,OOS,25879.25,25900.0,25957.5,25873.5,84.0,120,99.375,consolidation,consolidation,low,low,low,False,False,False,False,,True,True,3.0952380952380953,False
