date,symbol,session,ticket,module,reason,entry_time,direction,entry,stop,blocked_by,raid_level,iof_state,iof_confidence,origin_pd_array,R,R_gross,exit,risk_pts,cost_R,fingerprint,gates,features,cost_model,fill_in,fill_out,exit_time,spread_measured,book_source,book_dd_pct,book_daily_loss_pct,calendar,m8_cbdr,m8_london_gate
2025-09-29,US100,london,True,REV,named_extreme_raid+htf_pd+mss,2025-09-29T02:15:00,bearish,24600.243,24614.778,allowlist:not_on_mint_allowlist,pdh,bullish,qualified,D_FVG_bull_2025-09-19,-1.0687994496044038,,stop,14.534999999999854,,sha256:1903e844bf606b9d,kernel_ticket:pass:kernel_session_ticket|direction:pass:determined|risk:pass:within_caps|allowlist:FAIL:not_on_mint_allowlist|mode:pass:paper|contract:FAIL:hermes_integration_i0_ftn_never_actionable,"{""m1_correct_side_of_eq"": true, ""m2_false_breakout"": false, ""m4_fvg_in_displacement"": false, ""m3_iof_aligned"": false, ""m5_ipda20_discount"": true, ""m6_with_20d_swing"": false, ""m7_osok_profile"": true, ""m8_cbdr_tight"": true, ""m8_ny_continues_london"": null, ""m10_us500_confirms"": false, ""m11_smt_divergence"": false, ""m12_topdown_agree"": false, ""m13_bridge_window_fvg"": false}",correct_side,24599.743,24615.278,2025-09-29T02:22:00,3.459,scorer_flat_book,0.0,0.0,,ideal,allowed
2025-09-29,US100,ny_am,True,REV,named_extreme_raid+htf_pd+mss,2025-09-29T07:15:00,bearish,24636.697,24679.199,allowlist:not_on_mint_allowlist,pdh,bullish,aligned,D_FVG_bull_2025-09-19,-1.0235283045503738,,stop,42.50200000000041,,sha256:20a4be5f303bc833,kernel_ticket:pass:kernel_session_ticket|direction:pass:determined|risk:pass:within_caps|allowlist:FAIL:not_on_mint_allowlist|mode:pass:paper|contract:FAIL:hermes_integration_i0_ftn_never_actionable,"{""m1_correct_side_of_eq"": true, ""m2_false_breakout"": false, ""m4_fvg_in_displacement"": false, ""m3_iof_aligned"": true, ""m5_ipda20_discount"": true, ""m6_with_20d_swing"": false, ""m7_osok_profile"": true, ""m8_cbdr_tight"": true, ""m8_ny_continues_london"": false, ""m10_us500_confirms"": false, ""m11_smt_divergence"": false, ""m12_topdown_agree"": false, ""m13_bridge_window_fvg"": false}",correct_side,24636.197,24679.699,2025-09-29T08:46:00,1.139,scorer_flat_book,0.0,0.0,,ideal,allowed
2025-10-01,US100,ny_am,True,REV,named_extreme_raid+htf_pd+mss,2025-10-01T10:00:00,bullish,24553.069,24411.522,allowlist:not_on_mint_allowlist,pdl,bullish,qualified,D_FVG_bull_2025-09-19,1.6113234473355387,,time,141.54699999999866,,sha256:9f20ef157a5e11fa,kernel_ticket:pass:kernel_session_ticket|direction:pass:determined|risk:pass:within_caps|allowlist:FAIL:not_on_mint_allowlist|mode:pass:paper|contract:FAIL:hermes_integration_i0_ftn_never_actionable,"{""m1_correct_side_of_eq"": true, ""m2_false_breakout"": false, ""m4_fvg_in_displacement"": true, ""m3_iof_aligned"": false, ""m5_ipda20_discount"": false, ""m6_with_20d_swing"": true, ""m7_osok_profile"": true, ""m8_cbdr_tight"": false, ""m8_ny_continues_london"": false, ""m10_us500_confirms"": true, ""m11_smt_divergence"": false, ""m12_topdown_agree"": false, ""m13_bridge_window_fvg"": true}",correct_side,24564.464,24792.542,2025-10-01T15:59:00,10.895,scorer_flat_book,0.0,0.0,,ideal,allowed
2025-10-03,US100,london,True,REV,named_extreme_raid+htf_pd+mss,2025-10-03T02:15:00,bearish,24965.816,24985.299,allowlist:not_on_mint_allowlist,pdh,bullish,qualified,D_FVG_bull_2025-10-02,-1.0513267977210896,,stop,19.483000000000175,,sha256:383fdff4c685f3d2,kernel_ticket:pass:kernel_session_ticket|direction:pass:determined|risk:pass:within_caps|allowlist:FAIL:not_on_mint_allowlist|mode:pass:paper|contract:FAIL:hermes_integration_i0_ftn_never_actionable,"{""m1_correct_side_of_eq"": true, ""m2_false_breakout"": true, ""m4_fvg_in_displacement"": true, ""m3_iof_aligned"": false, ""m5_ipda20_discount"": true, ""m6_with_20d_swing"": false, ""m7_osok_profile"": false, ""m8_cbdr_tight"": true, ""m8_ny_continues_london"": null, ""m10_us500_confirms"": false, ""m11_smt_divergence"": false, ""m12_topdown_agree"": false, ""m13_bridge_window_fvg"": false}",correct_side,24965.316,24985.799,2025-10-03T03:06:00,0.915,scorer_flat_book,0.0,0.0,,ideal,allowed
2025-10-03,US100,ny_am,True,REV,named_extreme_raid+htf_pd+mss,2025-10-03T07:15:00,bearish,24949.772,24989.594,allowlist:not_on_mint_allowlist,pdh,bullish,qualified,D_FVG_bull_2025-10-02,1.9811661895434685,,target,39.822000000000116,,sha256:c704b4b27e6f0fe9,kernel_ticket:pass:kernel_session_ticket|direction:pass:determined|risk:pass:within_caps|allowlist:FAIL:not_on_mint_allowlist|mode:pass:paper|contract:FAIL:hermes_integration_i0_ftn_never_actionable,"{""m1_correct_side_of_eq"": true, ""m2_false_breakout"": true, ""m4_fvg_in_displacement"": true, ""m3_iof_aligned"": false, ""m5_ipda20_discount"": true, ""m6_with_20d_swing"": false, ""m7_osok_profile"": false, ""m8_cbdr_tight"": true, ""m8_ny_continues_london"": false, ""m10_us500_confirms"": true, ""m11_smt_divergence"": false, ""m12_topdown_agree"": false, ""m13_bridge_window_fvg"": false}",correct_side,24949.272,24870.378,2025-10-03T10:01:00,1.172,scorer_flat_book,0.0,0.0,,ideal,allowed
2025-10-07,US100,ny_am,True,REV,named_extreme_raid+htf_pd+mss,2025-10-07T09:15:00,bearish,25035.794,25069.199,allowlist:not_on_mint_allowlist,pdh,bullish,aligned,D_FVG_bull_2025-10-02,1.9775482712168828,,target,33.404999999998836,,sha256:213f7051fa93d007,kernel_ticket:pass:kernel_session_ticket|direction:pass:determined|risk:pass:within_caps|allowlist:FAIL:not_on_mint_allowlist|mode:pass:paper|contract:FAIL:hermes_integration_i0_ftn_never_actionable,"{""m1_correct_side_of_eq"": true, ""m2_false_breakout"": false, ""m4_fvg_in_displacement"": false, ""m3_iof_aligned"": true, ""m5_ipda20_discount"": true, ""m6_with_20d_swing"": false, ""m7_osok_profile"": true, ""m8_cbdr_tight"": false, ""m8_ny_continues_london"": false, ""m10_us500_confirms"": true, ""m11_smt_divergence"": false, ""m12_topdown_agree"": false, ""m13_bridge_window_fvg"": false}",correct_side,25035.294,24969.234000000004,2025-10-07T10:56:00,1.117,scorer_flat_book,0.0,0.0,,ideal,allowed
2025-10-09,US100,london,True,REV,named_extreme_raid+htf_pd+mss,2025-10-09T02:30:00,bearish,25149.37,25170.702999999998,allowlist:not_on_mint_allowlist,pdh,bullish,aligned,D_FVG_bull_2025-10-02,1.9648432006750085,,target,21.33299999999872,,sha256:b28d1fbb58ba8ec5,kernel_ticket:pass:kernel_session_ticket|direction:pass:determined|risk:pass:within_caps|allowlist:FAIL:not_on_mint_allowlist|mode:pass:paper|contract:FAIL:hermes_integration_i0_ftn_never_actionable,"{""m1_correct_side_of_eq"": true, ""m2_false_breakout"": true, ""m4_fvg_in_displacement"": false, ""m3_iof_aligned"": true, ""m5_ipda20_discount"": true, ""m6_with_20d_swing"": false, ""m7_osok_profile"": false, ""m8_cbdr_tight"": false, ""m8_ny_continues_london"": null, ""m10_us500_confirms"": false, ""m11_smt_divergence"": false, ""m12_topdown_agree"": false, ""m13_bridge_window_fvg"": false}",correct_side,25148.87,25106.954,2025-10-09T04:41:00,1.26,scorer_flat_book,0.0,0.0,,ideal,allowed
2025-10-17,US100,london,True,REV,named_extreme_raid+htf_pd+mss,2025-10-17T02:15:00,bullish,24499.533,24449.664,allowlist:not_on_mint_allowlist,pdl,bearish,aligned,D_FVG_bull_2025-10-02,-1.043112955944605,,stop,49.86899999999878,,sha256:530b9afa0f78f0da,kernel_ticket:pass:kernel_session_ticket|direction:pass:determined|risk:pass:within_caps|allowlist:FAIL:not_on_mint_allowlist|mode:pass:paper|contract:FAIL:hermes_integration_i0_ftn_never_actionable,"{""m1_correct_side_of_eq"": true, ""m2_false_breakout"": false, ""m4_fvg_in_displacement"": false, ""m3_iof_aligned"": true, ""m5_ipda20_discount"": true, ""m6_with_20d_swing"": true, ""m7_osok_profile"": false, ""m8_cbdr_tight"": false, ""m8_ny_continues_london"": null, ""m10_us500_confirms"": true, ""m11_smt_divergence"": false, ""m12_topdown_agree"": false, ""m13_bridge_window_fvg"": false}",correct_side,24501.183,24449.164,2025-10-17T02:36:00,1.15,scorer_flat_book,0.0,0.0,,ideal,allowed
2025-10-17,US100,ny_am,True,REV,named_extreme_raid+htf_pd+mss,2025-10-17T07:15:00,bullish,24549.414,24243.642,allowlist:not_on_mint_allowlist,pdl,bearish,qualified,D_FVG_bull_2025-10-02,0.8719993982444465,,time,305.77200000000084,,sha256:3dd32b58bffdfb11,kernel_ticket:pass:kernel_session_ticket|direction:pass:determined|risk:pass:within_caps|allowlist:FAIL:not_on_mint_allowlist|mode:pass:paper|contract:FAIL:hermes_integration_i0_ftn_never_actionable,"{""m1_correct_side_of_eq"": true, ""m2_false_breakout"": false, ""m4_fvg_in_displacement"": true, ""m3_iof_aligned"": false, ""m5_ipda20_discount"": true, ""m6_with_20d_swing"": true, ""m7_osok_profile"": false, ""m8_cbdr_tight"": false, ""m8_ny_continues_london"": false, ""m10_us500_confirms"": true, ""m11_smt_divergence"": false, ""m12_topdown_agree"": false, ""m13_bridge_window_fvg"": false}",correct_side,24551.064,24817.697,2025-10-17T15:59:00,1.15,scorer_flat_book,0.0,0.0,,ideal,allowed
2025-10-20,US100,london,True,REV,named_extreme_raid+htf_pd+mss,2025-10-20T02:15:00,bearish,24927.261,24963.007999999998,allowlist:not_on_mint_allowlist,pdh,bullish,aligned,D_FVG_bull_2025-10-02,-1.027974375472068,,stop,35.74699999999939,,sha256:8130ba4d6a665ab9,kernel_ticket:pass:kernel_session_ticket|direction:pass:determined|risk:pass:within_caps|allowlist:FAIL:not_on_mint_allowlist|mode:pass:paper|contract:FAIL:hermes_integration_i0_ftn_never_actionable,"{""m1_correct_side_of_eq"": true, ""m2_false_breakout"": false, ""m4_fvg_in_displacement"": false, ""m3_iof_aligned"": true, ""m5_ipda20_discount"": true, ""m6_with_20d_swing"": false, ""m7_osok_profile"": true, ""m8_cbdr_tight"": true, ""m8_ny_continues_london"": null, ""m10_us500_confirms"": true, ""m11_smt_divergence"": false, ""m12_topdown_agree"": false, ""m13_bridge_window_fvg"": false}",correct_side,24926.761,24963.507999999998,2025-10-20T03:11:00,1.205,scorer_flat_book,0.0,0.0,,ideal,allowed
2025-10-20,US100,ny_am,True,REV,named_extreme_raid+htf_pd+mss,2025-10-20T10:00:00,bearish,25057.055,25076.714,allowlist:not_on_mint_allowlist,pdh,bullish,aligned,D_FVG_bear_2025-10-13,-1.050867287247572,,stop,19.65899999999965,,sha256:6aa73a9976608564,kernel_ticket:pass:kernel_session_ticket|direction:pass:determined|risk:pass:within_caps|allowlist:FAIL:not_on_mint_allowlist|mode:pass:paper|contract:FAIL:hermes_integration_i0_ftn_never_actionable,"{""m1_correct_side_of_eq"": true, ""m2_false_breakout"": false, ""m4_fvg_in_displacement"": false, ""m3_iof_aligned"": true, ""m5_ipda20_discount"": true, ""m6_with_20d_swing"": false, ""m7_osok_profile"": true, ""m8_cbdr_tight"": true, ""m8_ny_continues_london"": true, ""m10_us500_confirms"": false, ""m11_smt_divergence"": false, ""m12_topdown_agree"": false, ""m13_bridge_window_fvg"": false}",correct_side,25056.555,25077.214,2025-10-20T10:04:00,1.117,scorer_flat_book,0.0,0.0,,ideal,allowed
2025-10-24,US100,ny_am,True,REV,named_extreme_raid+htf_pd+mss,2025-10-24T07:15:00,bearish,25229.555,25245.507999999998,allowlist:not_on_mint_allowlist,pdh,bullish,qualified,D_FVG_bull_2025-10-21,-1.0626841346455302,,stop,15.9529999999977,,sha256:075320734e4b8c48,kernel_ticket:pass:kernel_session_ticket|direction:pass:determined|risk:pass:within_caps|allowlist:FAIL:not_on_mint_allowlist|mode:pass:paper|contract:FAIL:hermes_integration_i0_ftn_never_actionable,"{""m1_correct_side_of_eq"": true, ""m2_false_breakout"": false, ""m4_fvg_in_displacement"": true, ""m3_iof_aligned"": false, ""m5_ipda20_discount"": true, ""m6_with_20d_swing"": false, ""m7_osok_profile"": false, ""m8_cbdr_tight"": true, ""m8_ny_continues_london"": false, ""m10_us500_confirms"": false, ""m11_smt_divergence"": false, ""m12_topdown_agree"": false, ""m13_bridge_window_fvg"": false}",correct_side,25229.055,25246.007999999998,2025-10-24T08:30:00,1.183,scorer_flat_book,0.0,0.0,08:30 cpi,ideal,news
2025-10-27,US100,ny_am,True,REV,named_extreme_raid+htf_pd+mss,2025-10-27T07:15:00,bearish,25687.238,25708.349,allowlist:not_on_mint_allowlist,pdh,bullish,qualified,D_FVG_bull_2025-10-21,-1.0473686703614293,,stop,21.110999999997148,,sha256:f5509fde093b0be3,kernel_ticket:pass:kernel_session_ticket|direction:pass:determined|risk:pass:within_caps|allowlist:FAIL:not_on_mint_allowlist|mode:pass:paper|contract:FAIL:hermes_integration_i0_ftn_never_actionable,"{""m1_correct_side_of_eq"": true, ""m2_false_breakout"": false, ""m4_fvg_in_displacement"": true, ""m3_iof_aligned"": false, ""m5_ipda20_discount"": true, ""m6_with_20d_swing"": false, ""m7_osok_profile"": true, ""m8_cbdr_tight"": true, ""m8_ny_continues_london"": false, ""m10_us500_confirms"": false, ""m11_smt_divergence"": false, ""m12_topdown_agree"": false, ""m13_bridge_window_fvg"": false}",correct_side,25686.738,25708.849,2025-10-27T09:30:00,1.084,scorer_flat_book,0.0,0.0,,ideal,allowed
2025-11-04,US100,ny_am,True,REV,named_extreme_raid+htf_pd+mss,2025-11-04T10:00:00,bullish,25746.149,25514.5,allowlist:not_on_mint_allowlist,pdl,bullish,aligned,D_FVG_bull_2025-10-27,-1.008551731283104,,stop,231.64900000000125,,sha256:221ffccacd71dfc0,kernel_ticket:pass:kernel_session_ticket|direction:pass:determined|risk:pass:within_caps|allowlist:FAIL:not_on_mint_allowlist|mode:pass:paper|contract:FAIL:hermes_integration_i0_ftn_never_actionable,"{""m1_correct_side_of_eq"": true, ""m2_false_breakout"": false, ""m4_fvg_in_displacement"": true, ""m3_iof_aligned"": true, ""m5_ipda20_discount"": false, ""m6_with_20d_swing"": true, ""m7_osok_profile"": true, ""m8_cbdr_tight"": false, ""m8_ny_continues_london"": false, ""m10_us500_confirms"": false, ""m11_smt_divergence"": false, ""m12_topdown_agree"": true, ""m13_bridge_window_fvg"": true}",correct_side,25747.63,25514.0,2025-11-04T12:20:00,0.981,scorer_flat_book,0.0,0.0,,ideal,adr_spent
2025-11-05,US100,ny_am,True,REV,named_extreme_raid+htf_pd+mss,2025-11-05T07:15:00,bullish,25354.569,25279.611,allowlist:not_on_mint_allowlist,pdl,bearish,qualified,D_FVG_bull_2025-10-28,1.9755329651271518,,target,74.95799999999872,,sha256:8fa1bc42077d3337,kernel_ticket:pass:kernel_session_ticket|direction:pass:determined|risk:pass:within_caps|allowlist:FAIL:not_on_mint_allowlist|mode:pass:paper|contract:FAIL:hermes_integration_i0_ftn_never_actionable,"{""m1_correct_side_of_eq"": true, ""m2_false_breakout"": false, ""m4_fvg_in_displacement"": true, ""m3_iof_aligned"": false, ""m5_ipda20_discount"": false, ""m6_with_20d_swing"": true, ""m7_osok_profile"": true, ""m8_cbdr_tight"": false, ""m8_ny_continues_london"": false, ""m10_us500_confirms"": false, ""m11_smt_divergence"": false, ""m12_topdown_agree"": false, ""m13_bridge_window_fvg"": false}",correct_side,25356.153,25504.234999999997,2025-11-05T09:51:00,1.084,scorer_flat_book,0.0,0.0,,expanded,expanded_cbdr
2025-11-07,US100,ny_am,True,REV,named_extreme_raid+htf_pd+mss,2025-11-07T07:15:00,bullish,25070.849,24973.338,allowlist:not_on_mint_allowlist,pdl,bearish,aligned,D_FVG_bull_2025-10-27,-1.021710371137636,,stop,97.5109999999986,,sha256:c9cd184a98c77d24,kernel_ticket:pass:kernel_session_ticket|direction:pass:determined|risk:pass:within_caps|allowlist:FAIL:not_on_mint_allowlist|mode:pass:paper|contract:FAIL:hermes_integration_i0_ftn_never_actionable,"{""m1_correct_side_of_eq"": true, ""m2_false_breakout"": true, ""m4_fvg_in_displacement"": true, ""m3_iof_aligned"": true, ""m5_ipda20_discount"": true, ""m6_with_20d_swing"": true, ""m7_osok_profile"": false, ""m8_cbdr_tight"": false, ""m8_ny_continues_london"": false, ""m10_us500_confirms"": false, ""m11_smt_divergence"": false, ""m12_topdown_agree"": false, ""m13_bridge_window_fvg"": false}",correct_side,25072.466,24972.838,2025-11-07T07:49:00,1.117,scorer_flat_book,0.0,0.0,,ideal,allowed
2025-11-12,US100,ny_am,True,REV,named_extreme_raid+htf_pd+mss,2025-11-12T10:00:00,bearish,25491.249,25727.929,allowlist:not_on_mint_allowlist,pdh,bearish,aligned,D_FVG_bear_2025-11-05,-0.14337502112557488,,time,236.6800000000003,,sha256:888feee89de1f3bf,kernel_ticket:pass:kernel_session_ticket|direction:pass:determined|risk:pass:within_caps|allowlist:FAIL:not_on_mint_allowlist|mode:pass:paper|contract:FAIL:hermes_integration_i0_ftn_never_actionable,"{""m1_correct_side_of_eq"": false, ""m2_false_breakout"": true, ""m4_fvg_in_displacement"": true, ""m3_iof_aligned"": true, ""m5_ipda20_discount"": true, ""m6_with_20d_swing"": false, ""m7_osok_profile"": true, ""m8_cbdr_tight"": true, ""m8_ny_continues_london"": false, ""m10_us500_confirms"": true, ""m11_smt_divergence"": false, ""m12_topdown_agree"": true, ""m13_bridge_window_fvg"": true}",correct_side,25490.749,25524.683,2025-11-12T15:59:00,0.702,scorer_flat_book,0.0,0.0,,ideal,allowed
2025-11-17,US100,ny_am,True,REV,named_extreme_raid+htf_pd+mss,2025-11-17T10:00:00,bearish,25110.849,25275.578999999998,allowlist:not_on_mint_allowlist,pdh,bullish,aligned,D_FVG_bull_2025-10-21,1.9954470952467673,,target,164.72999999999956,,sha256:9ae6ea4a5062c520,kernel_ticket:pass:kernel_session_ticket|direction:pass:determined|risk:pass:within_caps|allowlist:FAIL:not_on_mint_allowlist|mode:pass:paper|contract:FAIL:hermes_integration_i0_ftn_never_actionable,"{""m1_correct_side_of_eq"": true, ""m2_false_breakout"": true, ""m4_fvg_in_displacement"": true, ""m3_iof_aligned"": true, ""m5_ipda20_discount"": false, ""m6_with_20d_swing"": false, ""m7_osok_profile"": true, ""m8_cbdr_tight"": false, ""m8_ny_continues_london"": false, ""m10_us500_confirms"": true, ""m11_smt_divergence"": false, ""m12_topdown_agree"": false, ""m13_bridge_window_fvg"": true}",correct_side,25110.349,24781.639,2025-11-17T14:03:00,1.084,scorer_flat_book,0.0,0.0,,ideal,allowed
2025-11-18,US100,london,True,REV,named_extreme_raid+htf_pd+mss,2025-11-18T02:15:00,bullish,24551.425,24519.044,allowlist:not_on_mint_allowlist,pdl,bearish,aligned,D_FVG_bull_2025-10-21,1.9399647941694311,,target,32.380999999997584,,sha256:23aadedce3ce530b,kernel_ticket:pass:kernel_session_ticket|direction:pass:determined|risk:pass:within_caps|allowlist:FAIL:not_on_mint_allowlist|mode:pass:paper|contract:FAIL:hermes_integration_i0_ftn_never_actionable,"{""m1_correct_side_of_eq"": true, ""m2_false_breakout"": true, ""m4_fvg_in_displacement"": false, ""m3_iof_aligned"": true, ""m5_ipda20_discount"": true, ""m6_with_20d_swing"": false, ""m7_osok_profile"": true, ""m8_cbdr_tight"": false, ""m8_ny_continues_london"": null, ""m10_us500_confirms"": false, ""m11_smt_divergence"": false, ""m12_topdown_agree"": false, ""m13_bridge_window_fvg"": false}",correct_side,24553.119,24615.936999999994,2025-11-18T02:32:00,1.194,scorer_flat_book,0.0,0.0,,ideal,poor_consolidation
2025-11-21,US100,ny_am,True,REV,named_extreme_raid+htf_pd+mss,2025-11-21T07:15:00,bullish,23944.099,23830.011,allowlist:not_on_mint_allowlist,pdl,bearish,aligned,D_FVG_bear_2025-11-14,1.983539022508935,,target,114.08799999999974,,sha256:2dfc559a9066bf35,kernel_ticket:pass:kernel_session_ticket|direction:pass:determined|risk:pass:within_caps|allowlist:FAIL:not_on_mint_allowlist|mode:pass:paper|contract:FAIL:hermes_integration_i0_ftn_never_actionable,"{""m1_correct_side_of_eq"": true, ""m2_false_breakout"": false, ""m4_fvg_in_displacement"": true, ""m3_iof_aligned"": true, ""m5_ipda20_discount"": true, ""m6_with_20d_swing"": false, ""m7_osok_profile"": false, ""m8_cbdr_tight"": false, ""m8_ny_continues_london"": false, ""m10_us500_confirms"": false, ""m11_smt_divergence"": false, ""m12_topdown_agree"": false, ""m13_bridge_window_fvg"": false}",correct_side,23945.727,24172.024999999998,2025-11-21T07:47:00,1.128,scorer_flat_book,0.0,0.0,,wide,wide_cbdr
2025-12-03,US100,london,True,REV,named_extreme_raid+htf_pd+mss,2025-12-03T02:15:00,bearish,25620.305,25632.192,allowlist:not_on_mint_allowlist,pdh,bullish,qualified,D_FVG_bull_2025-11-11,1.936905863548408,,target,11.886999999998807,,sha256:d9f513d6100cde08,kernel_ticket:pass:kernel_session_ticket|direction:pass:determined|risk:pass:within_caps|allowlist:FAIL:not_on_mint_allowlist|mode:pass:paper|contract:FAIL:hermes_integration_i0_ftn_never_actionable,"{""m1_correct_side_of_eq"": true, ""m2_false_breakout"": false, ""m4_fvg_in_displacement"": true, ""m3_iof_aligned"": false, ""m5_ipda20_discount"": true, ""m6_with_20d_swing"": true, ""m7_osok_profile"": true, ""m8_cbdr_tight"": true, ""m8_ny_continues_london"": null, ""m10_us500_confirms"": true, ""m11_smt_divergence"": true, ""m12_topdown_agree"": false, ""m13_bridge_window_fvg"": false}",correct_side,25619.805,25596.781000000003,2025-12-03T03:18:00,1.183,scorer_flat_book,0.0,0.0,,ideal,allowed
2025-12-11,US100,ny_am,True,REV,named_extreme_raid+htf_pd+mss,2025-12-11T07:15:00,bullish,25616.261,25444.599,allowlist:not_on_mint_allowlist,pdl,bullish,aligned,D_FVG_bull_2025-11-11,-1.0128450093789059,,stop,171.66200000000026,,sha256:9e25522206e89ff4,kernel_ticket:pass:kernel_session_ticket|direction:pass:determined|risk:pass:within_caps|allowlist:FAIL:not_on_mint_allowlist|mode:pass:paper|contract:FAIL:hermes_integration_i0_ftn_never_actionable,"{""m1_correct_side_of_eq"": true, ""m2_false_breakout"": false, ""m4_fvg_in_displacement"": true, ""m3_iof_aligned"": true, ""m5_ipda20_discount"": false, ""m6_with_20d_swing"": true, ""m7_osok_profile"": false, ""m8_cbdr_tight"": false, ""m8_ny_continues_london"": true, ""m10_us500_confirms"": true, ""m11_smt_divergence"": false, ""m12_topdown_agree"": true, ""m13_bridge_window_fvg"": false}",correct_side,25617.966,25444.099,2025-12-11T09:50:00,1.205,scorer_flat_book,0.0,0.0,,ideal,poor_consolidation
2025-12-16,US100,london,True,REV,named_extreme_raid+htf_pd+mss,2025-12-16T02:15:00,bullish,24857.881,24836.719,allowlist:not_on_mint_allowlist,pdl,bearish,qualified,D_FVG_bull_2025-11-26,-1.10367640109628,,stop,21.162000000000262,,sha256:2247d4959f6002b0,kernel_ticket:pass:kernel_session_ticket|direction:pass:determined|risk:pass:within_caps|allowlist:FAIL:not_on_mint_allowlist|mode:pass:paper|contract:FAIL:hermes_integration_i0_ftn_never_actionable,"{""m1_correct_side_of_eq"": true, ""m2_false_breakout"": false, ""m4_fvg_in_displacement"": true, ""m3_iof_aligned"": false, ""m5_ipda20_discount"": false, ""m6_with_20d_swing"": true, ""m7_osok_profile"": true, ""m8_cbdr_tight"": false, ""m8_ny_continues_london"": null, ""m10_us500_confirms"": false, ""m11_smt_divergence"": false, ""m12_topdown_agree"": false, ""m13_bridge_window_fvg"": false}",correct_side,24859.575,24836.219,2025-12-16T02:37:00,1.194,scorer_flat_book,0.0,0.0,08:30 nfp,ideal,news
2025-12-17,US100,ny_am,True,REV,named_extreme_raid+htf_pd+mss,2025-12-17T08:15:00,bearish,25208.099,25260.115999999998,allowlist:not_on_mint_allowlist,pdh,bullish,qualified,D_FVG_bull_2025-12-01,1.9855816367725936,,target,52.016999999999825,,sha256:5d1dc042042297d6,kernel_ticket:pass:kernel_session_ticket|direction:pass:determined|risk:pass:within_caps|allowlist:FAIL:not_on_mint_allowlist|mode:pass:paper|contract:FAIL:hermes_integration_i0_ftn_never_actionable,"{""m1_correct_side_of_eq"": true, ""m2_false_breakout"": true, ""m4_fvg_in_displacement"": false, ""m3_iof_aligned"": false, ""m5_ipda20_discount"": true, ""m6_with_20d_swing"": false, ""m7_osok_profile"": true, ""m8_cbdr_tight"": false, ""m8_ny_continues_london"": false, ""m10_us500_confirms"": false, ""m11_smt_divergence"": true, ""m12_topdown_agree"": false, ""m13_bridge_window_fvg"": false}",correct_side,25207.599,25104.315,2025-12-17T09:36:00,0.882,scorer_flat_book,0.0,0.0,,ideal,allowed
2025-12-19,US100,ny_am,True,REV,named_extreme_raid+htf_pd+mss,2025-12-19T10:00:00,bearish,25323.783,25339.497,allowlist:not_on_mint_allowlist,pdh,bullish,aligned,D_FVG_bull_2025-12-01,-1.0636375206821944,,stop,15.713999999999942,,sha256:4860a4c55d69dd04,kernel_ticket:pass:kernel_session_ticket|direction:pass:determined|risk:pass:within_caps|allowlist:FAIL:not_on_mint_allowlist|mode:pass:paper|contract:FAIL:hermes_integration_i0_ftn_never_actionable,"{""m1_correct_side_of_eq"": true, ""m2_false_breakout"": false, ""m4_fvg_in_displacement"": false, ""m3_iof_aligned"": true, ""m5_ipda20_discount"": true, ""m6_with_20d_swing"": false, ""m7_osok_profile"": false, ""m8_cbdr_tight"": true, ""m8_ny_continues_london"": false, ""m10_us500_confirms"": false, ""m11_smt_divergence"": false, ""m12_topdown_agree"": false, ""m13_bridge_window_fvg"": false}",correct_side,25323.283,25339.997,2025-12-19T10:00:00,0.948,scorer_flat_book,0.0,0.0,,ideal,allowed
2025-12-22,US100,ny_am,True,REV,named_extreme_raid+htf_pd+mss,2025-12-22T07:15:00,bearish,25473.947,25489.464,allowlist:not_on_mint_allowlist,pdh,bullish,qualified,D_FVG_bull_2025-12-01,-1.064445446929175,,stop,15.516999999999825,,sha256:b0851846d4835234,kernel_ticket:pass:kernel_session_ticket|direction:pass:determined|risk:pass:within_caps|allowlist:FAIL:not_on_mint_allowlist|mode:pass:paper|contract:FAIL:hermes_integration_i0_ftn_never_actionable,"{""m1_correct_side_of_eq"": true, ""m2_false_breakout"": false, ""m4_fvg_in_displacement"": false, ""m3_iof_aligned"": false, ""m5_ipda20_discount"": true, ""m6_with_20d_swing"": false, ""m7_osok_profile"": true, ""m8_cbdr_tight"": true, ""m8_ny_continues_london"": false, ""m10_us500_confirms"": false, ""m11_smt_divergence"": false, ""m12_topdown_agree"": false, ""m13_bridge_window_fvg"": false}",correct_side,25473.447,25489.964,2025-12-22T07:21:00,1.117,scorer_flat_book,0.0,0.0,,ideal,allowed
2025-12-23,US100,ny_am,True,REV,named_extreme_raid+htf_pd+mss,2025-12-23T09:00:00,bullish,25388.342,25375.897,allowlist:not_on_mint_allowlist,pdl,bullish,qualified,D_FVG_bull_2025-12-01,1.8437926878264723,,target,12.444999999999709,,sha256:3093d5d0da9addb7,kernel_ticket:pass:kernel_session_ticket|direction:pass:determined|risk:pass:within_caps|allowlist:FAIL:not_on_mint_allowlist|mode:pass:paper|contract:FAIL:hermes_integration_i0_ftn_never_actionable,"{""m1_correct_side_of_eq"": true, ""m2_false_breakout"": true, ""m4_fvg_in_displacement"": false, ""m3_iof_aligned"": false, ""m5_ipda20_discount"": false, ""m6_with_20d_swing"": true, ""m7_osok_profile"": true, ""m8_cbdr_tight"": true, ""m8_ny_continues_london"": true, ""m10_us500_confirms"": false, ""m11_smt_divergence"": true, ""m12_topdown_agree"": true, ""m13_bridge_window_fvg"": false}",correct_side,25390.036,25412.982,2025-12-23T09:28:00,1.194,scorer_flat_book,0.0,0.0,,ideal,allowed
2025-12-26,US100,ny_am,True,REV,named_extreme_raid+htf_pd+mss,2025-12-26T07:15:00,bearish,25655.381,25673.949,allowlist:not_on_mint_allowlist,pdh,bullish,qualified,D_FVG_bull_2025-12-23,-1.053856096510127,,stop,18.5679999999993,,sha256:ef5a14bd774511fc,kernel_ticket:pass:kernel_session_ticket|direction:pass:determined|risk:pass:within_caps|allowlist:FAIL:not_on_mint_allowlist|mode:pass:paper|contract:FAIL:hermes_integration_i0_ftn_never_actionable,"{""m1_correct_side_of_eq"": true, ""m2_false_breakout"": false, ""m4_fvg_in_displacement"": true, ""m3_iof_aligned"": false, ""m5_ipda20_discount"": true, ""m6_with_20d_swing"": false, ""m7_osok_profile"": false, ""m8_cbdr_tight"": true, ""m8_ny_continues_london"": false, ""m10_us500_confirms"": true, ""m11_smt_divergence"": false, ""m12_topdown_agree"": false, ""m13_bridge_window_fvg"": false}",correct_side,25654.881,25674.449,2025-12-26T07:37:00,1.183,scorer_flat_book,0.0,0.0,,ideal,allowed
2025-12-29,US100,ny_am,True,REV,named_extreme_raid+htf_pd+mss,2025-12-29T07:15:00,bullish,25552.12,25515.511,allowlist:not_on_mint_allowlist,pdl,bearish,qualified,D_FVG_bull_2025-12-26,-1.060832035838252,,stop,36.60900000000038,,sha256:b683a137edc50009,kernel_ticket:pass:kernel_session_ticket|direction:pass:determined|risk:pass:within_caps|allowlist:FAIL:not_on_mint_allowlist|mode:pass:paper|contract:FAIL:hermes_integration_i0_ftn_never_actionable,"{""m1_correct_side_of_eq"": true, ""m2_false_breakout"": true, ""m4_fvg_in_displacement"": true, ""m3_iof_aligned"": false, ""m5_ipda20_discount"": false, ""m6_with_20d_swing"": true, ""m7_osok_profile"": true, ""m8_cbdr_tight"": true, ""m8_ny_continues_london"": false, ""m10_us500_confirms"": false, ""m11_smt_divergence"": false, ""m12_topdown_agree"": false, ""m13_bridge_window_fvg"": false}",correct_side,25553.847,25515.011,2025-12-29T08:47:00,1.227,scorer_flat_book,0.0,0.0,,ideal,allowed
2025-12-31,US100,ny_am,True,REV,named_extreme_raid+htf_pd+mss,2025-12-31T07:15:00,bullish,25399.044,25344.12,allowlist:not_on_mint_allowlist,pdl,bearish,qualified,D_FVG_bull_2025-12-26,-1.0397458306022351,,stop,54.92400000000271,,sha256:c2b4d60fcbf24eda,kernel_ticket:pass:kernel_session_ticket|direction:pass:determined|risk:pass:within_caps|allowlist:FAIL:not_on_mint_allowlist|mode:pass:paper|contract:FAIL:hermes_integration_i0_ftn_never_actionable,"{""m1_correct_side_of_eq"": true, ""m2_false_breakout"": false, ""m4_fvg_in_displacement"": true, ""m3_iof_aligned"": false, ""m5_ipda20_discount"": false, ""m6_with_20d_swing"": true, ""m7_osok_profile"": true, ""m8_cbdr_tight"": false, ""m8_ny_continues_london"": false, ""m10_us500_confirms"": false, ""m11_smt_divergence"": false, ""m12_topdown_agree"": false, ""m13_bridge_window_fvg"": false}",correct_side,25400.727,25343.62,2025-12-31T10:55:00,1.183,scorer_flat_book,0.0,0.0,,ideal,allowed
2026-01-07,US100,ny_am,True,REV,named_extreme_raid+htf_pd+mss,2026-01-07T10:00:00,bearish,25675.275,25703.343999999997,allowlist:not_on_mint_allowlist,pdh,bullish,aligned,D_FVG_bear_2025-12-30,-1.0356264918593518,,stop,28.068999999995867,,sha256:334eb87f9c844e41,kernel_ticket:pass:kernel_session_ticket|direction:pass:determined|risk:pass:within_caps|allowlist:FAIL:not_on_mint_allowlist|mode:pass:paper|contract:FAIL:hermes_integration_i0_ftn_never_actionable,"{""m1_correct_side_of_eq"": true, ""m2_false_breakout"": false, ""m4_fvg_in_displacement"": false, ""m3_iof_aligned"": true, ""m5_ipda20_discount"": true, ""m6_with_20d_swing"": false, ""m7_osok_profile"": true, ""m8_cbdr_tight"": true, ""m8_ny_continues_london"": true, ""m10_us500_confirms"": true, ""m11_smt_divergence"": false, ""m12_topdown_agree"": false, ""m13_bridge_window_fvg"": false}",correct_side,25674.775,25703.843999999997,2026-01-07T10:32:00,2.724,scorer_flat_book,0.0,0.0,,ideal,allowed
2026-01-08,US100,london,True,REV,named_extreme_raid+htf_pd+mss,2026-01-08T02:15:00,bullish,25539.853,25493.483,allowlist:not_on_mint_allowlist,pdl,bearish,aligned,D_FVG_bull_2025-12-26,1.957364675436648,,target,46.36999999999898,,sha256:1b7547b667329133,kernel_ticket:pass:kernel_session_ticket|direction:pass:determined|risk:pass:within_caps|allowlist:FAIL:not_on_mint_allowlist|mode:pass:paper|contract:FAIL:hermes_integration_i0_ftn_never_actionable,"{""m1_correct_side_of_eq"": true, ""m2_false_breakout"": false, ""m4_fvg_in_displacement"": true, ""m3_iof_aligned"": true, ""m5_ipda20_discount"": false, ""m6_with_20d_swing"": false, ""m7_osok_profile"": false, ""m8_cbdr_tight"": false, ""m8_ny_continues_london"": null, ""m10_us500_confirms"": true, ""m11_smt_divergence"": false, ""m12_topdown_agree"": false, ""m13_bridge_window_fvg"": false}",correct_side,25541.58,25632.342999999997,2026-01-08T08:21:00,1.227,scorer_flat_book,0.0,0.0,,ideal,allowed
2026-01-13,US100,ny_am,True,REV,named_extreme_raid+htf_pd+mss,2026-01-13T10:00:00,bearish,25782.425,25881.833,allowlist:not_on_mint_allowlist,pdh,bullish,qualified,D_FVG_bear_2025-12-30,0.4239699018187759,,time,99.40799999999945,,sha256:8d6a16c8234d7fba,kernel_ticket:pass:kernel_session_ticket|direction:pass:determined|risk:pass:within_caps|allowlist:FAIL:not_on_mint_allowlist|mode:pass:paper|contract:FAIL:hermes_integration_i0_ftn_never_actionable,"{""m1_correct_side_of_eq"": true, ""m2_false_breakout"": true, ""m4_fvg_in_displacement"": false, ""m3_iof_aligned"": false, ""m5_ipda20_discount"": true, ""m6_with_20d_swing"": false, ""m7_osok_profile"": true, ""m8_cbdr_tight"": false, ""m8_ny_continues_london"": true, ""m10_us500_confirms"": true, ""m11_smt_divergence"": false, ""m12_topdown_agree"": false, ""m13_bridge_window_fvg"": false}",correct_side,25781.925,25739.779,2026-01-13T15:59:00,1.205,scorer_flat_book,0.0,0.0,08:30 cpi,ideal,news
2026-01-14,US100,ny_am,True,REV,named_extreme_raid+htf_pd+mss,2026-01-14T09:30:00,bullish,25576.261,25537.055,allowlist:not_on_mint_allowlist,pdl,bearish,aligned,D_FVG_bear_2025-12-30,-1.0568025302250341,,stop,39.20599999999831,,sha256:5175dd595cfd5f81,kernel_ticket:pass:kernel_session_ticket|direction:pass:determined|risk:pass:within_caps|allowlist:FAIL:not_on_mint_allowlist|mode:pass:paper|contract:FAIL:hermes_integration_i0_ftn_never_actionable,"{""m1_correct_side_of_eq"": true, ""m2_false_breakout"": false, ""m4_fvg_in_displacement"": true, ""m3_iof_aligned"": true, ""m5_ipda20_discount"": false, ""m6_with_20d_swing"": true, ""m7_osok_profile"": true, ""m8_cbdr_tight"": true, ""m8_ny_continues_london"": false, ""m10_us500_confirms"": false, ""m11_smt_divergence"": false, ""m12_topdown_agree"": false, ""m13_bridge_window_fvg"": true}",correct_side,25577.988,25536.555,2026-01-14T09:31:00,1.227,scorer_flat_book,0.0,0.0,,ideal,allowed
2026-01-20,US100,london,True,REV,named_extreme_raid+htf_pd+mss,2026-01-20T02:15:00,bullish,25136.708,25107.327,allowlist:not_on_mint_allowlist,pdl,bearish,aligned,D_FVG_bull_2025-12-22,-1.0739253258909662,,stop,29.380999999997584,,sha256:7c16f760f3fe126b,kernel_ticket:pass:kernel_session_ticket|direction:pass:determined|risk:pass:within_caps|allowlist:FAIL:not_on_mint_allowlist|mode:pass:paper|contract:FAIL:hermes_integration_i0_ftn_never_actionable,"{""m1_correct_side_of_eq"": true, ""m2_false_breakout"": false, ""m4_fvg_in_displacement"": false, ""m3_iof_aligned"": true, ""m5_ipda20_discount"": true, ""m6_with_20d_swing"": true, ""m7_osok_profile"": true, ""m8_cbdr_tight"": true, ""m8_ny_continues_london"": null, ""m10_us500_confirms"": false, ""m11_smt_divergence"": false, ""m12_topdown_agree"": false, ""m13_bridge_window_fvg"": false}",correct_side,25138.38,25106.827,2026-01-20T02:20:00,1.172,scorer_flat_book,0.0,0.0,,ideal,allowed
2026-01-20,US100,ny_am,True,REV,named_extreme_raid+htf_pd+mss,2026-01-20T07:15:00,bullish,25095.577,24943.849,allowlist:not_on_mint_allowlist,pdl,bearish,qualified,D_FVG_bull_2025-12-22,-0.6697906780554567,,time,151.7280000000028,,sha256:061e6b1f83c0262b,kernel_ticket:pass:kernel_session_ticket|direction:pass:determined|risk:pass:within_caps|allowlist:FAIL:not_on_mint_allowlist|mode:pass:paper|contract:FAIL:hermes_integration_i0_ftn_never_actionable,"{""m1_correct_side_of_eq"": true, ""m2_false_breakout"": false, ""m4_fvg_in_displacement"": true, ""m3_iof_aligned"": false, ""m5_ipda20_discount"": true, ""m6_with_20d_swing"": true, ""m7_osok_profile"": true, ""m8_cbdr_tight"": true, ""m8_ny_continues_london"": false, ""m10_us500_confirms"": false, ""m11_smt_divergence"": false, ""m12_topdown_agree"": false, ""m13_bridge_window_fvg"": false}",correct_side,25097.183,24995.557,2026-01-20T15:59:00,1.106,scorer_flat_book,0.0,0.0,,ideal,allowed
2026-01-21,US100,ny_am,True,REV,named_extreme_raid+htf_pd+mss,2026-01-21T07:15:00,bullish,24915.311,24881.086,allowlist:not_on_mint_allowlist,pdl,bearish,aligned,D_FVG_bull_2025-12-22,1.9425566106648184,,target,34.22500000000218,,sha256:b8e1b11f4604527e,kernel_ticket:pass:kernel_session_ticket|direction:pass:determined|risk:pass:within_caps|allowlist:FAIL:not_on_mint_allowlist|mode:pass:paper|contract:FAIL:hermes_integration_i0_ftn_never_actionable,"{""m1_correct_side_of_eq"": true, ""m2_false_breakout"": false, ""m4_fvg_in_displacement"": false, ""m3_iof_aligned"": true, ""m5_ipda20_discount"": true, ""m6_with_20d_swing"": true, ""m7_osok_profile"": true, ""m8_cbdr_tight"": false, ""m8_ny_continues_london"": false, ""m10_us500_confirms"": true, ""m11_smt_divergence"": false, ""m12_topdown_agree"": false, ""m13_bridge_window_fvg"": false}",correct_side,24917.027,24983.511000000006,2026-01-21T09:05:00,1.216,scorer_flat_book,0.0,0.0,,ideal,allowed
2026-01-22,US100,ny_am,True,REV,named_extreme_raid+htf_pd+mss,2026-01-22T07:15:00,bearish,25525.016,25575.283,allowlist:not_on_mint_allowlist,pdh,bullish,qualified,D_FVG_bull_2025-12-23,-1.0198937672827104,,stop,50.266999999999825,,sha256:5a54223c52d28065,kernel_ticket:pass:kernel_session_ticket|direction:pass:determined|risk:pass:within_caps|allowlist:FAIL:not_on_mint_allowlist|mode:pass:paper|contract:FAIL:hermes_integration_i0_ftn_never_actionable,"{""m1_correct_side_of_eq"": true, ""m2_false_breakout"": false, ""m4_fvg_in_displacement"": false, ""m3_iof_aligned"": false, ""m5_ipda20_discount"": true, ""m6_with_20d_swing"": false, ""m7_osok_profile"": false, ""m8_cbdr_tight"": false, ""m8_ny_continues_london"": false, ""m10_us500_confirms"": false, ""m11_smt_divergence"": false, ""m12_topdown_agree"": false, ""m13_bridge_window_fvg"": false}",correct_side,25524.516,25575.783,2026-01-22T08:47:00,1.095,scorer_flat_book,0.0,0.0,,wide,wide_cbdr
2026-01-27,US100,london,True,REV,named_extreme_raid+htf_pd+mss,2026-01-27T02:15:00,bearish,25876.044,25901.769,allowlist:not_on_mint_allowlist,pdh,bullish,qualified,D_FVG_bear_2025-12-30,-1.0388726919339186,,stop,25.724999999998545,,sha256:6d11518fc70460ba,kernel_ticket:pass:kernel_session_ticket|direction:pass:determined|risk:pass:within_caps|allowlist:FAIL:not_on_mint_allowlist|mode:pass:paper|contract:FAIL:hermes_integration_i0_ftn_never_actionable,"{""m1_correct_side_of_eq"": true, ""m2_false_breakout"": false, ""m4_fvg_in_displacement"": true, ""m3_iof_aligned"": false, ""m5_ipda20_discount"": true, ""m6_with_20d_swing"": false, ""m7_osok_profile"": true, ""m8_cbdr_tight"": true, ""m8_ny_continues_london"": null, ""m10_us500_confirms"": false, ""m11_smt_divergence"": false, ""m12_topdown_agree"": false, ""m13_bridge_window_fvg"": false}",correct_side,25875.544,25902.269,2026-01-27T06:35:00,1.194,scorer_flat_book,0.0,0.0,,ideal,allowed
2026-01-27,US100,ny_am,True,REV,named_extreme_raid+htf_pd+mss,2026-01-27T07:15:00,bearish,25887.5,25916.328999999998,allowlist:not_on_mint_allowlist,pdh,bullish,aligned,D_FVG_bear_2025-12-30,1.9739845294668543,,target,28.828999999997905,,sha256:76c1d64597d07ee3,kernel_ticket:pass:kernel_session_ticket|direction:pass:determined|risk:pass:within_caps|allowlist:FAIL:not_on_mint_allowlist|mode:pass:paper|contract:FAIL:hermes_integration_i0_ftn_never_actionable,"{""m1_correct_side_of_eq"": true, ""m2_false_breakout"": false, ""m4_fvg_in_displacement"": true, ""m3_iof_aligned"": true, ""m5_ipda20_discount"": true, ""m6_with_20d_swing"": false, ""m7_osok_profile"": true, ""m8_cbdr_tight"": true, ""m8_ny_continues_london"": true, ""m10_us500_confirms"": false, ""m11_smt_divergence"": false, ""m12_topdown_agree"": false, ""m13_bridge_window_fvg"": false}",correct_side,25887.0,25830.092000000004,2026-01-27T09:30:00,1.227,scorer_flat_book,0.0,0.0,,ideal,allowed
2026-01-28,US100,london,True,REV,named_extreme_raid+htf_pd+mss,2026-01-28T02:15:00,bearish,26191.903,26221.05,allowlist:not_on_mint_allowlist,pdh,bullish,aligned,D_FVG_bull_2026-01-27,1.9742683638110277,,target,29.147000000000844,,sha256:306715b5fcc41ba3,kernel_ticket:pass:kernel_session_ticket|direction:pass:determined|risk:pass:within_caps|allowlist:FAIL:not_on_mint_allowlist|mode:pass:paper|contract:FAIL:hermes_integration_i0_ftn_never_actionable,"{""m1_correct_side_of_eq"": true, ""m2_false_breakout"": false, ""m4_fvg_in_displacement"": false, ""m3_iof_aligned"": true, ""m5_ipda20_discount"": true, ""m6_with_20d_swing"": false, ""m7_osok_profile"": true, ""m8_cbdr_tight"": false, ""m8_ny_continues_london"": null, ""m10_us500_confirms"": false, ""m11_smt_divergence"": false, ""m12_topdown_agree"": false, ""m13_bridge_window_fvg"": false}",correct_side,26191.403,26133.858999999997,2026-01-28T04:05:00,1.15,scorer_flat_book,0.0,0.0,14:00 fomc_decision,ideal,news
2026-01-28,US100,ny_am,True,REV,named_extreme_raid+htf_pd+mss,2026-01-28T07:15:00,bearish,26162.87,26221.05,allowlist:not_on_mint_allowlist,pdh,bullish,aligned,D_FVG_bull_2026-01-27,1.9871089721553798,,target,58.18000000000029,,sha256:ef9dc8833a7b6a6d,kernel_ticket:pass:kernel_session_ticket|direction:pass:determined|risk:pass:within_caps|allowlist:FAIL:not_on_mint_allowlist|mode:pass:paper|contract:FAIL:hermes_integration_i0_ftn_never_actionable,"{""m1_correct_side_of_eq"": true, ""m2_false_breakout"": false, ""m4_fvg_in_displacement"": true, ""m3_iof_aligned"": true, ""m5_ipda20_discount"": true, ""m6_with_20d_swing"": false, ""m7_osok_profile"": true, ""m8_cbdr_tight"": false, ""m8_ny_continues_london"": true, ""m10_us500_confirms"": true, ""m11_smt_divergence"": false, ""m12_topdown_agree"": false, ""m13_bridge_window_fvg"": false}",correct_side,26162.37,26046.76,2026-01-28T10:47:00,1.26,scorer_flat_book,0.0,0.0,14:00 fomc_decision,ideal,news
2026-02-02,US100,london,True,REV,named_extreme_raid+htf_pd+mss,2026-02-02T03:45:00,bullish,25292.279,25067.279,allowlist:not_on_mint_allowlist,pdl,bearish,qualified,D_FVG_bull_2026-01-07,1.9927466666666602,,target,225.0,,sha256:8ebb2276befe0c2e,kernel_ticket:pass:kernel_session_ticket|direction:pass:determined|risk:pass:within_caps|allowlist:FAIL:not_on_mint_allowlist|mode:pass:paper|contract:FAIL:hermes_integration_i0_ftn_never_actionable,"{""m1_correct_side_of_eq"": true, ""m2_false_breakout"": false, ""m4_fvg_in_displacement"": true, ""m3_iof_aligned"": false, ""m5_ipda20_discount"": true, ""m6_with_20d_swing"": true, ""m7_osok_profile"": true, ""m8_cbdr_tight"": false, ""m8_ny_continues_london"": null, ""m10_us500_confirms"": true, ""m11_smt_divergence"": false, ""m12_topdown_agree"": false, ""m13_bridge_window_fvg"": false}",correct_side,25293.661,25742.029,2026-02-02T10:12:00,0.882,scorer_flat_book,0.0,0.0,,ideal,poor_consolidation
2026-02-05,US100,ny_am,True,REV,named_extreme_raid+htf_pd+mss,2026-02-05T08:00:00,bullish,24693.447,24607.469,allowlist:not_on_mint_allowlist,pdl,bearish,aligned,D_FVG_bull_2026-01-22,-1.0253902161018043,,stop,85.97799999999916,,sha256:a6e390cb6ded61d2,kernel_ticket:pass:kernel_session_ticket|direction:pass:determined|risk:pass:within_caps|allowlist:FAIL:not_on_mint_allowlist|mode:pass:paper|contract:FAIL:hermes_integration_i0_ftn_never_actionable,"{""m1_correct_side_of_eq"": true, ""m2_false_breakout"": true, ""m4_fvg_in_displacement"": false, ""m3_iof_aligned"": true, ""m5_ipda20_discount"": true, ""m6_with_20d_swing"": false, ""m7_osok_profile"": false, ""m8_cbdr_tight"": false, ""m8_ny_continues_london"": false, ""m10_us500_confirms"": true, ""m11_smt_divergence"": false, ""m12_topdown_agree"": false, ""m13_bridge_window_fvg"": false}",correct_side,24695.13,24606.969,2026-02-05T09:30:00,1.183,scorer_flat_book,0.0,0.0,,expanded,expanded_cbdr
2026-02-11,US100,ny_am,True,REV,named_extreme_raid+htf_pd+mss,2026-02-11T07:15:00,bullish,25190.816,25063.783,allowlist:not_on_mint_allowlist,pdl,bearish,qualified,D_FVG_bull_2026-01-22,-1.017271102784312,,stop,127.03299999999945,,sha256:288094db72d5853c,kernel_ticket:pass:kernel_session_ticket|direction:pass:determined|risk:pass:within_caps|allowlist:FAIL:not_on_mint_allowlist|mode:pass:paper|contract:FAIL:hermes_integration_i0_ftn_never_actionable,"{""m1_correct_side_of_eq"": true, ""m2_false_breakout"": false, ""m4_fvg_in_displacement"": true, ""m3_iof_aligned"": false, ""m5_ipda20_discount"": false, ""m6_with_20d_swing"": false, ""m7_osok_profile"": true, ""m8_cbdr_tight"": true, ""m8_ny_continues_london"": false, ""m10_us500_confirms"": true, ""m11_smt_divergence"": false, ""m12_topdown_agree"": false, ""m13_bridge_window_fvg"": false}",correct_side,25192.51,25063.283,2026-02-11T10:13:00,1.194,scorer_flat_book,0.0,0.0,08:30 nfp,ideal,news
2026-02-13,US100,london,True,REV,named_extreme_raid+htf_pd+mss,2026-02-13T02:15:00,bullish,24662.686,24569.675,allowlist:not_on_mint_allowlist,pdl,bearish,qualified,D_FVG_bear_2026-02-05,-1.023115545473092,,stop,93.01100000000224,,sha256:4b1107fc19a9eb34,kernel_ticket:pass:kernel_session_ticket|direction:pass:determined|risk:pass:within_caps|allowlist:FAIL:not_on_mint_allowlist|mode:pass:paper|contract:FAIL:hermes_integration_i0_ftn_never_actionable,"{""m1_correct_side_of_eq"": true, ""m2_false_breakout"": false, ""m4_fvg_in_displacement"": true, ""m3_iof_aligned"": false, ""m5_ipda20_discount"": true, ""m6_with_20d_swing"": false, ""m7_osok_profile"": false, ""m8_cbdr_tight"": false, ""m8_ny_continues_london"": null, ""m10_us500_confirms"": true, ""m11_smt_divergence"": false, ""m12_topdown_agree"": false, ""m13_bridge_window_fvg"": false}",correct_side,24664.336,24569.175,2026-02-13T06:30:00,1.15,scorer_flat_book,0.0,0.0,08:30 cpi,ideal,news
2026-02-13,US100,ny_am,True,REV,named_extreme_raid+htf_pd+mss,2026-02-13T10:00:00,bullish,24624.708,24505.631,allowlist:not_on_mint_allowlist,pdl,bearish,aligned,D_FVG_bear_2026-02-05,1.9842286923587205,,target,119.0769999999975,,sha256:acba2873a0e94c6d,kernel_ticket:pass:kernel_session_ticket|direction:pass:determined|risk:pass:within_caps|allowlist:FAIL:not_on_mint_allowlist|mode:pass:paper|contract:FAIL:hermes_integration_i0_ftn_never_actionable,"{""m1_correct_side_of_eq"": true, ""m2_false_breakout"": false, ""m4_fvg_in_displacement"": true, ""m3_iof_aligned"": true, ""m5_ipda20_discount"": true, ""m6_with_20d_swing"": false, ""m7_osok_profile"": false, ""m8_cbdr_tight"": false, ""m8_ny_continues_london"": true, ""m10_us500_confirms"": false, ""m11_smt_divergence"": false, ""m12_topdown_agree"": false, ""m13_bridge_window_fvg"": true}",correct_side,24626.336,24862.611999999994,2026-02-13T12:13:00,1.128,scorer_flat_book,0.0,0.0,08:30 cpi,ideal,news
2026-02-17,US100,london,True,REV,named_extreme_raid+htf_pd+mss,2026-02-17T02:15:00,bullish,24530.892,24487.881,allowlist:not_on_mint_allowlist,pdl,bearish,qualified,D_FVG_bear_2026-02-13,1.954290762828104,,target,43.0109999999986,,sha256:88d5c3a8be32f725,kernel_ticket:pass:kernel_session_ticket|direction:pass:determined|risk:pass:within_caps|allowlist:FAIL:not_on_mint_allowlist|mode:pass:paper|contract:FAIL:hermes_integration_i0_ftn_never_actionable,"{""m1_correct_side_of_eq"": true, ""m2_false_breakout"": true, ""m4_fvg_in_displacement"": false, ""m3_iof_aligned"": false, ""m5_ipda20_discount"": true, ""m6_with_20d_swing"": false, ""m7_osok_profile"": true, ""m8_cbdr_tight"": false, ""m8_ny_continues_london"": null, ""m10_us500_confirms"": false, ""m11_smt_divergence"": true, ""m12_topdown_agree"": false, ""m13_bridge_window_fvg"": false}",correct_side,24532.608,24616.663999999997,2026-02-17T03:01:00,1.216,scorer_flat_book,0.0,0.0,,ideal,allowed
2026-02-17,US100,ny_am,True,REV,named_extreme_raid+htf_pd+mss,2026-02-17T07:15:00,bullish,24582.881,24487.881,allowlist:not_on_mint_allowlist,pdl,bearish,qualified,D_FVG_bear_2026-02-13,-1.0227473684210533,,stop,95.0,,sha256:45a77273b8b2116b,kernel_ticket:pass:kernel_session_ticket|direction:pass:determined|risk:pass:within_caps|allowlist:FAIL:not_on_mint_allowlist|mode:pass:paper|contract:FAIL:hermes_integration_i0_ftn_never_actionable,"{""m1_correct_side_of_eq"": true, ""m2_false_breakout"": true, ""m4_fvg_in_displacement"": true, ""m3_iof_aligned"": false, ""m5_ipda20_discount"": true, ""m6_with_20d_swing"": false, ""m7_osok_profile"": true, ""m8_cbdr_tight"": false, ""m8_ny_continues_london"": true, ""m10_us500_confirms"": true, ""m11_smt_divergence"": true, ""m12_topdown_agree"": false, ""m13_bridge_window_fvg"": false}",correct_side,24584.542,24487.381,2026-02-17T08:05:00,1.161,scorer_flat_book,0.0,0.0,,ideal,allowed
2026-02-20,US100,ny_am,True,REV,named_extreme_raid+htf_pd+mss,2026-02-20T09:00:00,bullish,24711.022,24663.544,allowlist:not_on_mint_allowlist,pdl,bearish,aligned,D_FVG_bear_2026-02-13,-1.045515817852481,,stop,47.477999999999156,,sha256:36807357493f1c53,kernel_ticket:pass:kernel_session_ticket|direction:pass:determined|risk:pass:within_caps|allowlist:FAIL:not_on_mint_allowlist|mode:pass:paper|contract:FAIL:hermes_integration_i0_ftn_never_actionable,"{""m1_correct_side_of_eq"": true, ""m2_false_breakout"": true, ""m4_fvg_in_displacement"": false, ""m3_iof_aligned"": true, ""m5_ipda20_discount"": true, ""m6_with_20d_swing"": false, ""m7_osok_profile"": false, ""m8_cbdr_tight"": true, ""m8_ny_continues_london"": false, ""m10_us500_confirms"": true, ""m11_smt_divergence"": true, ""m12_topdown_agree"": false, ""m13_bridge_window_fvg"": false}",correct_side,24712.683,24663.044,2026-02-20T09:15:00,1.161,scorer_flat_book,0.0,0.0,,ideal,allowed
2026-02-25,US100,ny_am,True,REV,named_extreme_raid+htf_pd+mss,2026-02-25T07:15:00,bearish,25061.249,25082.749,allowlist:not_on_mint_allowlist,pdh,bullish,aligned,D_FVG_bear_2026-02-13,-1.0465116279069768,,stop,21.5,,sha256:194344739b21999e,kernel_ticket:pass:kernel_session_ticket|direction:pass:determined|risk:pass:within_caps|allowlist:FAIL:not_on_mint_allowlist|mode:pass:paper|contract:FAIL:hermes_integration_i0_ftn_never_actionable,"{""m1_correct_side_of_eq"": true, ""m2_false_breakout"": true, ""m4_fvg_in_displacement"": false, ""m3_iof_aligned"": true, ""m5_ipda20_discount"": false, ""m6_with_20d_swing"": true, ""m7_osok_profile"": true, ""m8_cbdr_tight"": true, ""m8_ny_continues_london"": false, ""m10_us500_confirms"": false, ""m11_smt_divergence"": false, ""m12_topdown_agree"": false, ""m13_bridge_window_fvg"": false}",correct_side,25060.749,25083.249,2026-02-25T07:20:00,0.937,scorer_flat_book,0.0,0.0,,ideal,allowed
2026-02-26,US100,ny_am,True,REV,named_extreme_raid+htf_pd+mss,2026-02-26T09:15:00,bearish,25329.772,25369.949,allowlist:not_on_mint_allowlist,pdh,bullish,aligned,D_FVG_bear_2026-02-05,1.981332603230704,,target,40.17699999999968,,sha256:ff7ea302ed586502,kernel_ticket:pass:kernel_session_ticket|direction:pass:determined|risk:pass:within_caps|allowlist:FAIL:not_on_mint_allowlist|mode:pass:paper|contract:FAIL:hermes_integration_i0_ftn_never_actionable,"{""m1_correct_side_of_eq"": true, ""m2_false_breakout"": true, ""m4_fvg_in_displacement"": false, ""m3_iof_aligned"": true, ""m5_ipda20_discount"": true, ""m6_with_20d_swing"": true, ""m7_osok_profile"": false, ""m8_cbdr_tight"": true, ""m8_ny_continues_london"": false, ""m10_us500_confirms"": true, ""m11_smt_divergence"": false, ""m12_topdown_agree"": false, ""m13_bridge_window_fvg"": false}",correct_side,25329.272,25249.668,2026-02-26T09:30:00,1.194,scorer_flat_book,0.0,0.0,,ideal,allowed
2026-02-27,US100,ny_am,True,REV,named_extreme_raid+htf_pd+mss,2026-02-27T09:00:00,bullish,24828.155,24752.111,allowlist:not_on_mint_allowlist,pdl,bearish,aligned,D_FVG_bear_2026-02-13,-1.0282731050444678,,stop,76.04399999999805,,sha256:c2e21fd28d48e888,kernel_ticket:pass:kernel_session_ticket|direction:pass:determined|risk:pass:within_caps|allowlist:FAIL:not_on_mint_allowlist|mode:pass:paper|contract:FAIL:hermes_integration_i0_ftn_never_actionable,"{""m1_correct_side_of_eq"": true, ""m2_false_breakout"": false, ""m4_fvg_in_displacement"": false, ""m3_iof_aligned"": true, ""m5_ipda20_discount"": true, ""m6_with_20d_swing"": false, ""m7_osok_profile"": false, ""m8_cbdr_tight"": true, ""m8_ny_continues_london"": false, ""m10_us500_confirms"": true, ""m11_smt_divergence"": false, ""m12_topdown_agree"": false, ""m13_bridge_window_fvg"": false}",correct_side,24829.805,24751.611,2026-02-27T09:43:00,1.15,scorer_flat_book,0.0,0.0,,ideal,allowed
2026-03-06,US100,ny_am,True,REV,named_extreme_raid+htf_pd+mss,2026-03-06T09:00:00,bullish,24616.07,24588.114,allowlist:not_on_mint_allowlist,pdl,bearish,aligned,D_FVG_bear_2026-02-13,-1.0780869938475115,,stop,27.955999999998312,,sha256:7bce158ffec7953c,kernel_ticket:pass:kernel_session_ticket|direction:pass:determined|risk:pass:within_caps|allowlist:FAIL:not_on_mint_allowlist|mode:pass:paper|contract:FAIL:hermes_integration_i0_ftn_never_actionable,"{""m1_correct_side_of_eq"": true, ""m2_false_breakout"": false, ""m4_fvg_in_displacement"": false, ""m3_iof_aligned"": true, ""m5_ipda20_discount"": true, ""m6_with_20d_swing"": true, ""m7_osok_profile"": false, ""m8_cbdr_tight"": false, ""m8_ny_continues_london"": false, ""m10_us500_confirms"": false, ""m11_smt_divergence"": false, ""m12_topdown_agree"": false, ""m13_bridge_window_fvg"": false}",correct_side,24617.753,24587.614,2026-03-06T09:09:00,1.183,scorer_flat_book,0.0,0.0,08:30 nfp,expanded,news
2026-03-09,US100,ny_am,True,REV,named_extreme_raid+htf_pd+mss,2026-03-09T10:00:00,bullish,24344.522,24058.642,allowlist:not_on_mint_allowlist,pdl,bearish,aligned,D_FVG_bear_2026-02-13,1.9930845109836333,,target,285.880000000001,,sha256:221888d0c65090be,kernel_ticket:pass:kernel_session_ticket|direction:pass:determined|risk:pass:within_caps|allowlist:FAIL:not_on_mint_allowlist|mode:pass:paper|contract:FAIL:hermes_integration_i0_ftn_never_actionable,"{""m1_correct_side_of_eq"": true, ""m2_false_breakout"": false, ""m4_fvg_in_displacement"": true, ""m3_iof_aligned"": true, ""m5_ipda20_discount"": true, ""m6_with_20d_swing"": true, ""m7_osok_profile"": true, ""m8_cbdr_tight"": false, ""m8_ny_continues_london"": true, ""m10_us500_confirms"": true, ""m11_smt_divergence"": false, ""m12_topdown_agree"": false, ""m13_bridge_window_fvg"": true}",correct_side,24346.249,24916.032000000003,2026-03-09T15:28:00,1.227,scorer_flat_book,0.0,0.0,,ideal,allowed
2026-03-10,US100,ny_am,True,REV,named_extreme_raid+htf_pd+mss,2026-03-10T07:15:00,bearish,24981.125,25121.076999999997,allowlist:not_on_mint_allowlist,pdh,bullish,qualified,D_FVG_bear_2026-02-13,-1.0071453069623872,,stop,139.9519999999975,,sha256:922b461de4000dc5,kernel_ticket:pass:kernel_session_ticket|direction:pass:determined|risk:pass:within_caps|allowlist:FAIL:not_on_mint_allowlist|mode:pass:paper|contract:FAIL:hermes_integration_i0_ftn_never_actionable,"{""m1_correct_side_of_eq"": true, ""m2_false_breakout"": false, ""m4_fvg_in_displacement"": true, ""m3_iof_aligned"": false, ""m5_ipda20_discount"": true, ""m6_with_20d_swing"": true, ""m7_osok_profile"": true, ""m8_cbdr_tight"": false, ""m8_ny_continues_london"": false, ""m10_us500_confirms"": true, ""m11_smt_divergence"": false, ""m12_topdown_agree"": false, ""m13_bridge_window_fvg"": false}",correct_side,24980.625,25121.576999999997,2026-03-10T10:59:00,1.183,scorer_flat_book,0.0,0.0,,wide,wide_cbdr
2026-03-12,US100,london,True,REV,named_extreme_raid+htf_pd+mss,2026-03-12T02:15:00,bullish,24732.719,24688.088,allowlist:not_on_mint_allowlist,pdl,bearish,qualified,D_FVG_bear_2026-02-13,1.958661020367066,,target,44.63100000000122,,sha256:234ae45f427eb3d8,kernel_ticket:pass:kernel_session_ticket|direction:pass:determined|risk:pass:within_caps|allowlist:FAIL:not_on_mint_allowlist|mode:pass:paper|contract:FAIL:hermes_integration_i0_ftn_never_actionable,"{""m1_correct_side_of_eq"": true, ""m2_false_breakout"": false, ""m4_fvg_in_displacement"": true, ""m3_iof_aligned"": false, ""m5_ipda20_discount"": false, ""m6_with_20d_swing"": false, ""m7_osok_profile"": false, ""m8_cbdr_tight"": false, ""m8_ny_continues_london"": null, ""m10_us500_confirms"": true, ""m11_smt_divergence"": false, ""m12_topdown_agree"": false, ""m13_bridge_window_fvg"": false}",correct_side,24734.314,24821.731000000003,2026-03-12T03:53:00,1.095,scorer_flat_book,0.0,0.0,,ideal,allowed
2026-03-12,US100,ny_am,True,REV,named_extreme_raid+htf_pd+mss,2026-03-12T10:00:00,bullish,24637.816,24611.316,allowlist:not_on_mint_allowlist,pdl,bearish,aligned,D_FVG_bear_2026-02-13,1.9303773584905222,,target,26.5,,sha256:13140c5c14025aba,kernel_ticket:pass:kernel_session_ticket|direction:pass:determined|risk:pass:within_caps|allowlist:FAIL:not_on_mint_allowlist|mode:pass:paper|contract:FAIL:hermes_integration_i0_ftn_never_actionable,"{""m1_correct_side_of_eq"": true, ""m2_false_breakout"": false, ""m4_fvg_in_displacement"": true, ""m3_iof_aligned"": true, ""m5_ipda20_discount"": true, ""m6_with_20d_swing"": false, ""m7_osok_profile"": false, ""m8_cbdr_tight"": false, ""m8_ny_continues_london"": true, ""m10_us500_confirms"": false, ""m11_smt_divergence"": false, ""m12_topdown_agree"": false, ""m13_bridge_window_fvg"": true}",correct_side,24639.411,24690.566,2026-03-12T10:01:00,1.095,scorer_flat_book,0.0,0.0,,ideal,allowed
2026-03-13,US100,ny_am,True,REV,named_extreme_raid+htf_pd+mss,2026-03-13T07:15:00,bullish,24601.566,24379.775,allowlist:not_on_mint_allowlist,pdl,bearish,qualified,D_FVG_bear_2026-02-13,-1.0095946183569244,,stop,221.79099999999744,,sha256:654bdafd6a17d4f2,kernel_ticket:pass:kernel_session_ticket|direction:pass:determined|risk:pass:within_caps|allowlist:FAIL:not_on_mint_allowlist|mode:pass:paper|contract:FAIL:hermes_integration_i0_ftn_never_actionable,"{""m1_correct_side_of_eq"": true, ""m2_false_breakout"": false, ""m4_fvg_in_displacement"": true, ""m3_iof_aligned"": false, ""m5_ipda20_discount"": true, ""m6_with_20d_swing"": false, ""m7_osok_profile"": false, ""m8_cbdr_tight"": true, ""m8_ny_continues_london"": false, ""m10_us500_confirms"": true, ""m11_smt_divergence"": false, ""m12_topdown_agree"": false, ""m13_bridge_window_fvg"": false}",correct_side,24603.194,24379.275,2026-03-13T11:57:00,1.128,scorer_flat_book,0.0,0.0,,ideal,allowed
2026-03-17,US100,ny_am,True,REV,named_extreme_raid+htf_pd+mss,2026-03-17T10:00:00,bearish,24859.199,24887.798,allowlist:not_on_mint_allowlist,pdh,bullish,aligned,D_FVG_bear_2026-03-13,1.9737753068289086,,target,28.59899999999834,,sha256:468f9e4f581e91e6,kernel_ticket:pass:kernel_session_ticket|direction:pass:determined|risk:pass:within_caps|allowlist:FAIL:not_on_mint_allowlist|mode:pass:paper|contract:FAIL:hermes_integration_i0_ftn_never_actionable,"{""m1_correct_side_of_eq"": true, ""m2_false_breakout"": false, ""m4_fvg_in_displacement"": false, ""m3_iof_aligned"": true, ""m5_ipda20_discount"": true, ""m6_with_20d_swing"": true, ""m7_osok_profile"": true, ""m8_cbdr_tight"": false, ""m8_ny_continues_london"": false, ""m10_us500_confirms"": false, ""m11_smt_divergence"": false, ""m12_topdown_agree"": false, ""m13_bridge_window_fvg"": false}",correct_side,24858.699,24802.251000000004,2026-03-17T10:14:00,4.928,scorer_flat_book,0.0,0.0,,ideal,allowed
2026-03-18,US100,london,True,REV,named_extreme_raid+htf_pd+mss,2026-03-18T02:15:00,bearish,24946.686,24957.605,allowlist:not_on_mint_allowlist,pdh,bullish,aligned,D_FVG_bear_2026-03-13,-1.0915834783405238,,stop,10.91899999999805,,sha256:e3a4324ebb347d83,kernel_ticket:pass:kernel_session_ticket|direction:pass:determined|risk:pass:within_caps|allowlist:FAIL:not_on_mint_allowlist|mode:pass:paper|contract:FAIL:hermes_integration_i0_ftn_never_actionable,"{""m1_correct_side_of_eq"": true, ""m2_false_breakout"": false, ""m4_fvg_in_displacement"": false, ""m3_iof_aligned"": true, ""m5_ipda20_discount"": true, ""m6_with_20d_swing"": false, ""m7_osok_profile"": true, ""m8_cbdr_tight"": true, ""m8_ny_continues_london"": null, ""m10_us500_confirms"": false, ""m11_smt_divergence"": true, ""m12_topdown_agree"": false, ""m13_bridge_window_fvg"": false}",correct_side,24946.186,24958.105,2026-03-18T02:20:00,1.095,scorer_flat_book,0.0,0.0,14:00 fomc_decision,ideal,news
2026-03-18,US100,ny_am,True,REV,named_extreme_raid+htf_pd+mss,2026-03-18T07:15:00,bearish,24936.719,24983.148999999998,allowlist:not_on_mint_allowlist,pdh,bullish,qualified,D_FVG_bear_2026-03-13,1.9838466508722796,,target,46.42999999999665,,sha256:85693079288c960c,kernel_ticket:pass:kernel_session_ticket|direction:pass:determined|risk:pass:within_caps|allowlist:FAIL:not_on_mint_allowlist|mode:pass:paper|contract:FAIL:hermes_integration_i0_ftn_never_actionable,"{""m1_correct_side_of_eq"": true, ""m2_false_breakout"": false, ""m4_fvg_in_displacement"": true, ""m3_iof_aligned"": false, ""m5_ipda20_discount"": true, ""m6_with_20d_swing"": false, ""m7_osok_profile"": true, ""m8_cbdr_tight"": true, ""m8_ny_continues_london"": false, ""m10_us500_confirms"": false, ""m11_smt_divergence"": false, ""m12_topdown_agree"": false, ""m13_bridge_window_fvg"": false}",correct_side,24936.219,24844.109000000008,2026-03-18T08:05:00,1.084,scorer_flat_book,0.0,0.0,14:00 fomc_decision,ideal,news
2026-03-19,US100,london,True,REV,named_extreme_raid+htf_pd+mss,2026-03-19T02:15:00,bullish,24394.925,24354.153,allowlist:not_on_mint_allowlist,pdl,bearish,aligned,D_FVG_bear_2026-03-13,-1.053271853232666,,stop,40.772000000000844,,sha256:573262396d1a6ba6,kernel_ticket:pass:kernel_session_ticket|direction:pass:determined|risk:pass:within_caps|allowlist:FAIL:not_on_mint_allowlist|mode:pass:paper|contract:FAIL:hermes_integration_i0_ftn_never_actionable,"{""m1_correct_side_of_eq"": true, ""m2_false_breakout"": true, ""m4_fvg_in_displacement"": false, ""m3_iof_aligned"": true, ""m5_ipda20_discount"": true, ""m6_with_20d_swing"": false, ""m7_osok_profile"": false, ""m8_cbdr_tight"": false, ""m8_ny_continues_london"": null, ""m10_us500_confirms"": false, ""m11_smt_divergence"": true, ""m12_topdown_agree"": false, ""m13_bridge_window_fvg"": false}",correct_side,24396.597,24353.653,2026-03-19T02:38:00,1.172,scorer_flat_book,0.0,0.0,,wide,wide_cbdr
2026-03-19,US100,ny_am,True,REV,named_extreme_raid+htf_pd+mss,2026-03-19T10:00:00,bullish,24280.569,24105.175,allowlist:not_on_mint_allowlist,pdl,bearish,qualified,D_FVG_bear_2026-03-13,0.38709419934547445,,time,175.39400000000023,,sha256:bfaf4b7770b3bf52,kernel_ticket:pass:kernel_session_ticket|direction:pass:determined|risk:pass:within_caps|allowlist:FAIL:not_on_mint_allowlist|mode:pass:paper|contract:FAIL:hermes_integration_i0_ftn_never_actionable,"{""m1_correct_side_of_eq"": true, ""m2_false_breakout"": true, ""m4_fvg_in_displacement"": true, ""m3_iof_aligned"": false, ""m5_ipda20_discount"": true, ""m6_with_20d_swing"": false, ""m7_osok_profile"": false, ""m8_cbdr_tight"": false, ""m8_ny_continues_london"": false, ""m10_us500_confirms"": false, ""m11_smt_divergence"": false, ""m12_topdown_agree"": false, ""m13_bridge_window_fvg"": true}",correct_side,24283.931,24351.825,2026-03-19T15:59:00,2.862,scorer_flat_book,0.0,0.0,,wide,wide_cbdr
2026-03-20,US100,ny_am,True,REV,named_extreme_raid+htf_pd+mss,2026-03-20T07:15:00,bullish,24234.631,24101.283,allowlist:not_on_mint_allowlist,pdl,bearish,aligned,D_FVG_bear_2026-03-19,-1.016288208297077,,stop,133.34800000000178,,sha256:6957d96f66773097,kernel_ticket:pass:kernel_session_ticket|direction:pass:determined|risk:pass:within_caps|allowlist:FAIL:not_on_mint_allowlist|mode:pass:paper|contract:FAIL:hermes_integration_i0_ftn_never_actionable,"{""m1_correct_side_of_eq"": true, ""m2_false_breakout"": true, ""m4_fvg_in_displacement"": true, ""m3_iof_aligned"": true, ""m5_ipda20_discount"": true, ""m6_with_20d_swing"": false, ""m7_osok_profile"": false, ""m8_cbdr_tight"": false, ""m8_ny_continues_london"": false, ""m10_us500_confirms"": true, ""m11_smt_divergence"": false, ""m12_topdown_agree"": false, ""m13_bridge_window_fvg"": false}",correct_side,24236.303,24100.783,2026-03-20T09:57:00,1.172,scorer_flat_book,0.0,0.0,,ideal,allowed
2026-03-23,US100,london,True,REV,named_extreme_raid+htf_pd+mss,2026-03-23T02:15:00,bullish,23722.958,23702.664,allowlist:not_on_mint_allowlist,pdl,bearish,aligned,D_FVG_bear_2026-03-19,-1.106484675273493,,stop,20.29399999999805,,sha256:889673db160fdbb8,kernel_ticket:pass:kernel_session_ticket|direction:pass:determined|risk:pass:within_caps|allowlist:FAIL:not_on_mint_allowlist|mode:pass:paper|contract:FAIL:hermes_integration_i0_ftn_never_actionable,"{""m1_correct_side_of_eq"": true, ""m2_false_breakout"": false, ""m4_fvg_in_displacement"": true, ""m3_iof_aligned"": true, ""m5_ipda20_discount"": true, ""m6_with_20d_swing"": false, ""m7_osok_profile"": true, ""m8_cbdr_tight"": false, ""m8_ny_continues_london"": null, ""m10_us500_confirms"": false, ""m11_smt_divergence"": false, ""m12_topdown_agree"": false, ""m13_bridge_window_fvg"": false}",correct_side,23724.619,23702.164,2026-03-23T02:30:00,1.161,scorer_flat_book,0.0,0.0,,ideal,allowed
2026-03-23,US100,ny_am,True,REV,named_extreme_raid+htf_pd+mss,2026-03-23T07:15:00,bullish,23684.425,23560.033,allowlist:not_on_mint_allowlist,pdl,bearish,aligned,D_FVG_bear_2026-03-19,1.984460415460794,,target,124.39199999999983,,sha256:1187c8566b3fff78,kernel_ticket:pass:kernel_session_ticket|direction:pass:determined|risk:pass:within_caps|allowlist:FAIL:not_on_mint_allowlist|mode:pass:paper|contract:FAIL:hermes_integration_i0_ftn_never_actionable,"{""m1_correct_side_of_eq"": true, ""m2_false_breakout"": false, ""m4_fvg_in_displacement"": true, ""m3_iof_aligned"": true, ""m5_ipda20_discount"": true, ""m6_with_20d_swing"": false, ""m7_osok_profile"": true, ""m8_cbdr_tight"": false, ""m8_ny_continues_london"": false, ""m10_us500_confirms"": true, ""m11_smt_divergence"": false, ""m12_topdown_agree"": false, ""m13_bridge_window_fvg"": false}",correct_side,23686.108,23932.959,2026-03-23T07:18:00,1.183,scorer_flat_book,0.0,0.0,,ideal,allowed
2026-03-25,US100,london,True,REV,named_extreme_raid+htf_pd+mss,2026-03-25T04:45:00,bearish,24279.376,24327.347,allowlist:not_on_mint_allowlist,pdh,bearish,qualified,D_FVG_bear_2026-03-19,-1.0208459277480137,,stop,47.97100000000137,,sha256:c2b02228481a9ee8,kernel_ticket:pass:kernel_session_ticket|direction:pass:determined|risk:pass:within_caps|allowlist:FAIL:not_on_mint_allowlist|mode:pass:paper|contract:FAIL:hermes_integration_i0_ftn_never_actionable,"{""m1_correct_side_of_eq"": true, ""m2_false_breakout"": false, ""m4_fvg_in_displacement"": false, ""m3_iof_aligned"": false, ""m5_ipda20_discount"": false, ""m6_with_20d_swing"": true, ""m7_osok_profile"": true, ""m8_cbdr_tight"": false, ""m8_ny_continues_london"": null, ""m10_us500_confirms"": true, ""m11_smt_divergence"": false, ""m12_topdown_agree"": true, ""m13_bridge_window_fvg"": false}",correct_side,24278.876,24327.847,2026-03-25T08:07:00,3.471,scorer_flat_book,0.0,0.0,,ideal,allowed
2026-03-25,US100,ny_am,True,REV,named_extreme_raid+htf_pd+mss,2026-03-25T10:00:00,bearish,24156.589,24330.936999999998,allowlist:not_on_mint_allowlist,pdh,bearish,aligned,D_FVG_bear_2026-03-19,-0.04041916167663946,,time,174.34799999999814,,sha256:e232ebf2a09a25b0,kernel_ticket:pass:kernel_session_ticket|direction:pass:determined|risk:pass:within_caps|allowlist:FAIL:not_on_mint_allowlist|mode:pass:paper|contract:FAIL:hermes_integration_i0_ftn_never_actionable,"{""m1_correct_side_of_eq"": true, ""m2_false_breakout"": false, ""m4_fvg_in_displacement"": true, ""m3_iof_aligned"": true, ""m5_ipda20_discount"": false, ""m6_with_20d_swing"": true, ""m7_osok_profile"": true, ""m8_cbdr_tight"": false, ""m8_ny_continues_london"": false, ""m10_us500_confirms"": true, ""m11_smt_divergence"": false, ""m12_topdown_agree"": true, ""m13_bridge_window_fvg"": true}",correct_side,24156.089,24163.136,2026-03-25T15:59:00,1.279,scorer_flat_book,0.0,0.0,,ideal,allowed
2026-03-26,US100,london,True,REV,named_extreme_raid+htf_pd+mss,2026-03-26T02:30:00,bullish,24072.609,24020.319,allowlist:not_on_mint_allowlist,pdl,bearish,aligned,D_FVG_bear_2026-03-19,-1.0846433352457334,,stop,52.29000000000087,,sha256:b84956473156aee3,kernel_ticket:pass:kernel_session_ticket|direction:pass:determined|risk:pass:within_caps|allowlist:FAIL:not_on_mint_allowlist|mode:pass:paper|contract:FAIL:hermes_integration_i0_ftn_never_actionable,"{""m1_correct_side_of_eq"": true, ""m2_false_breakout"": false, ""m4_fvg_in_displacement"": false, ""m3_iof_aligned"": true, ""m5_ipda20_discount"": true, ""m6_with_20d_swing"": false, ""m7_osok_profile"": false, ""m8_cbdr_tight"": true, ""m8_ny_continues_london"": null, ""m10_us500_confirms"": true, ""m11_smt_divergence"": false, ""m12_topdown_agree"": false, ""m13_bridge_window_fvg"": false}",correct_side,24076.535,24019.819,2026-03-26T03:20:00,3.426,scorer_flat_book,0.0,0.0,,ideal,allowed
2026-03-26,US100,ny_am,True,REV,named_extreme_raid+htf_pd+mss,2026-03-26T07:15:00,bullish,23957.066,23900.414,allowlist:not_on_mint_allowlist,pdl,bearish,qualified,D_FVG_bear_2026-03-19,-1.037562663277566,,stop,56.651999999998225,,sha256:0bb17ad97c2eeaae,kernel_ticket:pass:kernel_session_ticket|direction:pass:determined|risk:pass:within_caps|allowlist:FAIL:not_on_mint_allowlist|mode:pass:paper|contract:FAIL:hermes_integration_i0_ftn_never_actionable,"{""m1_correct_side_of_eq"": true, ""m2_false_breakout"": false, ""m4_fvg_in_displacement"": true, ""m3_iof_aligned"": false, ""m5_ipda20_discount"": true, ""m6_with_20d_swing"": false, ""m7_osok_profile"": false, ""m8_cbdr_tight"": true, ""m8_ny_continues_london"": false, ""m10_us500_confirms"": false, ""m11_smt_divergence"": false, ""m12_topdown_agree"": false, ""m13_bridge_window_fvg"": false}",correct_side,23958.694,23899.914,2026-03-26T07:58:00,1.128,scorer_flat_book,0.0,0.0,,ideal,allowed
2026-03-27,US100,ny_am,True,REV,named_extreme_raid+htf_pd+mss,2026-03-27T07:15:00,bullish,23439.833,23417.866,allowlist:not_on_mint_allowlist,pdl,bearish,aligned,D_FVG_bear_2026-03-19,1.9140073746982693,,target,21.966999999996915,,sha256:9246eea856f57898,kernel_ticket:pass:kernel_session_ticket|direction:pass:determined|risk:pass:within_caps|allowlist:FAIL:not_on_mint_allowlist|mode:pass:paper|contract:FAIL:hermes_integration_i0_ftn_never_actionable,"{""m1_correct_side_of_eq"": true, ""m2_false_breakout"": false, ""m4_fvg_in_displacement"": false, ""m3_iof_aligned"": true, ""m5_ipda20_discount"": true, ""m6_with_20d_swing"": false, ""m7_osok_profile"": false, ""m8_cbdr_tight"": true, ""m8_ny_continues_london"": false, ""m10_us500_confirms"": false, ""m11_smt_divergence"": false, ""m12_topdown_agree"": false, ""m13_bridge_window_fvg"": false}",correct_side,23441.472,23483.516999999993,2026-03-27T07:48:00,1.139,scorer_flat_book,0.0,0.0,,ideal,allowed
2026-04-01,US100,ny_am,True,REV,named_extreme_raid+htf_pd+mss,2026-04-01T07:15:00,bearish,23975.933,24002.721999999998,allowlist:not_on_mint_allowlist,pdh,bullish,aligned,D_FVG_bear_2026-03-30,-1.0373287543394718,,stop,26.78899999999703,,sha256:f62624181a2efd87,kernel_ticket:pass:kernel_session_ticket|direction:pass:determined|risk:pass:within_caps|allowlist:FAIL:not_on_mint_allowlist|mode:pass:paper|contract:FAIL:hermes_integration_i0_ftn_never_actionable,"{""m1_correct_side_of_eq"": true, ""m2_false_breakout"": false, ""m4_fvg_in_displacement"": true, ""m3_iof_aligned"": true, ""m5_ipda20_discount"": false, ""m6_with_20d_swing"": true, ""m7_osok_profile"": true, ""m8_cbdr_tight"": false, ""m8_ny_continues_london"": false, ""m10_us500_confirms"": false, ""m11_smt_divergence"": false, ""m12_topdown_agree"": false, ""m13_bridge_window_fvg"": false}",correct_side,23975.433,24003.221999999998,2026-04-01T07:38:00,1.216,scorer_flat_book,0.0,0.0,,expanded,expanded_cbdr
2026-04-06,US100,ny_am,True,REV,named_extreme_raid+htf_pd+mss,2026-04-06T07:15:00,bearish,24115.892,24227.475,allowlist:not_on_mint_allowlist,pdh,bullish,qualified,D_FVG_bear_2026-03-27,-1.008961938646568,,stop,111.58299999999872,,sha256:d83d42ed8f6c66e5,kernel_ticket:pass:kernel_session_ticket|direction:pass:determined|risk:pass:within_caps|allowlist:FAIL:not_on_mint_allowlist|mode:pass:paper|contract:FAIL:hermes_integration_i0_ftn_never_actionable,"{""m1_correct_side_of_eq"": true, ""m2_false_breakout"": false, ""m4_fvg_in_displacement"": true, ""m3_iof_aligned"": false, ""m5_ipda20_discount"": true, ""m6_with_20d_swing"": true, ""m7_osok_profile"": true, ""m8_cbdr_tight"": true, ""m8_ny_continues_london"": false, ""m10_us500_confirms"": false, ""m11_smt_divergence"": false, ""m12_topdown_agree"": false, ""m13_bridge_window_fvg"": false}",correct_side,24115.392,24227.975,2026-04-06T09:51:00,0.959,scorer_flat_book,0.0,0.0,,ideal,allowed
2026-04-08,US100,ny_am,True,REV,named_extreme_raid+htf_pd+mss,2026-04-08T07:15:00,bearish,25029.203,25077.249,allowlist:not_on_mint_allowlist,pdh,bullish,aligned,D_FVG_bear_2026-03-13,-1.0208133871706289,,stop,48.04599999999846,,sha256:17609fc9ec9ce198,kernel_ticket:pass:kernel_session_ticket|direction:pass:determined|risk:pass:within_caps|allowlist:FAIL:not_on_mint_allowlist|mode:pass:paper|contract:FAIL:hermes_integration_i0_ftn_never_actionable,"{""m1_correct_side_of_eq"": true, ""m2_false_breakout"": false, ""m4_fvg_in_displacement"": true, ""m3_iof_aligned"": true, ""m5_ipda20_discount"": true, ""m6_with_20d_swing"": true, ""m7_osok_profile"": true, ""m8_cbdr_tight"": false, ""m8_ny_continues_london"": false, ""m10_us500_confirms"": false, ""m11_smt_divergence"": false, ""m12_topdown_agree"": false, ""m13_bridge_window_fvg"": false}",correct_side,25028.703,25077.749,2026-04-08T08:04:00,1.161,scorer_flat_book,0.0,0.0,,wide,wide_cbdr
2026-04-10,US100,ny_am,True,REV,named_extreme_raid+htf_pd+mss,2026-04-10T10:00:00,bearish,25154.848,25205.941,allowlist:not_on_mint_allowlist,pdh,bullish,aligned,D_FVG_bear_2026-03-13,-1.019572152741081,,stop,51.09299999999712,,sha256:0d91bc0dd2503e3f,kernel_ticket:pass:kernel_session_ticket|direction:pass:determined|risk:pass:within_caps|allowlist:FAIL:not_on_mint_allowlist|mode:pass:paper|contract:FAIL:hermes_integration_i0_ftn_never_actionable,"{""m1_correct_side_of_eq"": true, ""m2_false_breakout"": false, ""m4_fvg_in_displacement"": true, ""m3_iof_aligned"": true, ""m5_ipda20_discount"": true, ""m6_with_20d_swing"": false, ""m7_osok_profile"": false, ""m8_cbdr_tight"": true, ""m8_ny_continues_london"": true, ""m10_us500_confirms"": false, ""m11_smt_divergence"": false, ""m12_topdown_agree"": false, ""m13_bridge_window_fvg"": true}",correct_side,25154.348,25206.441,2026-04-10T10:32:00,1.073,scorer_flat_book,0.0,0.0,08:30 cpi,ideal,news
2026-04-13,US100,ny_am,True,REV,named_extreme_raid+htf_pd+mss,2026-04-13T07:15:00,bullish,24997.947,24886.522,allowlist:not_on_mint_allowlist,pdl,bullish,aligned,D_FVG_bear_2026-03-13,1.9831456136414574,,target,111.42499999999927,,sha256:27d2562e1f8a66b1,kernel_ticket:pass:kernel_session_ticket|direction:pass:determined|risk:pass:within_caps|allowlist:FAIL:not_on_mint_allowlist|mode:pass:paper|contract:FAIL:hermes_integration_i0_ftn_never_actionable,"{""m1_correct_side_of_eq"": true, ""m2_false_breakout"": false, ""m4_fvg_in_displacement"": true, ""m3_iof_aligned"": true, ""m5_ipda20_discount"": false, ""m6_with_20d_swing"": true, ""m7_osok_profile"": true, ""m8_cbdr_tight"": true, ""m8_ny_continues_london"": true, ""m10_us500_confirms"": true, ""m11_smt_divergence"": false, ""m12_topdown_agree"": true, ""m13_bridge_window_fvg"": false}",correct_side,24999.575,25220.547,2026-04-13T12:29:00,1.128,scorer_flat_book,0.0,0.0,,ideal,allowed
2026-04-14,US100,ny_am,True,REV,named_extreme_raid+htf_pd+mss,2026-04-14T07:15:00,bearish,25478.283,25515.225,allowlist:not_on_mint_allowlist,pdh,bullish,qualified,D_FVG_bull_2026-04-09,-1.0270694602349635,,stop,36.9419999999991,,sha256:ef1e961c0d804316,kernel_ticket:pass:kernel_session_ticket|direction:pass:determined|risk:pass:within_caps|allowlist:FAIL:not_on_mint_allowlist|mode:pass:paper|contract:FAIL:hermes_integration_i0_ftn_never_actionable,"{""m1_correct_side_of_eq"": true, ""m2_false_breakout"": false, ""m4_fvg_in_displacement"": true, ""m3_iof_aligned"": false, ""m5_ipda20_discount"": true, ""m6_with_20d_swing"": false, ""m7_osok_profile"": true, ""m8_cbdr_tight"": false, ""m8_ny_continues_london"": false, ""m10_us500_confirms"": false, ""m11_smt_divergence"": false, ""m12_topdown_agree"": false, ""m13_bridge_window_fvg"": false}",correct_side,25477.783,25515.725,2026-04-14T07:58:00,0.948,scorer_flat_book,0.0,0.0,,ideal,allowed
2026-04-21,US100,ny_am,True,REV,named_extreme_raid+htf_pd+mss,2026-04-21T07:15:00,bearish,26700.827,26730.747,allowlist:not_on_mint_allowlist,pdh,bullish,aligned,D_FVG_bull_2026-04-17,-1.0334224598930501,,stop,29.919999999998254,,sha256:e834a87fb22a5135,kernel_ticket:pass:kernel_session_ticket|direction:pass:determined|risk:pass:within_caps|allowlist:FAIL:not_on_mint_allowlist|mode:pass:paper|contract:FAIL:hermes_integration_i0_ftn_never_actionable,"{""m1_correct_side_of_eq"": true, ""m2_false_breakout"": false, ""m4_fvg_in_displacement"": true, ""m3_iof_aligned"": true, ""m5_ipda20_discount"": true, ""m6_with_20d_swing"": false, ""m7_osok_profile"": true, ""m8_cbdr_tight"": true, ""m8_ny_continues_london"": false, ""m10_us500_confirms"": false, ""m11_smt_divergence"": false, ""m12_topdown_agree"": false, ""m13_bridge_window_fvg"": false}",correct_side,26700.327,26731.247,2026-04-21T07:32:00,1.15,scorer_flat_book,0.0,0.0,,ideal,allowed
2026-04-27,US100,ny_am,True,REV,named_extreme_raid+htf_pd+mss,2026-04-27T07:15:00,bearish,27349.316,27406.17,allowlist:not_on_mint_allowlist,pdh,bullish,aligned,D_FVG_bull_2026-04-17,1.9868083160375698,,target,56.85399999999936,,sha256:b641f8b9eadc947a,kernel_ticket:pass:kernel_session_ticket|direction:pass:determined|risk:pass:within_caps|allowlist:FAIL:not_on_mint_allowlist|mode:pass:paper|contract:FAIL:hermes_integration_i0_ftn_never_actionable,"{""m1_correct_side_of_eq"": true, ""m2_false_breakout"": false, ""m4_fvg_in_displacement"": true, ""m3_iof_aligned"": true, ""m5_ipda20_discount"": true, ""m6_with_20d_swing"": false, ""m7_osok_profile"": true, ""m8_cbdr_tight"": true, ""m8_ny_continues_london"": true, ""m10_us500_confirms"": true, ""m11_smt_divergence"": false, ""m12_topdown_agree"": false, ""m13_bridge_window_fvg"": false}",correct_side,27348.816,27235.858,2026-04-27T09:30:00,1.095,scorer_flat_book,0.0,0.0,,ideal,allowed
2026-05-04,US100,london,True,REV,named_extreme_raid+htf_pd+mss,2026-05-04T02:15:00,bearish,27802.486,27846.372,allowlist:not_on_mint_allowlist,pdh,bullish,qualified,D_FVG_bull_2026-05-01,1.9829102675112786,,target,43.8859999999986,,sha256:9477782a1c6a9ace,kernel_ticket:pass:kernel_session_ticket|direction:pass:determined|risk:pass:within_caps|allowlist:FAIL:not_on_mint_allowlist|mode:pass:paper|contract:FAIL:hermes_integration_i0_ftn_never_actionable,"{""m1_correct_side_of_eq"": true, ""m2_false_breakout"": false, ""m4_fvg_in_displacement"": false, ""m3_iof_aligned"": false, ""m5_ipda20_discount"": true, ""m6_with_20d_swing"": false, ""m7_osok_profile"": true, ""m8_cbdr_tight"": true, ""m8_ny_continues_london"": null, ""m10_us500_confirms"": false, ""m11_smt_divergence"": true, ""m12_topdown_agree"": false, ""m13_bridge_window_fvg"": false}",correct_side,27801.986,27714.964000000004,2026-05-04T06:05:00,1.095,scorer_flat_book,0.0,0.0,,ideal,allowed
2026-05-04,US100,ny_am,True,REV,named_extreme_raid+htf_pd+mss,2026-05-04T10:00:00,bearish,27775.366,27846.372,allowlist:not_on_mint_allowlist,pdh,bullish,aligned,D_FVG_bull_2026-05-01,1.989437512322902,,target,71.00599999999758,,sha256:443cac17cade04af,kernel_ticket:pass:kernel_session_ticket|direction:pass:determined|risk:pass:within_caps|allowlist:FAIL:not_on_mint_allowlist|mode:pass:paper|contract:FAIL:hermes_integration_i0_ftn_never_actionable,"{""m1_correct_side_of_eq"": true, ""m2_false_breakout"": false, ""m4_fvg_in_displacement"": true, ""m3_iof_aligned"": true, ""m5_ipda20_discount"": true, ""m6_with_20d_swing"": false, ""m7_osok_profile"": true, ""m8_cbdr_tight"": true, ""m8_ny_continues_london"": true, ""m10_us500_confirms"": true, ""m11_smt_divergence"": true, ""m12_topdown_agree"": false, ""m13_bridge_window_fvg"": true}",correct_side,27774.866,27633.604000000007,2026-05-04T11:21:00,1.095,scorer_flat_book,0.0,0.0,,ideal,allowed
2026-05-06,US100,london,True,REV,named_extreme_raid+htf_pd+mss,2026-05-06T02:15:00,bearish,28214.779,28251.442,allowlist:not_on_mint_allowlist,pdh,bullish,aligned,D_FVG_bull_2026-05-04,-1.0272754548182088,,stop,36.663000000000466,,sha256:a1e183a712a6ec21,kernel_ticket:pass:kernel_session_ticket|direction:pass:determined|risk:pass:within_caps|allowlist:FAIL:not_on_mint_allowlist|mode:pass:paper|contract:FAIL:hermes_integration_i0_ftn_never_actionable,"{""m1_correct_side_of_eq"": true, ""m2_false_breakout"": false, ""m4_fvg_in_displacement"": false, ""m3_iof_aligned"": true, ""m5_ipda20_discount"": true, ""m6_with_20d_swing"": false, ""m7_osok_profile"": true, ""m8_cbdr_tight"": false, ""m8_ny_continues_london"": null, ""m10_us500_confirms"": false, ""m11_smt_divergence"": false, ""m12_topdown_agree"": false, ""m13_bridge_window_fvg"": false}",correct_side,28214.279,28251.942,2026-05-06T04:46:00,0.981,scorer_flat_book,0.0,0.0,,expanded,expanded_cbdr
2026-05-06,US100,ny_am,True,REV,named_extreme_raid+htf_pd+mss,2026-05-06T07:15:00,bearish,28501.697,28516.442,allowlist:not_on_mint_allowlist,pdh,bullish,aligned,D_FVG_bull_2026-05-04,1.949135300101726,,target,14.744999999998981,,sha256:7de53bdae054d44b,kernel_ticket:pass:kernel_session_ticket|direction:pass:determined|risk:pass:within_caps|allowlist:FAIL:not_on_mint_allowlist|mode:pass:paper|contract:FAIL:hermes_integration_i0_ftn_never_actionable,"{""m1_correct_side_of_eq"": true, ""m2_false_breakout"": false, ""m4_fvg_in_displacement"": true, ""m3_iof_aligned"": true, ""m5_ipda20_discount"": true, ""m6_with_20d_swing"": false, ""m7_osok_profile"": true, ""m8_cbdr_tight"": false, ""m8_ny_continues_london"": false, ""m10_us500_confirms"": false, ""m11_smt_divergence"": false, ""m12_topdown_agree"": false, ""m13_bridge_window_fvg"": false}",correct_side,28501.197,28472.457000000002,2026-05-06T07:28:00,1.161,scorer_flat_book,0.0,0.0,,expanded,adr_spent
2026-05-07,US100,london,True,REV,named_extreme_raid+htf_pd+mss,2026-05-07T03:30:00,bearish,28653.664,28690.377,allowlist:not_on_mint_allowlist,pdh,bullish,aligned,D_FVG_bull_2026-05-06,-1.0272383079563099,,stop,36.71299999999974,,sha256:b14116ed77257512,kernel_ticket:pass:kernel_session_ticket|direction:pass:determined|risk:pass:within_caps|allowlist:FAIL:not_on_mint_allowlist|mode:pass:paper|contract:FAIL:hermes_integration_i0_ftn_never_actionable,"{""m1_correct_side_of_eq"": true, ""m2_false_breakout"": false, ""m4_fvg_in_displacement"": false, ""m3_iof_aligned"": true, ""m5_ipda20_discount"": true, ""m6_with_20d_swing"": false, ""m7_osok_profile"": false, ""m8_cbdr_tight"": false, ""m8_ny_continues_london"": null, ""m10_us500_confirms"": true, ""m11_smt_divergence"": false, ""m12_topdown_agree"": false, ""m13_bridge_window_fvg"": false}",correct_side,28653.164,28690.877,2026-05-07T04:03:00,1.183,scorer_flat_book,0.0,0.0,,ideal,allowed
2026-05-07,US100,ny_am,True,REV,named_extreme_raid+htf_pd+mss,2026-05-07T07:15:00,bearish,28604.649,28700.328999999998,allowlist:not_on_mint_allowlist,pdh,bullish,qualified,D_FVG_bull_2026-05-06,-1.0104515050167229,,stop,95.67999999999665,,sha256:aebe39091557ed68,kernel_ticket:pass:kernel_session_ticket|direction:pass:determined|risk:pass:within_caps|allowlist:FAIL:not_on_mint_allowlist|mode:pass:paper|contract:FAIL:hermes_integration_i0_ftn_never_actionable,"{""m1_correct_side_of_eq"": true, ""m2_false_breakout"": false, ""m4_fvg_in_displacement"": true, ""m3_iof_aligned"": false, ""m5_ipda20_discount"": true, ""m6_with_20d_swing"": false, ""m7_osok_profile"": false, ""m8_cbdr_tight"": false, ""m8_ny_continues_london"": false, ""m10_us500_confirms"": true, ""m11_smt_divergence"": false, ""m12_topdown_agree"": false, ""m13_bridge_window_fvg"": false}",correct_side,28604.149,28700.828999999998,2026-05-07T10:05:00,0.702,scorer_flat_book,0.0,0.0,,ideal,allowed
2026-05-08,US100,ny_am,True,REV,named_extreme_raid+htf_pd+mss,2026-05-08T09:00:00,bearish,28799.544,28864.975,allowlist:not_on_mint_allowlist,pdh,bullish,aligned,D_FVG_bull_2026-05-07,-1.0152832755116084,,stop,65.43099999999686,,sha256:1eb5e9e788494fda,kernel_ticket:pass:kernel_session_ticket|direction:pass:determined|risk:pass:within_caps|allowlist:FAIL:not_on_mint_allowlist|mode:pass:paper|contract:FAIL:hermes_integration_i0_ftn_never_actionable,"{""m1_correct_side_of_eq"": true, ""m2_false_breakout"": false, ""m4_fvg_in_displacement"": false, ""m3_iof_aligned"": true, ""m5_ipda20_discount"": true, ""m6_with_20d_swing"": false, ""m7_osok_profile"": false, ""m8_cbdr_tight"": false, ""m8_ny_continues_london"": false, ""m10_us500_confirms"": true, ""m11_smt_divergence"": false, ""m12_topdown_agree"": false, ""m13_bridge_window_fvg"": false}",correct_side,28799.044,28865.475,2026-05-08T09:36:00,1.183,scorer_flat_book,0.0,0.0,08:30 nfp,ideal,news
2026-05-12,US100,london,True,REV,named_extreme_raid+htf_pd+mss,2026-05-12T03:15:00,bullish,29108.261,29067.338,allowlist:not_on_mint_allowlist,pdl,bullish,qualified,D_FVG_bull_2026-05-07,-1.0546880727219718,,stop,40.922999999998865,,sha256:4935580ca759a68c,kernel_ticket:pass:kernel_session_ticket|direction:pass:determined|risk:pass:within_caps|allowlist:FAIL:not_on_mint_allowlist|mode:pass:paper|contract:FAIL:hermes_integration_i0_ftn_never_actionable,"{""m1_correct_side_of_eq"": true, ""m2_false_breakout"": false, ""m4_fvg_in_displacement"": false, ""m3_iof_aligned"": false, ""m5_ipda20_discount"": false, ""m6_with_20d_swing"": true, ""m7_osok_profile"": true, ""m8_cbdr_tight"": true, ""m8_ny_continues_london"": null, ""m10_us500_confirms"": true, ""m11_smt_divergence"": true, ""m12_topdown_agree"": true, ""m13_bridge_window_fvg"": false}",correct_side,29109.999,29066.838,2026-05-12T04:15:00,1.238,scorer_flat_book,0.0,0.0,08:30 cpi,ideal,news
2026-05-14,US100,ny_am,True,REV,named_extreme_raid+htf_pd+mss,2026-05-14T10:00:00,bearish,29434.349,29579.431,allowlist:not_on_mint_allowlist,pdh,bullish,aligned,D_FVG_bull_2026-05-11,-1.0068926538095697,,stop,145.08200000000215,,sha256:1ad132dc62dcf3ca,kernel_ticket:pass:kernel_session_ticket|direction:pass:determined|risk:pass:within_caps|allowlist:FAIL:not_on_mint_allowlist|mode:pass:paper|contract:FAIL:hermes_integration_i0_ftn_never_actionable,"{""m1_correct_side_of_eq"": true, ""m2_false_breakout"": false, ""m4_fvg_in_displacement"": true, ""m3_iof_aligned"": true, ""m5_ipda20_discount"": true, ""m6_with_20d_swing"": false, ""m7_osok_profile"": false, ""m8_cbdr_tight"": false, ""m8_ny_continues_london"": true, ""m10_us500_confirms"": false, ""m11_smt_divergence"": false, ""m12_topdown_agree"": false, ""m13_bridge_window_fvg"": true}",correct_side,29433.849,29579.931,2026-05-14T10:40:00,1.15,scorer_flat_book,0.0,0.0,,ideal,allowed
2026-05-19,US100,ny_am,True,REV,named_extreme_raid+htf_pd+mss,2026-05-19T09:45:00,bullish,28813.958,28705.62,allowlist:not_on_mint_allowlist,pdl,bearish,qualified,D_FVG_bull_2026-05-11,-1.0199468330594996,,stop,108.33799999999974,,sha256:4719601723289e6d,kernel_ticket:pass:kernel_session_ticket|direction:pass:determined|risk:pass:within_caps|allowlist:FAIL:not_on_mint_allowlist|mode:pass:paper|contract:FAIL:hermes_integration_i0_ftn_never_actionable,"{""m1_correct_side_of_eq"": true, ""m2_false_breakout"": true, ""m4_fvg_in_displacement"": false, ""m3_iof_aligned"": false, ""m5_ipda20_discount"": false, ""m6_with_20d_swing"": true, ""m7_osok_profile"": true, ""m8_cbdr_tight"": false, ""m8_ny_continues_london"": true, ""m10_us500_confirms"": false, ""m11_smt_divergence"": false, ""m12_topdown_agree"": false, ""m13_bridge_window_fvg"": false}",correct_side,28815.619,28705.12,2026-05-19T10:07:00,1.161,scorer_flat_book,0.0,0.0,,wide,wide_cbdr
2026-05-21,US100,london,True,REV,named_extreme_raid+htf_pd+mss,2026-05-21T02:15:00,bearish,29273.131,29350.877,allowlist:not_on_mint_allowlist,pdh,bullish,qualified,D_FVG_bull_2026-05-11,1.9903532014508785,,target,77.74599999999919,,sha256:b720686b2ce6bc78,kernel_ticket:pass:kernel_session_ticket|direction:pass:determined|risk:pass:within_caps|allowlist:FAIL:not_on_mint_allowlist|mode:pass:paper|contract:FAIL:hermes_integration_i0_ftn_never_actionable,"{""m1_correct_side_of_eq"": true, ""m2_false_breakout"": false, ""m4_fvg_in_displacement"": true, ""m3_iof_aligned"": false, ""m5_ipda20_discount"": true, ""m6_with_20d_swing"": false, ""m7_osok_profile"": false, ""m8_cbdr_tight"": false, ""m8_ny_continues_london"": null, ""m10_us500_confirms"": true, ""m11_smt_divergence"": true, ""m12_topdown_agree"": false, ""m13_bridge_window_fvg"": false}",correct_side,29272.631,29117.889000000003,2026-05-21T03:16:00,0.97,scorer_flat_book,0.0,0.0,,expanded,expanded_cbdr
2026-05-21,US100,ny_am,True,REV,named_extreme_raid+htf_pd+mss,2026-05-21T07:15:00,bearish,29159.5,29373.855,allowlist:not_on_mint_allowlist,pdh,bullish,qualified,D_FVG_bull_2026-05-11,-1.0046651582654942,,stop,214.35499999999956,,sha256:5502a65d643ac9c2,kernel_ticket:pass:kernel_session_ticket|direction:pass:determined|risk:pass:within_caps|allowlist:FAIL:not_on_mint_allowlist|mode:pass:paper|contract:FAIL:hermes_integration_i0_ftn_never_actionable,"{""m1_correct_side_of_eq"": true, ""m2_false_breakout"": false, ""m4_fvg_in_displacement"": true, ""m3_iof_aligned"": false, ""m5_ipda20_discount"": true, ""m6_with_20d_swing"": false, ""m7_osok_profile"": false, ""m8_cbdr_tight"": false, ""m8_ny_continues_london"": false, ""m10_us500_confirms"": true, ""m11_smt_divergence"": false, ""m12_topdown_agree"": false, ""m13_bridge_window_fvg"": false}",correct_side,29159.0,29374.355,2026-05-21T13:21:00,1.161,scorer_flat_book,0.0,0.0,,expanded,expanded_cbdr
2026-05-22,US100,london,True,REV,named_extreme_raid+htf_pd+mss,2026-05-22T02:15:00,bearish,29483.599,29530.877,allowlist:not_on_mint_allowlist,pdh,bullish,qualified,D_FVG_bear_2026-05-18,-1.0211514869495317,,stop,47.278000000002066,,sha256:dc92c6fea367c855,kernel_ticket:pass:kernel_session_ticket|direction:pass:determined|risk:pass:within_caps|allowlist:FAIL:not_on_mint_allowlist|mode:pass:paper|contract:FAIL:hermes_integration_i0_ftn_never_actionable,"{""m1_correct_side_of_eq"": true, ""m2_false_breakout"": false, ""m4_fvg_in_displacement"": false, ""m3_iof_aligned"": false, ""m5_ipda20_discount"": true, ""m6_with_20d_swing"": false, ""m7_osok_profile"": false, ""m8_cbdr_tight"": false, ""m8_ny_continues_london"": null, ""m10_us500_confirms"": true, ""m11_smt_divergence"": false, ""m12_topdown_agree"": false, ""m13_bridge_window_fvg"": false}",correct_side,29483.099,29531.377,2026-05-22T04:02:00,1.084,scorer_flat_book,0.0,0.0,,expanded,expanded_cbdr
2026-05-22,US100,ny_am,True,REV,named_extreme_raid+htf_pd+mss,2026-05-22T10:00:00,bearish,29563.22,29641.538,allowlist:not_on_mint_allowlist,pdh,bullish,aligned,D_FVG_bear_2026-05-18,-1.0127684568043107,,stop,78.3179999999993,,sha256:dc5ea899183c403c,kernel_ticket:pass:kernel_session_ticket|direction:pass:determined|risk:pass:within_caps|allowlist:FAIL:not_on_mint_allowlist|mode:pass:paper|contract:FAIL:hermes_integration_i0_ftn_never_actionable,"{""m1_correct_side_of_eq"": true, ""m2_false_breakout"": false, ""m4_fvg_in_displacement"": true, ""m3_iof_aligned"": true, ""m5_ipda20_discount"": true, ""m6_with_20d_swing"": false, ""m7_osok_profile"": false, ""m8_cbdr_tight"": false, ""m8_ny_continues_london"": false, ""m10_us500_confirms"": false, ""m11_smt_divergence"": false, ""m12_topdown_agree"": false, ""m13_bridge_window_fvg"": true}",correct_side,29562.72,29642.038,2026-05-22T13:28:00,3.255,scorer_flat_book,0.0,0.0,,expanded,expanded_cbdr
2026-05-26,US100,ny_am,True,REV,named_extreme_raid+htf_pd+mss,2026-05-26T07:15:00,bearish,29766.905,29843.108,allowlist:not_on_mint_allowlist,pdh,bullish,aligned,D_FVG_bear_2026-05-18,-1.0131228429326926,,stop,76.20300000000134,,sha256:c44d234d66647112,kernel_ticket:pass:kernel_session_ticket|direction:pass:determined|risk:pass:within_caps|allowlist:FAIL:not_on_mint_allowlist|mode:pass:paper|contract:FAIL:hermes_integration_i0_ftn_never_actionable,"{""m1_correct_side_of_eq"": true, ""m2_false_breakout"": false, ""m4_fvg_in_displacement"": true, ""m3_iof_aligned"": true, ""m5_ipda20_discount"": true, ""m6_with_20d_swing"": false, ""m7_osok_profile"": true, ""m8_cbdr_tight"": true, ""m8_ny_continues_london"": false, ""m10_us500_confirms"": true, ""m11_smt_divergence"": false, ""m12_topdown_agree"": false, ""m13_bridge_window_fvg"": false}",correct_side,29766.405,29843.608,2026-05-26T08:40:00,1.194,scorer_flat_book,0.0,0.0,,ideal,allowed
2026-05-29,US100,london,True,REV,named_extreme_raid+htf_pd+mss,2026-05-29T03:15:00,bearish,30251.639,30279.074,allowlist:not_on_mint_allowlist,pdh,bullish,aligned,D_FVG_bull_2026-05-27,1.9726626571897226,,target,27.43500000000131,,sha256:132a57212db4c18e,kernel_ticket:pass:kernel_session_ticket|direction:pass:determined|risk:pass:within_caps|allowlist:FAIL:not_on_mint_allowlist|mode:pass:paper|contract:FAIL:hermes_integration_i0_ftn_never_actionable,"{""m1_correct_side_of_eq"": true, ""m2_false_breakout"": false, ""m4_fvg_in_displacement"": false, ""m3_iof_aligned"": true, ""m5_ipda20_discount"": true, ""m6_with_20d_swing"": false, ""m7_osok_profile"": false, ""m8_cbdr_tight"": true, ""m8_ny_continues_london"": null, ""m10_us500_confirms"": true, ""m11_smt_divergence"": false, ""m12_topdown_agree"": false, ""m13_bridge_window_fvg"": false}",correct_side,30251.139,30197.018999999997,2026-05-29T03:36:00,0.926,scorer_flat_book,0.0,0.0,,ideal,allowed
2026-06-01,US100,london,True,REV,named_extreme_raid+htf_pd+mss,2026-06-01T02:15:00,bearish,30514.647,30531.849,allowlist:not_on_mint_allowlist,pdh,bullish,aligned,D_FVG_bull_2026-05-27,1.9564004185559756,,target,17.201999999997497,,sha256:344a227b46cf81eb,kernel_ticket:pass:kernel_session_ticket|direction:pass:determined|risk:pass:within_caps|allowlist:FAIL:not_on_mint_allowlist|mode:pass:paper|contract:FAIL:hermes_integration_i0_ftn_never_actionable,"{""m1_correct_side_of_eq"": true, ""m2_false_breakout"": false, ""m4_fvg_in_displacement"": false, ""m3_iof_aligned"": true, ""m5_ipda20_discount"": true, ""m6_with_20d_swing"": false, ""m7_osok_profile"": true, ""m8_cbdr_tight"": true, ""m8_ny_continues_london"": null, ""m10_us500_confirms"": false, ""m11_smt_divergence"": false, ""m12_topdown_agree"": false, ""m13_bridge_window_fvg"": false}",correct_side,30514.147,30480.493000000006,2026-06-01T03:22:00,1.106,scorer_flat_book,0.0,0.0,,ideal,allowed
2026-06-03,US100,ny_am,True,REV,named_extreme_raid+htf_pd+mss,2026-06-03T07:15:00,bearish,30727.653,30738.615999999998,allowlist:not_on_mint_allowlist,pdh,bullish,aligned,D_FVG_bull_2026-05-27,-1.0912159080543669,,stop,10.962999999999738,,sha256:0e9d600ea0ab359f,kernel_ticket:pass:kernel_session_ticket|direction:pass:determined|risk:pass:within_caps|allowlist:FAIL:not_on_mint_allowlist|mode:pass:paper|contract:FAIL:hermes_integration_i0_ftn_never_actionable,"{""m1_correct_side_of_eq"": true, ""m2_false_breakout"": false, ""m4_fvg_in_displacement"": false, ""m3_iof_aligned"": true, ""m5_ipda20_discount"": true, ""m6_with_20d_swing"": false, ""m7_osok_profile"": true, ""m8_cbdr_tight"": true, ""m8_ny_continues_london"": false, ""m10_us500_confirms"": true, ""m11_smt_divergence"": true, ""m12_topdown_agree"": false, ""m13_bridge_window_fvg"": false}",correct_side,30727.153,30739.115999999998,2026-06-03T07:28:00,1.216,scorer_flat_book,0.0,0.0,,ideal,allowed
2026-06-12,US100,ny_am,True,REV,named_extreme_raid+htf_pd+mss,2026-06-12T07:15:00,bearish,29562.009,29644.469,allowlist:not_on_mint_allowlist,pdh,bullish,qualified,D_FVG_bear_2026-05-18,1.9909046810574826,,target,82.46000000000276,,sha256:e2a8e5a076f3c5e6,kernel_ticket:pass:kernel_session_ticket|direction:pass:determined|risk:pass:within_caps|allowlist:FAIL:not_on_mint_allowlist|mode:pass:paper|contract:FAIL:hermes_integration_i0_ftn_never_actionable,"{""m1_correct_side_of_eq"": true, ""m2_false_breakout"": false, ""m4_fvg_in_displacement"": true, ""m3_iof_aligned"": false, ""m5_ipda20_discount"": true, ""m6_with_20d_swing"": false, ""m7_osok_profile"": false, ""m8_cbdr_tight"": false, ""m8_ny_continues_london"": false, ""m10_us500_confirms"": false, ""m11_smt_divergence"": false, ""m12_topdown_agree"": false, ""m13_bridge_window_fvg"": false}",correct_side,29561.509,29397.338999999993,2026-06-12T08:54:00,3.393,scorer_flat_book,0.0,0.0,,wide,wide_cbdr
2026-06-15,US100,london,True,REV,named_extreme_raid+htf_pd+mss,2026-06-15T02:15:00,bearish,30207.375,30221.813,allowlist:not_on_mint_allowlist,pdh,bullish,aligned,D_FVG_bear_2026-06-08,-1.069261670591503,,stop,14.437999999998283,,sha256:43102858de1d9af9,kernel_ticket:pass:kernel_session_ticket|direction:pass:determined|risk:pass:within_caps|allowlist:FAIL:not_on_mint_allowlist|mode:pass:paper|contract:FAIL:hermes_integration_i0_ftn_never_actionable,"{""m1_correct_side_of_eq"": true, ""m2_false_breakout"": false, ""m4_fvg_in_displacement"": false, ""m3_iof_aligned"": true, ""m5_ipda20_discount"": true, ""m6_with_20d_swing"": false, ""m7_osok_profile"": true, ""m8_cbdr_tight"": true, ""m8_ny_continues_london"": null, ""m10_us500_confirms"": false, ""m11_smt_divergence"": false, ""m12_topdown_agree"": false, ""m13_bridge_window_fvg"": false}",correct_side,30206.875,30222.313,2026-06-15T02:24:00,3.482,scorer_flat_book,0.0,0.0,,ideal,allowed
2026-06-15,US100,ny_am,True,REV,named_extreme_raid+htf_pd+mss,2026-06-15T07:15:00,bearish,30263.275,30300.825,allowlist:not_on_mint_allowlist,pdh,bullish,aligned,D_FVG_bear_2026-06-08,-1.0266311584553933,,stop,37.54999999999927,,sha256:8cf4d23658fdb500,kernel_ticket:pass:kernel_session_ticket|direction:pass:determined|risk:pass:within_caps|allowlist:FAIL:not_on_mint_allowlist|mode:pass:paper|contract:FAIL:hermes_integration_i0_ftn_never_actionable,"{""m1_correct_side_of_eq"": true, ""m2_false_breakout"": false, ""m4_fvg_in_displacement"": true, ""m3_iof_aligned"": true, ""m5_ipda20_discount"": true, ""m6_with_20d_swing"": false, ""m7_osok_profile"": true, ""m8_cbdr_tight"": true, ""m8_ny_continues_london"": false, ""m10_us500_confirms"": false, ""m11_smt_divergence"": false, ""m12_topdown_agree"": false, ""m13_bridge_window_fvg"": false}",correct_side,30262.775,30301.325,2026-06-15T09:27:00,3.505,scorer_flat_book,0.0,0.0,,ideal,allowed
2026-06-18,US100,ny_am,True,REV,named_extreme_raid+htf_pd+mss,2026-06-18T10:00:00,bearish,30159.75,30296.448,allowlist:not_on_mint_allowlist,pdh,bearish,aligned,D_FVG_bear_2026-06-05,-1.0073153959823844,,stop,136.69800000000032,,sha256:06454f6fc0feca67,kernel_ticket:pass:kernel_session_ticket|direction:pass:determined|risk:pass:within_caps|allowlist:FAIL:not_on_mint_allowlist|mode:pass:paper|contract:FAIL:hermes_integration_i0_ftn_never_actionable,"{""m1_correct_side_of_eq"": true, ""m2_false_breakout"": false, ""m4_fvg_in_displacement"": false, ""m3_iof_aligned"": true, ""m5_ipda20_discount"": true, ""m6_with_20d_swing"": false, ""m7_osok_profile"": false, ""m8_cbdr_tight"": false, ""m8_ny_continues_london"": false, ""m10_us500_confirms"": true, ""m11_smt_divergence"": true, ""m12_topdown_agree"": false, ""m13_bridge_window_fvg"": false}",correct_side,30159.25,30296.948,2026-06-18T10:18:00,1.238,scorer_flat_book,0.0,0.0,,wide,wide_cbdr
2026-06-22,US100,london,True,REV,named_extreme_raid+htf_pd+mss,2026-06-22T04:15:00,bearish,30416.342,30473.058999999997,allowlist:not_on_mint_allowlist,pdh,bullish,aligned,D_FVG_bear_2026-06-08,-1.0176313979935478,,stop,56.716999999996915,,sha256:0f9514c9b529f0e2,kernel_ticket:pass:kernel_session_ticket|direction:pass:determined|risk:pass:within_caps|allowlist:FAIL:not_on_mint_allowlist|mode:pass:paper|contract:FAIL:hermes_integration_i0_ftn_never_actionable,"{""m1_correct_side_of_eq"": true, ""m2_false_breakout"": true, ""m4_fvg_in_displacement"": false, ""m3_iof_aligned"": true, ""m5_ipda20_discount"": true, ""m6_with_20d_swing"": false, ""m7_osok_profile"": true, ""m8_cbdr_tight"": true, ""m8_ny_continues_london"": null, ""m10_us500_confirms"": true, ""m11_smt_divergence"": true, ""m12_topdown_agree"": false, ""m13_bridge_window_fvg"": false}",correct_side,30415.842,30473.558999999997,2026-06-22T07:05:00,3.46,scorer_flat_book,0.0,0.0,,ideal,poor_consolidation
2026-06-22,US100,ny_am,True,REV,named_extreme_raid+htf_pd+mss,2026-06-22T07:15:00,bearish,30413.511,30519.404,allowlist:not_on_mint_allowlist,pdh,bullish,aligned,D_FVG_bear_2026-06-08,-1.0094434948485735,,stop,105.89300000000003,,sha256:bc14cd9e197ba433,kernel_ticket:pass:kernel_session_ticket|direction:pass:determined|risk:pass:within_caps|allowlist:FAIL:not_on_mint_allowlist|mode:pass:paper|contract:FAIL:hermes_integration_i0_ftn_never_actionable,"{""m1_correct_side_of_eq"": true, ""m2_false_breakout"": true, ""m4_fvg_in_displacement"": true, ""m3_iof_aligned"": true, ""m5_ipda20_discount"": true, ""m6_with_20d_swing"": false, ""m7_osok_profile"": true, ""m8_cbdr_tight"": true, ""m8_ny_continues_london"": false, ""m10_us500_confirms"": true, ""m11_smt_divergence"": true, ""m12_topdown_agree"": false, ""m13_bridge_window_fvg"": false}",correct_side,30413.011,30519.904,2026-06-22T08:30:00,1.216,scorer_flat_book,0.0,0.0,,ideal,poor_consolidation
2026-06-23,US100,ny_am,True,REV,named_extreme_raid+htf_pd+mss,2026-06-23T10:00:00,bullish,29633.298,29306.779,allowlist:not_on_mint_allowlist,pdl,bullish,aligned,D_FVG_bull_2026-05-22,-1.0075983327157065,,stop,326.51900000000023,,sha256:d3b12b88cab89c6e,kernel_ticket:pass:kernel_session_ticket|direction:pass:determined|risk:pass:within_caps|allowlist:FAIL:not_on_mint_allowlist|mode:pass:paper|contract:FAIL:hermes_integration_i0_ftn_never_actionable,"{""m1_correct_side_of_eq"": true, ""m2_false_breakout"": true, ""m4_fvg_in_displacement"": true, ""m3_iof_aligned"": true, ""m5_ipda20_discount"": false, ""m6_with_20d_swing"": true, ""m7_osok_profile"": true, ""m8_cbdr_tight"": true, ""m8_ny_continues_london"": false, ""m10_us500_confirms"": false, ""m11_smt_divergence"": false, ""m12_topdown_agree"": true, ""m13_bridge_window_fvg"": true}",correct_side,29635.279,29306.279,2026-06-23T14:45:00,1.481,scorer_flat_book,0.0,0.0,,ideal,poor_consolidation
2026-06-25,US100,london,True,REV,named_extreme_raid+htf_pd+mss,2026-06-25T03:30:00,bearish,29872.209,29890.502,allowlist:not_on_mint_allowlist,pdh,bullish,aligned,D_FVG_bull_2026-05-27,-1.0546657191275306,,stop,18.293000000001484,,sha256:74c322b39ff045e0,kernel_ticket:pass:kernel_session_ticket|direction:pass:determined|risk:pass:within_caps|allowlist:FAIL:not_on_mint_allowlist|mode:pass:paper|contract:FAIL:hermes_integration_i0_ftn_never_actionable,"{""m1_correct_side_of_eq"": true, ""m2_false_breakout"": false, ""m4_fvg_in_displacement"": false, ""m3_iof_aligned"": true, ""m5_ipda20_discount"": true, ""m6_with_20d_swing"": true, ""m7_osok_profile"": false, ""m8_cbdr_tight"": false, ""m8_ny_continues_london"": null, ""m10_us500_confirms"": false, ""m11_smt_divergence"": true, ""m12_topdown_agree"": false, ""m13_bridge_window_fvg"": false}",correct_side,29871.709,29891.002,2026-06-25T04:00:00,3.481,scorer_flat_book,0.0,0.0,,wide,wide_cbdr
2026-06-25,US100,ny_am,True,REV,named_extreme_raid+htf_pd+mss,2026-06-25T07:15:00,bearish,29849.458,29920.839,allowlist:not_on_mint_allowlist,pdh,bullish,aligned,D_FVG_bull_2026-05-27,-1.0140093302139221,,stop,71.38100000000122,,sha256:eec4d0b76c768c4e,kernel_ticket:pass:kernel_session_ticket|direction:pass:determined|risk:pass:within_caps|allowlist:FAIL:not_on_mint_allowlist|mode:pass:paper|contract:FAIL:hermes_integration_i0_ftn_never_actionable,"{""m1_correct_side_of_eq"": true, ""m2_false_breakout"": false, ""m4_fvg_in_displacement"": true, ""m3_iof_aligned"": true, ""m5_ipda20_discount"": true, ""m6_with_20d_swing"": true, ""m7_osok_profile"": false, ""m8_cbdr_tight"": false, ""m8_ny_continues_london"": false, ""m10_us500_confirms"": false, ""m11_smt_divergence"": true, ""m12_topdown_agree"": false, ""m13_bridge_window_fvg"": false}",correct_side,29848.958,29921.339,2026-06-25T08:30:00,1.084,scorer_flat_book,0.0,0.0,,wide,wide_cbdr
2026-06-26,US100,london,True,REV,named_extreme_raid+htf_pd+mss,2026-06-26T02:15:00,bullish,29026.275,28953.52,allowlist:not_on_mint_allowlist,pdl,bearish,qualified,D_FVG_bull_2026-06-15,1.9605525393443894,,target,72.75500000000102,,sha256:8ba94feef9eefa46,kernel_ticket:pass:kernel_session_ticket|direction:pass:determined|risk:pass:within_caps|allowlist:FAIL:not_on_mint_allowlist|mode:pass:paper|contract:FAIL:hermes_integration_i0_ftn_never_actionable,"{""m1_correct_side_of_eq"": true, ""m2_false_breakout"": true, ""m4_fvg_in_displacement"": true, ""m3_iof_aligned"": false, ""m5_ipda20_discount"": true, ""m6_with_20d_swing"": false, ""m7_osok_profile"": false, ""m8_cbdr_tight"": false, ""m8_ny_continues_london"": null, ""m10_us500_confirms"": false, ""m11_smt_divergence"": false, ""m12_topdown_agree"": false, ""m13_bridge_window_fvg"": false}",correct_side,29028.895,29171.535000000003,2026-06-26T02:46:00,2.12,scorer_flat_book,0.0,0.0,,expanded,poor_consolidation
2026-07-02,US100,london,True,REV,named_extreme_raid+htf_pd+mss,2026-07-02T03:00:00,bullish,29665.033,29630.91,allowlist:not_on_mint_allowlist,pdl,bearish,aligned,D_FVG_bull_2026-06-16,-1.0623626293116266,,stop,34.12299999999959,,sha256:016c651161a23ffd,kernel_ticket:pass:kernel_session_ticket|direction:pass:determined|risk:pass:within_caps|allowlist:FAIL:not_on_mint_allowlist|mode:pass:paper|contract:FAIL:hermes_integration_i0_ftn_never_actionable,"{""m1_correct_side_of_eq"": true, ""m2_false_breakout"": false, ""m4_fvg_in_displacement"": false, ""m3_iof_aligned"": true, ""m5_ipda20_discount"": false, ""m6_with_20d_swing"": false, ""m7_osok_profile"": false, ""m8_cbdr_tight"": true, ""m8_ny_continues_london"": null, ""m10_us500_confirms"": false, ""m11_smt_divergence"": true, ""m12_topdown_agree"": false, ""m13_bridge_window_fvg"": false}",correct_side,29666.661,29630.41,2026-07-02T03:07:00,1.128,scorer_flat_book,0.0,0.0,08:30 nfp,ideal,news
2026-07-02,US100,ny_am,True,REV,named_extreme_raid+htf_pd+mss,2026-07-02T07:15:00,bullish,29750.925,29562.409,allowlist:not_on_mint_allowlist,pdl,bearish,qualified,D_FVG_bear_2026-06-05,-1.0112881665216777,,stop,188.51599999999962,,sha256:5fb67ee03b91ffad,kernel_ticket:pass:kernel_session_ticket|direction:pass:determined|risk:pass:within_caps|allowlist:FAIL:not_on_mint_allowlist|mode:pass:paper|contract:FAIL:hermes_integration_i0_ftn_never_actionable,"{""m1_correct_side_of_eq"": true, ""m2_false_breakout"": false, ""m4_fvg_in_displacement"": true, ""m3_iof_aligned"": false, ""m5_ipda20_discount"": false, ""m6_with_20d_swing"": false, ""m7_osok_profile"": false, ""m8_cbdr_tight"": true, ""m8_ny_continues_london"": false, ""m10_us500_confirms"": true, ""m11_smt_divergence"": true, ""m12_topdown_agree"": false, ""m13_bridge_window_fvg"": false}",correct_side,29752.553,29561.909,2026-07-02T10:42:00,1.128,scorer_flat_book,0.0,0.0,08:30 nfp,ideal,news
2026-07-08,US100,london,True,REV,named_extreme_raid+htf_pd+mss,2026-07-08T04:45:00,bullish,28789.881,28727.131,allowlist:not_on_mint_allowlist,pdl,bearish,qualified,D_FVG_bull_2026-06-30,-1.0405418326692917,,stop,62.75,,sha256:29a98926730fad8c,kernel_ticket:pass:kernel_session_ticket|direction:pass:determined|risk:pass:within_caps|allowlist:FAIL:not_on_mint_allowlist|mode:pass:paper|contract:FAIL:hermes_integration_i0_ftn_never_actionable,"{""m1_correct_side_of_eq"": true, ""m2_false_breakout"": false, ""m4_fvg_in_displacement"": false, ""m3_iof_aligned"": false, ""m5_ipda20_discount"": true, ""m6_with_20d_swing"": true, ""m7_osok_profile"": true, ""m8_cbdr_tight"": false, ""m8_ny_continues_london"": null, ""m10_us500_confirms"": false, ""m11_smt_divergence"": false, ""m12_topdown_agree"": false, ""m13_bridge_window_fvg"": false}",correct_side,28791.925,28726.631,2026-07-08T05:08:00,1.544,scorer_flat_book,0.0,0.0,,expanded,poor_consolidation
2026-07-08,US100,ny_am,True,REV,named_extreme_raid+htf_pd+mss,2026-07-08T07:15:00,bullish,28771.922,28676.065,allowlist:not_on_mint_allowlist,pdl,bearish,qualified,D_FVG_bull_2026-06-30,1.9800640537467262,,target,95.85699999999997,,sha256:a4d14ac59e5b4778,kernel_ticket:pass:kernel_session_ticket|direction:pass:determined|risk:pass:within_caps|allowlist:FAIL:not_on_mint_allowlist|mode:pass:paper|contract:FAIL:hermes_integration_i0_ftn_never_actionable,"{""m1_correct_side_of_eq"": true, ""m2_false_breakout"": false, ""m4_fvg_in_displacement"": true, ""m3_iof_aligned"": false, ""m5_ipda20_discount"": true, ""m6_with_20d_swing"": true, ""m7_osok_profile"": true, ""m8_cbdr_tight"": false, ""m8_ny_continues_london"": false, ""m10_us500_confirms"": false, ""m11_smt_divergence"": false, ""m12_topdown_agree"": false, ""m13_bridge_window_fvg"": false}",correct_side,28773.583,28963.386,2026-07-08T08:51:00,1.161,scorer_flat_book,0.0,0.0,,expanded,poor_consolidation
2026-07-09,US100,ny_am,True,REV,named_extreme_raid+htf_pd+mss,2026-07-09T07:45:00,bearish,29463.431,29518.113999999998,allowlist:not_on_mint_allowlist,pdh,bullish,qualified,D_FVG_bear_2026-07-08,-1.018287219062598,,stop,54.682999999997264,,sha256:de360549f37c5366,kernel_ticket:pass:kernel_session_ticket|direction:pass:determined|risk:pass:within_caps|allowlist:FAIL:not_on_mint_allowlist|mode:pass:paper|contract:FAIL:hermes_integration_i0_ftn_never_actionable,"{""m1_correct_side_of_eq"": true, ""m2_false_breakout"": false, ""m4_fvg_in_displacement"": true, ""m3_iof_aligned"": false, ""m5_ipda20_discount"": true, ""m6_with_20d_swing"": true, ""m7_osok_profile"": false, ""m8_cbdr_tight"": true, ""m8_ny_continues_london"": false, ""m10_us500_confirms"": true, ""m11_smt_divergence"": true, ""m12_topdown_agree"": false, ""m13_bridge_window_fvg"": false}",correct_side,29462.931,29518.613999999998,2026-07-09T08:23:00,3.494,scorer_flat_book,0.0,0.0,,ideal,allowed
2026-07-13,US100,ny_am,True,REV,named_extreme_raid+htf_pd+mss,2026-07-13T07:15:00,bullish,29556.272,29333.831,allowlist:not_on_mint_allowlist,pdl,bullish,qualified,D_FVG_bull_2026-07-10,-1.0099621922217592,,stop,222.44100000000253,,sha256:7d674184c4925dcd,kernel_ticket:pass:kernel_session_ticket|direction:pass:determined|risk:pass:within_caps|allowlist:FAIL:not_on_mint_allowlist|mode:pass:paper|contract:FAIL:hermes_integration_i0_ftn_never_actionable,"{""m1_correct_side_of_eq"": true, ""m2_false_breakout"": false, ""m4_fvg_in_displacement"": true, ""m3_iof_aligned"": false, ""m5_ipda20_discount"": false, ""m6_with_20d_swing"": true, ""m7_osok_profile"": true, ""m8_cbdr_tight"": true, ""m8_ny_continues_london"": true, ""m10_us500_confirms"": true, ""m11_smt_divergence"": true, ""m12_topdown_agree"": true, ""m13_bridge_window_fvg"": false}",correct_side,29557.988,29333.331,2026-07-13T09:45:00,1.216,scorer_flat_book,0.0,0.0,,ideal,poor_consolidation
2026-07-15,US100,london,True,REV,named_extreme_raid+htf_pd+mss,2026-07-15T02:15:00,bearish,29842.398,29860.36,allowlist:not_on_mint_allowlist,pdh,bullish,aligned,D_FVG_bull_2026-06-30,-1.0556730876294413,,stop,17.961999999999534,,sha256:56d0216a66f85065,kernel_ticket:pass:kernel_session_ticket|direction:pass:determined|risk:pass:within_caps|allowlist:FAIL:not_on_mint_allowlist|mode:pass:paper|contract:FAIL:hermes_integration_i0_ftn_never_actionable,"{""m1_correct_side_of_eq"": true, ""m2_false_breakout"": false, ""m4_fvg_in_displacement"": false, ""m3_iof_aligned"": true, ""m5_ipda20_discount"": true, ""m6_with_20d_swing"": true, ""m7_osok_profile"": true, ""m8_cbdr_tight"": true, ""m8_ny_continues_london"": null, ""m10_us500_confirms"": false, ""m11_smt_divergence"": false, ""m12_topdown_agree"": false, ""m13_bridge_window_fvg"": false}",correct_side,29841.898,29860.86,2026-07-15T03:05:00,1.449,scorer_flat_book,0.0,0.0,,ideal,allowed
2026-07-16,US100,ny_am,True,REV,named_extreme_raid+htf_pd+mss,2026-07-16T09:15:00,bullish,29255.497,29167.075,allowlist:not_on_mint_allowlist,pdl,bearish,aligned,D_FVG_bear_2026-07-08,-1.0280812467485492,,stop,88.42199999999866,,sha256:09bfc7e4c3c31b3e,kernel_ticket:pass:kernel_session_ticket|direction:pass:determined|risk:pass:within_caps|allowlist:FAIL:not_on_mint_allowlist|mode:pass:paper|contract:FAIL:hermes_integration_i0_ftn_never_actionable,"{""m1_correct_side_of_eq"": true, ""m2_false_breakout"": true, ""m4_fvg_in_displacement"": false, ""m3_iof_aligned"": true, ""m5_ipda20_discount"": true, ""m6_with_20d_swing"": false, ""m7_osok_profile"": false, ""m8_cbdr_tight"": true, ""m8_ny_continues_london"": false, ""m10_us500_confirms"": false, ""m11_smt_divergence"": true, ""m12_topdown_agree"": false, ""m13_bridge_window_fvg"": false}",correct_side,29257.48,29166.575,2026-07-16T09:41:00,1.483,scorer_flat_book,0.0,0.0,,ideal,allowed
2026-07-17,US100,london,True,REV,named_extreme_raid+htf_pd+mss,2026-07-17T02:15:00,bullish,28569.62,28534.631,allowlist:not_on_mint_allowlist,pdl,bearish,aligned,D_FVG_bear_2026-07-08,-1.0725085026722805,,stop,34.98899999999776,,sha256:3b51042980800c86,kernel_ticket:pass:kernel_session_ticket|direction:pass:determined|risk:pass:within_caps|allowlist:FAIL:not_on_mint_allowlist|mode:pass:paper|contract:FAIL:hermes_integration_i0_ftn_never_actionable,"{""m1_correct_side_of_eq"": true, ""m2_false_breakout"": false, ""m4_fvg_in_displacement"": false, ""m3_iof_aligned"": true, ""m5_ipda20_discount"": true, ""m6_with_20d_swing"": false, ""m7_osok_profile"": false, ""m8_cbdr_tight"": false, ""m8_ny_continues_london"": null, ""m10_us500_confirms"": false, ""m11_smt_divergence"": false, ""m12_topdown_agree"": false, ""m13_bridge_window_fvg"": false}",correct_side,28571.657,28534.131,2026-07-17T03:11:00,1.537,scorer_flat_book,0.0,0.0,,ideal,allowed
2026-07-17,US100,ny_am,True,REV,named_extreme_raid+htf_pd+mss,2026-07-17T07:15:00,bullish,28569.976,28361.389,allowlist:not_on_mint_allowlist,pdl,bearish,qualified,D_FVG_bear_2026-07-08,-1.0117361101123288,,stop,208.58699999999953,,sha256:1ee7edb8899585b0,kernel_ticket:pass:kernel_session_ticket|direction:pass:determined|risk:pass:within_caps|allowlist:FAIL:not_on_mint_allowlist|mode:pass:paper|contract:FAIL:hermes_integration_i0_ftn_never_actionable,"{""m1_correct_side_of_eq"": true, ""m2_false_breakout"": false, ""m4_fvg_in_displacement"": true, ""m3_iof_aligned"": false, ""m5_ipda20_discount"": true, ""m6_with_20d_swing"": false, ""m7_osok_profile"": false, ""m8_cbdr_tight"": false, ""m8_ny_continues_london"": false, ""m10_us500_confirms"": false, ""m11_smt_divergence"": false, ""m12_topdown_agree"": false, ""m13_bridge_window_fvg"": false}",correct_side,28571.924,28360.889,2026-07-17T09:34:00,1.448,scorer_flat_book,0.0,0.0,,ideal,adr_spent
2026-07-21,US100,ny_am,True,REV,named_extreme_raid+htf_pd+mss,2026-07-21T10:00:00,bearish,28981.932,29077.459,allowlist:not_on_mint_allowlist,pdh,bearish,aligned,D_FVG_bear_2026-07-17,-1.0104682445800666,,stop,95.52699999999822,,sha256:a9d32ef46d4a6312,kernel_ticket:pass:kernel_session_ticket|direction:pass:determined|risk:pass:within_caps|allowlist:FAIL:not_on_mint_allowlist|mode:pass:paper|contract:FAIL:hermes_integration_i0_ftn_never_actionable,"{""m1_correct_side_of_eq"": true, ""m2_false_breakout"": true, ""m4_fvg_in_displacement"": true, ""m3_iof_aligned"": true, ""m5_ipda20_discount"": false, ""m6_with_20d_swing"": true, ""m7_osok_profile"": true, ""m8_cbdr_tight"": false, ""m8_ny_continues_london"": false, ""m10_us500_confirms"": true, ""m11_smt_divergence"": true, ""m12_topdown_agree"": true, ""m13_bridge_window_fvg"": true}",correct_side,28981.432,29077.959,2026-07-21T10:45:00,0.971,scorer_flat_book,0.0,0.0,,expanded,poor_consolidation
2026-07-23,US100,ny_am,True,REV,named_extreme_raid+htf_pd+mss,2026-07-23T07:15:00,bullish,28890.353,28754.054,allowlist:not_on_mint_allowlist,pdl,bearish,qualified,D_FVG_bear_2026-07-17,-1.0182980065884741,,stop,136.29899999999907,,sha256:4f8699fd70c53fb5,kernel_ticket:pass:kernel_session_ticket|direction:pass:determined|risk:pass:within_caps|allowlist:FAIL:not_on_mint_allowlist|mode:pass:paper|contract:FAIL:hermes_integration_i0_ftn_never_actionable,"{""m1_correct_side_of_eq"": true, ""m2_false_breakout"": true, ""m4_fvg_in_displacement"": true, ""m3_iof_aligned"": false, ""m5_ipda20_discount"": true, ""m6_with_20d_swing"": false, ""m7_osok_profile"": false, ""m8_cbdr_tight"": false, ""m8_ny_continues_london"": true, ""m10_us500_confirms"": true, ""m11_smt_divergence"": false, ""m12_topdown_agree"": false, ""m13_bridge_window_fvg"": false}",correct_side,28892.347,28753.554,2026-07-23T07:38:00,1.494,scorer_flat_book,0.0,0.0,,ideal,allowed
2026-07-27,US100,ny_am,True,REV,named_extreme_raid+htf_pd+mss,2026-07-27T10:00:00,bearish,28193.409,28611.639,allowlist:not_on_mint_allowlist,pdh,bearish,aligned,D_FVG_bear_2026-07-24,0.36486622193529467,,time,418.22999999999956,,sha256:41a6a2287481e11b,kernel_ticket:pass:kernel_session_ticket|direction:pass:determined|risk:pass:within_caps|allowlist:FAIL:not_on_mint_allowlist|mode:pass:paper|contract:FAIL:hermes_integration_i0_ftn_never_actionable,"{""m1_correct_side_of_eq"": false, ""m2_false_breakout"": false, ""m4_fvg_in_displacement"": true, ""m3_iof_aligned"": true, ""m5_ipda20_discount"": false, ""m6_with_20d_swing"": true, ""m7_osok_profile"": true, ""m8_cbdr_tight"": false, ""m8_ny_continues_london"": false, ""m10_us500_confirms"": true, ""m11_smt_divergence"": false, ""m12_topdown_agree"": true, ""m13_bridge_window_fvg"": true}",correct_side,28192.909,28040.311,2026-07-27T15:59:00,0.692,scorer_flat_book,0.0,0.0,,expanded,expanded_cbdr
2026-07-28,US100,london,True,REV,named_extreme_raid+htf_pd+mss,2026-07-28T04:15:00,bullish,27737.01,27686.832,allowlist:not_on_mint_allowlist,pdl,bearish,aligned,D_FVG_bear_2026-07-24,1.9539838176092887,,target,50.177999999999884,,sha256:376a01aca26d7816,kernel_ticket:pass:kernel_session_ticket|direction:pass:determined|risk:pass:within_caps|allowlist:FAIL:not_on_mint_allowlist|mode:pass:paper|contract:FAIL:hermes_integration_i0_ftn_never_actionable,"{""m1_correct_side_of_eq"": true, ""m2_false_breakout"": false, ""m4_fvg_in_displacement"": false, ""m3_iof_aligned"": true, ""m5_ipda20_discount"": true, ""m6_with_20d_swing"": false, ""m7_osok_profile"": true, ""m8_cbdr_tight"": false, ""m8_ny_continues_london"": null, ""m10_us500_confirms"": true, ""m11_smt_divergence"": true, ""m12_topdown_agree"": false, ""m13_bridge_window_fvg"": false}",correct_side,27739.069,27837.115999999998,2026-07-28T04:24:00,1.559,scorer_flat_book,0.0,0.0,,ideal,allowed
2026-07-28,US100,ny_am,True,REV,named_extreme_raid+htf_pd+mss,2026-07-28T10:00:00,bullish,27515.976,27494.421,allowlist:not_on_mint_allowlist,pdl,bearish,aligned,D_FVG_bear_2026-07-24,1.9196474135931363,,target,21.55500000000029,,sha256:d67ae51b1718f664,kernel_ticket:pass:kernel_session_ticket|direction:pass:determined|risk:pass:within_caps|allowlist:FAIL:not_on_mint_allowlist|mode:pass:paper|contract:FAIL:hermes_integration_i0_ftn_never_actionable,"{""m1_correct_side_of_eq"": true, ""m2_false_breakout"": false, ""m4_fvg_in_displacement"": true, ""m3_iof_aligned"": true, ""m5_ipda20_discount"": true, ""m6_with_20d_swing"": false, ""m7_osok_profile"": true, ""m8_cbdr_tight"": false, ""m8_ny_continues_london"": true, ""m10_us500_confirms"": false, ""m11_smt_divergence"": true, ""m12_topdown_agree"": false, ""m13_bridge_window_fvg"": true}",correct_side,27517.458,27558.836,2026-07-28T10:00:00,0.982,scorer_flat_book,0.0,0.0,,ideal,allowed
2026-08-04,US100,london,True,REV,named_extreme_raid+htf_pd+mss,2026-08-04T03:15:00,bearish,28946.375,28979.604,allowlist:not_on_mint_allowlist,pdh,bullish,qualified,D_FVG_bear_2026-07-24,-1.030094194829818,,stop,33.22899999999936,,sha256:f0cd95e8edfd39fa,kernel_ticket:pass:kernel_session_ticket|direction:pass:determined|risk:pass:within_caps|allowlist:FAIL:not_on_mint_allowlist|mode:pass:paper|contract:FAIL:hermes_integration_i0_ftn_never_actionable,"{""m1_correct_side_of_eq"": true, ""m2_false_breakout"": false, ""m4_fvg_in_displacement"": true, ""m3_iof_aligned"": false, ""m5_ipda20_discount"": true, ""m6_with_20d_swing"": true, ""m7_osok_profile"": true, ""m8_cbdr_tight"": true, ""m8_ny_continues_london"": null, ""m10_us500_confirms"": false, ""m11_smt_divergence"": false, ""m12_topdown_agree"": false, ""m13_bridge_window_fvg"": false}",correct_side,28945.875,28980.104,2026-08-04T03:26:00,1.427,scorer_flat_book,0.0,0.0,,ideal,allowed
2026-08-05,US100,london,True,REV,named_extreme_raid+htf_pd+mss,2026-08-05T02:30:00,bearish,29804.497,29866.603,allowlist:not_on_mint_allowlist,pdh,bullish,aligned,D_FVG_bull_2026-07-10,1.987923872089653,,target,62.10599999999977,,sha256:2e951536a1ddb6ae,kernel_ticket:pass:kernel_session_ticket|direction:pass:determined|risk:pass:within_caps|allowlist:FAIL:not_on_mint_allowlist|mode:pass:paper|contract:FAIL:hermes_integration_i0_ftn_never_actionable,"{""m1_correct_side_of_eq"": true, ""m2_false_breakout"": false, ""m4_fvg_in_displacement"": false, ""m3_iof_aligned"": true, ""m5_ipda20_discount"": true, ""m6_with_20d_swing"": false, ""m7_osok_profile"": true, ""m8_cbdr_tight"": true, ""m8_ny_continues_london"": null, ""m10_us500_confirms"": true, ""m11_smt_divergence"": false, ""m12_topdown_agree"": false, ""m13_bridge_window_fvg"": false}",correct_side,29803.997,29680.535,2026-08-05T04:40:00,1.204,scorer_flat_book,0.0,0.0,,ideal,allowed
2026-08-05,US100,ny_am,True,REV,named_extreme_raid+htf_pd+mss,2026-08-05T10:00:00,bearish,29924.053,29949.238999999998,allowlist:not_on_mint_allowlist,pdh,bullish,aligned,D_FVG_bull_2026-07-10,1.9702215516556791,,target,25.185999999997875,,sha256:8ddf0eedc26a9d4a,kernel_ticket:pass:kernel_session_ticket|direction:pass:determined|risk:pass:within_caps|allowlist:FAIL:not_on_mint_allowlist|mode:pass:paper|contract:FAIL:hermes_integration_i0_ftn_never_actionable,"{""m1_correct_side_of_eq"": true, ""m2_false_breakout"": false, ""m4_fvg_in_displacement"": true, ""m3_iof_aligned"": true, ""m5_ipda20_discount"": true, ""m6_with_20d_swing"": false, ""m7_osok_profile"": true, ""m8_cbdr_tight"": true, ""m8_ny_continues_london"": true, ""m10_us500_confirms"": false, ""m11_smt_divergence"": false, ""m12_topdown_agree"": false, ""m13_bridge_window_fvg"": true}",correct_side,29923.553,29873.931000000004,2026-08-05T10:00:00,1.015,scorer_flat_book,0.0,0.0,,ideal,allowed
2026-08-06,US100,ny_am,True,REV,named_extreme_raid+htf_pd+mss,2026-08-06T07:15:00,bullish,29296.443,29241.531,allowlist:not_on_mint_allowlist,pdl,bearish,aligned,D_FVG_bull_2026-07-10,-1.0447989510489348,,stop,54.91200000000026,,sha256:a24a8e78f676d0ec,kernel_ticket:pass:kernel_session_ticket|direction:pass:determined|risk:pass:within_caps|allowlist:FAIL:not_on_mint_allowlist|mode:pass:paper|contract:FAIL:hermes_integration_i0_ftn_never_actionable,"{""m1_correct_side_of_eq"": true, ""m2_false_breakout"": false, ""m4_fvg_in_displacement"": false, ""m3_iof_aligned"": true, ""m5_ipda20_discount"": false, ""m6_with_20d_swing"": true, ""m7_osok_profile"": false, ""m8_cbdr_tight"": false, ""m8_ny_continues_london"": false, ""m10_us500_confirms"": false, ""m11_smt_divergence"": true, ""m12_topdown_agree"": false, ""m13_bridge_window_fvg"": false}",correct_side,29298.403,29241.031,2026-08-06T09:07:00,1.46,scorer_flat_book,0.0,0.0,,ideal,allowed
2026-08-10,US100,london,True,REV,named_extreme_raid+htf_pd+mss,2026-08-10T02:30:00,bearish,29801.042,29851.315,allowlist:not_on_mint_allowlist,pdh,bullish,aligned,D_FVG_bull_2026-08-05,-1.0198913929942524,,stop,50.27299999999741,,sha256:e7f675211e9d3c1d,kernel_ticket:pass:kernel_session_ticket|direction:pass:determined|risk:pass:within_caps|allowlist:FAIL:not_on_mint_allowlist|mode:pass:paper|contract:FAIL:hermes_integration_i0_ftn_never_actionable,"{""m1_correct_side_of_eq"": true, ""m2_false_breakout"": false, ""m4_fvg_in_displacement"": false, ""m3_iof_aligned"": true, ""m5_ipda20_discount"": true, ""m6_with_20d_swing"": true, ""m7_osok_profile"": true, ""m8_cbdr_tight"": true, ""m8_ny_continues_london"": null, ""m10_us500_confirms"": true, ""m11_smt_divergence"": false, ""m12_topdown_agree"": false, ""m13_bridge_window_fvg"": false}",correct_side,29800.542,29851.815,2026-08-10T03:36:00,1.527,scorer_flat_book,0.0,0.0,,ideal,allowed
2026-08-10,US100,ny_am,True,REV,named_extreme_raid+htf_pd+mss,2026-08-10T07:15:00,bearish,29763.854,29872.749,allowlist:not_on_mint_allowlist,pdh,bullish,qualified,D_FVG_bull_2026-08-05,1.2126543918453478,,time,108.89500000000044,,sha256:335da6fce3300da5,kernel_ticket:pass:kernel_session_ticket|direction:pass:determined|risk:pass:within_caps|allowlist:FAIL:not_on_mint_allowlist|mode:pass:paper|contract:FAIL:hermes_integration_i0_ftn_never_actionable,"{""m1_correct_side_of_eq"": true, ""m2_false_breakout"": false, ""m4_fvg_in_displacement"": true, ""m3_iof_aligned"": false, ""m5_ipda20_discount"": true, ""m6_with_20d_swing"": true, ""m7_osok_profile"": true, ""m8_cbdr_tight"": true, ""m8_ny_continues_london"": false, ""m10_us500_confirms"": true, ""m11_smt_divergence"": false, ""m12_topdown_agree"": false, ""m13_bridge_window_fvg"": false}",correct_side,29763.354,29631.302,2026-08-10T15:59:00,1.504,scorer_flat_book,0.0,0.0,,ideal,allowed
2026-08-14,US100,ny_am,True,REV,named_extreme_raid+htf_pd+mss,2026-08-14T08:15:00,bearish,30139.409,30184.113999999998,allowlist:not_on_mint_allowlist,pdh,bullish,aligned,D_FVG_bull_2026-08-10,-1.0223688625433407,,stop,44.70499999999811,,sha256:437c4a47481b9503,kernel_ticket:pass:kernel_session_ticket|direction:pass:determined|risk:pass:within_caps|allowlist:FAIL:not_on_mint_allowlist|mode:pass:paper|contract:FAIL:hermes_integration_i0_ftn_never_actionable,"{""m1_correct_side_of_eq"": true, ""m2_false_breakout"": true, ""m4_fvg_in_displacement"": false, ""m3_iof_aligned"": true, ""m5_ipda20_discount"": true, ""m6_with_20d_swing"": false, ""m7_osok_profile"": false, ""m8_cbdr_tight"": true, ""m8_ny_continues_london"": false, ""m10_us500_confirms"": true, ""m11_smt_divergence"": true, ""m12_topdown_agree"": false, ""m13_bridge_window_fvg"": false}",correct_side,30138.909,30184.613999999998,2026-08-14T09:05:00,1.394,scorer_flat_book,0.0,0.0,,ideal,allowed
2026-08-18,US100,london,True,REV,named_extreme_raid+htf_pd+mss,2026-08-18T02:15:00,bullish,29743.376,29692.321,allowlist:not_on_mint_allowlist,pdl,bearish,aligned,D_FVG_bull_2026-08-14,-1.0485946528253796,,stop,51.05500000000029,,sha256:cf2a00088be981b5,kernel_ticket:pass:kernel_session_ticket|direction:pass:determined|risk:pass:within_caps|allowlist:FAIL:not_on_mint_allowlist|mode:pass:paper|contract:FAIL:hermes_integration_i0_ftn_never_actionable,"{""m1_correct_side_of_eq"": true, ""m2_false_breakout"": false, ""m4_fvg_in_displacement"": false, ""m3_iof_aligned"": true, ""m5_ipda20_discount"": false, ""m6_with_20d_swing"": true, ""m7_osok_profile"": true, ""m8_cbdr_tight"": true, ""m8_ny_continues_london"": null, ""m10_us500_confirms"": false, ""m11_smt_divergence"": false, ""m12_topdown_agree"": false, ""m13_bridge_window_fvg"": false}",correct_side,29745.357,29691.821,2026-08-18T04:00:00,1.481,scorer_flat_book,0.0,0.0,,ideal,allowed
2026-08-18,US100,ny_am,True,REV,named_extreme_raid+htf_pd+mss,2026-08-18T07:15:00,bullish,29675.753,29593.92,allowlist:not_on_mint_allowlist,pdl,bearish,qualified,D_FVG_bull_2026-08-14,-1.0304767025527442,,stop,81.83300000000236,,sha256:29e1123bfd8eb191,kernel_ticket:pass:kernel_session_ticket|direction:pass:determined|risk:pass:within_caps|allowlist:FAIL:not_on_mint_allowlist|mode:pass:paper|contract:FAIL:hermes_integration_i0_ftn_never_actionable,"{""m1_correct_side_of_eq"": true, ""m2_false_breakout"": false, ""m4_fvg_in_displacement"": true, ""m3_iof_aligned"": false, ""m5_ipda20_discount"": false, ""m6_with_20d_swing"": true, ""m7_osok_profile"": true, ""m8_cbdr_tight"": true, ""m8_ny_continues_london"": false, ""m10_us500_confirms"": false, ""m11_smt_divergence"": false, ""m12_topdown_agree"": false, ""m13_bridge_window_fvg"": false}",correct_side,29677.747,29593.42,2026-08-18T08:37:00,1.494,scorer_flat_book,0.0,0.0,,ideal,adr_spent
2026-08-19,US100,london,True,REV,named_extreme_raid+htf_pd+mss,2026-08-19T02:30:00,bullish,29394.508,29342.219,allowlist:not_on_mint_allowlist,pdl,bearish,aligned,D_FVG_bull_2026-08-10,1.9592074814971032,,target,52.28900000000067,,sha256:87fa9d1624760ad9,kernel_ticket:pass:kernel_session_ticket|direction:pass:determined|risk:pass:within_caps|allowlist:FAIL:not_on_mint_allowlist|mode:pass:paper|contract:FAIL:hermes_integration_i0_ftn_never_actionable,"{""m1_correct_side_of_eq"": true, ""m2_false_breakout"": true, ""m4_fvg_in_displacement"": false, ""m3_iof_aligned"": true, ""m5_ipda20_discount"": false, ""m6_with_20d_swing"": true, ""m7_osok_profile"": true, ""m8_cbdr_tight"": true, ""m8_ny_continues_london"": null, ""m10_us500_confirms"": true, ""m11_smt_divergence"": false, ""m12_topdown_agree"": false, ""m13_bridge_window_fvg"": false}",correct_side,29396.391,29498.836000000003,2026-08-19T03:30:00,1.383,scorer_flat_book,0.0,0.0,,ideal,allowed
2026-08-19,US100,ny_am,True,REV,named_extreme_raid+htf_pd+mss,2026-08-19T10:00:00,bullish,29406.776,29319.954,allowlist:not_on_mint_allowlist,pdl,bearish,aligned,D_FVG_bull_2026-08-10,-1.0224367095896971,,stop,86.82200000000012,,sha256:6c5a26b516497305,kernel_ticket:pass:kernel_session_ticket|direction:pass:determined|risk:pass:within_caps|allowlist:FAIL:not_on_mint_allowlist|mode:pass:paper|contract:FAIL:hermes_integration_i0_ftn_never_actionable,"{""m1_correct_side_of_eq"": true, ""m2_false_breakout"": true, ""m4_fvg_in_displacement"": true, ""m3_iof_aligned"": true, ""m5_ipda20_discount"": false, ""m6_with_20d_swing"": true, ""m7_osok_profile"": true, ""m8_cbdr_tight"": true, ""m8_ny_continues_london"": true, ""m10_us500_confirms"": true, ""m11_smt_divergence"": false, ""m12_topdown_agree"": false, ""m13_bridge_window_fvg"": true}",correct_side,29408.224,29319.454,2026-08-19T10:11:00,0.948,scorer_flat_book,0.0,0.0,,ideal,allowed
2026-08-24,US100,ny_am,True,REV,named_extreme_raid+htf_pd+mss,2026-08-24T07:15:00,bullish,29091.486,29039.209,allowlist:not_on_mint_allowlist,pdl,bullish,qualified,D_FVG_bull_2026-08-04,1.958337318514838,,target,52.27700000000186,,sha256:1a3c21af31937b34,kernel_ticket:pass:kernel_session_ticket|direction:pass:determined|risk:pass:within_caps|allowlist:FAIL:not_on_mint_allowlist|mode:pass:paper|contract:FAIL:hermes_integration_i0_ftn_never_actionable,"{""m1_correct_side_of_eq"": true, ""m2_false_breakout"": true, ""m4_fvg_in_displacement"": true, ""m3_iof_aligned"": false, ""m5_ipda20_discount"": false, ""m6_with_20d_swing"": true, ""m7_osok_profile"": true, ""m8_cbdr_tight"": true, ""m8_ny_continues_london"": true, ""m10_us500_confirms"": false, ""m11_smt_divergence"": true, ""m12_topdown_agree"": false, ""m13_bridge_window_fvg"": false}",correct_side,29093.414,29195.790000000005,2026-08-24T07:38:00,1.428,scorer_flat_book,0.0,0.0,,ideal,allowed
2026-08-27,US100,ny_am,True,REV,named_extreme_raid+htf_pd+mss,2026-08-27T07:15:00,bearish,29552.198,29598.46,allowlist:not_on_mint_allowlist,pdh,bullish,qualified,D_FVG_bull_2026-08-05,1.9837879901430975,,target,46.26199999999881,,sha256:6b004d35bef10438,kernel_ticket:pass:kernel_session_ticket|direction:pass:determined|risk:pass:within_caps|allowlist:FAIL:not_on_mint_allowlist|mode:pass:paper|contract:FAIL:hermes_integration_i0_ftn_never_actionable,"{""m1_correct_side_of_eq"": true, ""m2_false_breakout"": false, ""m4_fvg_in_displacement"": true, ""m3_iof_aligned"": false, ""m5_ipda20_discount"": true, ""m6_with_20d_swing"": false, ""m7_osok_profile"": false, ""m8_cbdr_tight"": false, ""m8_ny_continues_london"": false, ""m10_us500_confirms"": false, ""m11_smt_divergence"": false, ""m12_topdown_agree"": false, ""m13_bridge_window_fvg"": false}",correct_side,29551.698,29459.924000000003,2026-08-27T07:48:00,1.481,scorer_flat_book,0.0,0.0,,wide,wide_cbdr
2026-08-31,US100,ny_am,True,REV,named_extreme_raid+htf_pd+mss,2026-08-31T07:15:00,bullish,29385.819,29279.531,allowlist:not_on_mint_allowlist,pdl,bearish,qualified,D_FVG_bull_2026-08-10,0.5733572933915613,,time,106.28800000000047,,sha256:ab6a27252a226cd1,kernel_ticket:pass:kernel_session_ticket|direction:pass:determined|risk:pass:within_caps|allowlist:FAIL:not_on_mint_allowlist|mode:pass:paper|contract:FAIL:hermes_integration_i0_ftn_never_actionable,"{""m1_correct_side_of_eq"": true, ""m2_false_breakout"": false, ""m4_fvg_in_displacement"": true, ""m3_iof_aligned"": false, ""m5_ipda20_discount"": false, ""m6_with_20d_swing"": true, ""m7_osok_profile"": true, ""m8_cbdr_tight"": true, ""m8_ny_continues_london"": true, ""m10_us500_confirms"": true, ""m11_smt_divergence"": false, ""m12_topdown_agree"": false, ""m13_bridge_window_fvg"": false}",correct_side,29387.724,29448.665,2026-08-31T15:59:00,1.405,scorer_flat_book,0.0,0.0,,ideal,allowed
2026-09-02,US100,ny_am,True,REV,named_extreme_raid+htf_pd+mss,2026-09-02T07:15:00,bullish,28971.221,28880.309,allowlist:not_on_mint_allowlist,pdl,bearish,qualified,D_FVG_bull_2026-08-28,1.9746128123900337,,target,90.91200000000026,,sha256:fd655c3ae4e73396,kernel_ticket:pass:kernel_session_ticket|direction:pass:determined|risk:pass:within_caps|allowlist:FAIL:not_on_mint_allowlist|mode:pass:paper|contract:FAIL:hermes_integration_i0_ftn_never_actionable,"{""m1_correct_side_of_eq"": true, ""m2_false_breakout"": false, ""m4_fvg_in_displacement"": false, ""m3_iof_aligned"": false, ""m5_ipda20_discount"": true, ""m6_with_20d_swing"": false, ""m7_osok_profile"": true, ""m8_cbdr_tight"": false, ""m8_ny_continues_london"": false, ""m10_us500_confirms"": true, ""m11_smt_divergence"": false, ""m12_topdown_agree"": false, ""m13_bridge_window_fvg"": false}",correct_side,28973.279,29152.795000000002,2026-09-02T10:34:00,1.558,scorer_flat_book,0.0,0.0,,ideal,allowed
2026-09-03,US100,ny_am,True,REV,named_extreme_raid+htf_pd+mss,2026-09-03T10:00:00,bearish,29287.465,29332.071,allowlist:not_on_mint_allowlist,pdh,bullish,aligned,D_FVG_bear_2026-09-02,-1.0224185087208,,stop,44.60599999999977,,sha256:b0296cfac80843fb,kernel_ticket:pass:kernel_session_ticket|direction:pass:determined|risk:pass:within_caps|allowlist:FAIL:not_on_mint_allowlist|mode:pass:paper|contract:FAIL:hermes_integration_i0_ftn_never_actionable,"{""m1_correct_side_of_eq"": true, ""m2_false_breakout"": false, ""m4_fvg_in_displacement"": true, ""m3_iof_aligned"": true, ""m5_ipda20_discount"": false, ""m6_with_20d_swing"": true, ""m7_osok_profile"": false, ""m8_cbdr_tight"": true, ""m8_ny_continues_london"": false, ""m10_us500_confirms"": false, ""m11_smt_divergence"": false, ""m12_topdown_agree"": false, ""m13_bridge_window_fvg"": true}",correct_side,29286.965,29332.571,2026-09-03T11:00:00,1.004,scorer_flat_book,0.0,0.0,,ideal,allowed
2026-09-04,US100,london,True,REV,named_extreme_raid+htf_pd+mss,2026-09-04T02:45:00,bearish,29561.575,29603.648999999998,allowlist:not_on_mint_allowlist,pdh,bullish,aligned,D_FVG_bull_2026-08-28,-1.0237676474782544,,stop,42.073999999996886,,sha256:1b67fe004fbb7d67,kernel_ticket:pass:kernel_session_ticket|direction:pass:determined|risk:pass:within_caps|allowlist:FAIL:not_on_mint_allowlist|mode:pass:paper|contract:FAIL:hermes_integration_i0_ftn_never_actionable,"{""m1_correct_side_of_eq"": true, ""m2_false_breakout"": false, ""m4_fvg_in_displacement"": false, ""m3_iof_aligned"": true, ""m5_ipda20_discount"": true, ""m6_with_20d_swing"": false, ""m7_osok_profile"": false, ""m8_cbdr_tight"": true, ""m8_ny_continues_london"": null, ""m10_us500_confirms"": true, ""m11_smt_divergence"": false, ""m12_topdown_agree"": false, ""m13_bridge_window_fvg"": false}",correct_side,29561.075,29604.148999999998,2026-09-04T03:33:00,1.504,scorer_flat_book,0.0,0.0,08:30 nfp,ideal,news
2026-09-04,US100,ny_am,True,REV,named_extreme_raid+htf_pd+mss,2026-09-04T07:15:00,bearish,29617.221,29662.104,allowlist:not_on_mint_allowlist,pdh,bullish,aligned,D_FVG_bull_2026-08-10,1.9832898870396356,,target,44.88299999999799,,sha256:c0c38992f4986ad1,kernel_ticket:pass:kernel_session_ticket|direction:pass:determined|risk:pass:within_caps|allowlist:FAIL:not_on_mint_allowlist|mode:pass:paper|contract:FAIL:hermes_integration_i0_ftn_never_actionable,"{""m1_correct_side_of_eq"": true, ""m2_false_breakout"": false, ""m4_fvg_in_displacement"": true, ""m3_iof_aligned"": true, ""m5_ipda20_discount"": true, ""m6_with_20d_swing"": false, ""m7_osok_profile"": false, ""m8_cbdr_tight"": true, ""m8_ny_continues_london"": false, ""m10_us500_confirms"": true, ""m11_smt_divergence"": false, ""m12_topdown_agree"": false, ""m13_bridge_window_fvg"": false}",correct_side,29616.721,29527.705000000005,2026-09-04T08:30:00,1.503,scorer_flat_book,0.0,0.0,08:30 nfp,ideal,news
2026-09-09,US100,ny_am,True,REV,named_extreme_raid+htf_pd+mss,2026-09-09T07:15:00,bullish,29382.543,29343.054,allowlist:not_on_mint_allowlist,pdl,bearish,aligned,D_FVG_bear_2026-08-19,-1.0639418572260053,,stop,39.4890000000014,,sha256:4744b7a5e92bed73,kernel_ticket:pass:kernel_session_ticket|direction:pass:determined|risk:pass:within_caps|allowlist:FAIL:not_on_mint_allowlist|mode:pass:paper|contract:FAIL:hermes_integration_i0_ftn_never_actionable,"{""m1_correct_side_of_eq"": true, ""m2_false_breakout"": false, ""m4_fvg_in_displacement"": false, ""m3_iof_aligned"": true, ""m5_ipda20_discount"": true, ""m6_with_20d_swing"": false, ""m7_osok_profile"": true, ""m8_cbdr_tight"": true, ""m8_ny_continues_london"": false, ""m10_us500_confirms"": false, ""m11_smt_divergence"": false, ""m12_topdown_agree"": false, ""m13_bridge_window_fvg"": false}",correct_side,29384.568,29342.554,2026-09-09T08:05:00,1.525,scorer_flat_book,0.0,0.0,,ideal,allowed
2026-09-21,US100,london,True,REV,named_extreme_raid+htf_pd+mss,2026-09-21T02:15:00,bearish,29824.119,29834.836,allowlist:not_on_mint_allowlist,pdh,bullish,aligned,D_FVG_bull_2026-08-28,-1.093309694877293,,stop,10.717000000000553,,sha256:1a7bc8085b439cce,kernel_ticket:pass:kernel_session_ticket|direction:pass:determined|risk:pass:within_caps|allowlist:FAIL:not_on_mint_allowlist|mode:pass:paper|contract:FAIL:hermes_integration_i0_ftn_never_actionable,"{""m1_correct_side_of_eq"": true, ""m2_false_breakout"": false, ""m4_fvg_in_displacement"": false, ""m3_iof_aligned"": true, ""m5_ipda20_discount"": true, ""m6_with_20d_swing"": false, ""m7_osok_profile"": true, ""m8_cbdr_tight"": false, ""m8_ny_continues_london"": null, ""m10_us500_confirms"": false, ""m11_smt_divergence"": false, ""m12_topdown_agree"": false, ""m13_bridge_window_fvg"": false}",correct_side,29823.619,29835.336,2026-09-21T02:17:00,1.438,scorer_flat_book,0.0,0.0,,ideal,allowed
2026-09-21,US100,ny_am,True,REV,named_extreme_raid+htf_pd+mss,2026-09-21T07:15:00,bearish,29944.743,29979.07,allowlist:not_on_mint_allowlist,pdh,bullish,aligned,D_FVG_bull_2026-08-28,-1.0291315873801954,,stop,34.327000000001135,,sha256:89df5f6030ec62e5,kernel_ticket:pass:kernel_session_ticket|direction:pass:determined|risk:pass:within_caps|allowlist:FAIL:not_on_mint_allowlist|mode:pass:paper|contract:FAIL:hermes_integration_i0_ftn_never_actionable,"{""m1_correct_side_of_eq"": true, ""m2_false_breakout"": false, ""m4_fvg_in_displacement"": false, ""m3_iof_aligned"": true, ""m5_ipda20_discount"": true, ""m6_with_20d_swing"": false, ""m7_osok_profile"": true, ""m8_cbdr_tight"": false, ""m8_ny_continues_london"": false, ""m10_us500_confirms"": false, ""m11_smt_divergence"": false, ""m12_topdown_agree"": false, ""m13_bridge_window_fvg"": false}",correct_side,29944.243,29979.57,2026-09-21T08:04:00,1.515,scorer_flat_book,0.0,0.0,,ideal,allowed
2026-09-22,US100,ny_am,True,REV,named_extreme_raid+htf_pd+mss,2026-09-22T07:15:00,bearish,30490.275,30572.514,allowlist:not_on_mint_allowlist,pdh,bullish,qualified,D_FVG_bull_2026-09-21,-1.0121596809299727,,stop,82.23899999999776,,sha256:86ee6f8861871a28,kernel_ticket:pass:kernel_session_ticket|direction:pass:determined|risk:pass:within_caps|allowlist:FAIL:not_on_mint_allowlist|mode:pass:paper|contract:FAIL:hermes_integration_i0_ftn_never_actionable,"{""m1_correct_side_of_eq"": true, ""m2_false_breakout"": true, ""m4_fvg_in_displacement"": true, ""m3_iof_aligned"": false, ""m5_ipda20_discount"": true, ""m6_with_20d_swing"": false, ""m7_osok_profile"": true, ""m8_cbdr_tight"": false, ""m8_ny_continues_london"": true, ""m10_us500_confirms"": true, ""m11_smt_divergence"": true, ""m12_topdown_agree"": false, ""m13_bridge_window_fvg"": false}",correct_side,30489.775,30573.014,2026-09-22T09:35:00,1.482,scorer_flat_book,0.0,0.0,,ideal,allowed
2026-09-23,US100,london,True,REV,named_extreme_raid+htf_pd+mss,2026-09-23T03:00:00,bearish,30752.586,30799.059999999998,allowlist:not_on_mint_allowlist,pdh,bullish,aligned,D_FVG_bull_2026-09-22,1.9838619443129486,,target,46.47399999999834,,sha256:ca78022c6b055e57,kernel_ticket:pass:kernel_session_ticket|direction:pass:determined|risk:pass:within_caps|allowlist:FAIL:not_on_mint_allowlist|mode:pass:paper|contract:FAIL:hermes_integration_i0_ftn_never_actionable,"{""m1_correct_side_of_eq"": true, ""m2_false_breakout"": false, ""m4_fvg_in_displacement"": false, ""m3_iof_aligned"": true, ""m5_ipda20_discount"": true, ""m6_with_20d_swing"": false, ""m7_osok_profile"": true, ""m8_cbdr_tight"": true, ""m8_ny_continues_london"": null, ""m10_us500_confirms"": true, ""m11_smt_divergence"": true, ""m12_topdown_agree"": false, ""m13_bridge_window_fvg"": false}",correct_side,30752.086,30659.888000000003,2026-09-23T07:26:00,1.417,scorer_flat_book,0.0,0.0,,ideal,allowed
