date,symbol,session,ticket,module,reason,entry_time,direction,entry,stop,blocked_by,raid_level,iof_state,iof_confidence,origin_pd_array,R,R_gross,exit,risk_pts,cost_R,fingerprint,gates,features
2025-08-25,US100,london,False,,insufficient_history_or_bars,,,,,,,,,,,,,,,,,
2025-08-25,US100,ny_am,False,,insufficient_history_or_bars,,,,,,,,,,,,,,,,,
2025-08-26,US100,london,False,,insufficient_history_or_bars,,,,,,,,,,,,,,,,,
2025-08-26,US100,ny_am,False,,insufficient_history_or_bars,,,,,,,,,,,,,,,,,
2025-08-27,US100,london,False,,insufficient_history_or_bars,,,,,,,,,,,,,,,,,
2025-08-27,US100,ny_am,False,,insufficient_history_or_bars,,,,,,,,,,,,,,,,,
2025-08-28,US100,london,False,,insufficient_history_or_bars,,,,,,,,,,,,,,,,,
2025-08-28,US100,ny_am,False,,insufficient_history_or_bars,,,,,,,,,,,,,,,,,
2025-08-29,US100,london,False,,insufficient_history_or_bars,,,,,,,,,,,,,,,,,
2025-08-29,US100,ny_am,False,,insufficient_history_or_bars,,,,,,,,,,,,,,,,,
2025-09-02,US100,london,False,,insufficient_history_or_bars,,,,,,,,,,,,,,,,,
2025-09-02,US100,ny_am,False,,insufficient_history_or_bars,,,,,,,,,,,,,,,,,
2025-09-03,US100,london,False,,insufficient_history_or_bars,,,,,,,,,,,,,,,,,
2025-09-03,US100,ny_am,False,,insufficient_history_or_bars,,,,,,,,,,,,,,,,,
2025-09-04,US100,london,False,,insufficient_history_or_bars,,,,,,,,,,,,,,,,,
2025-09-04,US100,ny_am,False,,insufficient_history_or_bars,,,,,,,,,,,,,,,,,
2025-09-05,US100,london,False,,insufficient_history_or_bars,,,,,,,,,,,,,,,,,
2025-09-05,US100,ny_am,False,,insufficient_history_or_bars,,,,,,,,,,,,,,,,,
2025-09-08,US100,london,False,,insufficient_history_or_bars,,,,,,,,,,,,,,,,,
2025-09-08,US100,ny_am,False,,insufficient_history_or_bars,,,,,,,,,,,,,,,,,
2025-09-09,US100,london,False,,insufficient_history_or_bars,,,,,,,,,,,,,,,,,
2025-09-09,US100,ny_am,False,,insufficient_history_or_bars,,,,,,,,,,,,,,,,,
2025-09-10,US100,london,False,,insufficient_history_or_bars,,,,,,,,,,,,,,,,,
2025-09-10,US100,ny_am,False,,insufficient_history_or_bars,,,,,,,,,,,,,,,,,
2025-09-11,US100,london,False,,insufficient_history_or_bars,,,,,,,,,,,,,,,,,
2025-09-11,US100,ny_am,False,,insufficient_history_or_bars,,,,,,,,,,,,,,,,,
2025-09-12,US100,london,False,,insufficient_history_or_bars,,,,,,,,,,,,,,,,,
2025-09-12,US100,ny_am,False,,insufficient_history_or_bars,,,,,,,,,,,,,,,,,
2025-09-15,US100,london,False,,insufficient_history_or_bars,,,,,,,,,,,,,,,,,
2025-09-15,US100,ny_am,False,,insufficient_history_or_bars,,,,,,,,,,,,,,,,,
2025-09-16,US100,london,False,,insufficient_history_or_bars,,,,,,,,,,,,,,,,,
2025-09-16,US100,ny_am,False,,insufficient_history_or_bars,,,,,,,,,,,,,,,,,
2025-09-17,US100,london,False,,insufficient_history_or_bars,,,,,,,,,,,,,,,,,
2025-09-17,US100,ny_am,False,,insufficient_history_or_bars,,,,,,,,,,,,,,,,,
2025-09-18,US100,london,False,,insufficient_history_or_bars,,,,,,,,,,,,,,,,,
2025-09-18,US100,ny_am,False,,insufficient_history_or_bars,,,,,,,,,,,,,,,,,
2025-09-19,US100,london,False,,insufficient_history_or_bars,,,,,,,,,,,,,,,,,
2025-09-19,US100,ny_am,False,,insufficient_history_or_bars,,,,,,,,,,,,,,,,,
2025-09-22,US100,london,False,,insufficient_history_or_bars,,,,,,,,,,,,,,,,,
2025-09-22,US100,ny_am,False,,insufficient_history_or_bars,,,,,,,,,,,,,,,,,
2025-09-23,US100,london,False,,insufficient_history_or_bars,,,,,,,,,,,,,,,,,
2025-09-23,US100,ny_am,False,,insufficient_history_or_bars,,,,,,,,,,,,,,,,,
2025-09-24,US100,london,False,,insufficient_history_or_bars,,,,,,,,,,,,,,,,,
2025-09-24,US100,ny_am,False,,insufficient_history_or_bars,,,,,,,,,,,,,,,,,
2025-09-25,US100,london,False,,no_selected_candidate,,,,,,,,,,,,,,,,,
2025-09-25,US100,ny_am,True,REV,named_extreme_raid+htf_pd+mss,2025-09-25T09:45:00,bullish,24191.358,24184.803,allowlist:not_on_mint_allowlist,pdl,bearish,aligned,D_FVG_bull_2025-09-19,,,,,,sha256:2189c129b23c3c90,kernel_ticket:pass:kernel_session_ticket|direction:pass:determined|risk:pass:within_caps|allowlist:FAIL:not_on_mint_allowlist|mode:pass:paper|contract:FAIL:hermes_integration_i0_ftn_never_actionable,
2025-09-26,US100,london,False,,no_selected_candidate,,,,,,,,,,,,,,,,,
2025-09-26,US100,ny_am,False,,no_selected_candidate,,,,,,,,,,,,,,,,,
2025-09-29,US100,london,True,REV,named_extreme_raid+htf_pd+mss,2025-09-29T02:15:00,bearish,24600.243,24611.819,allowlist:not_on_mint_allowlist,pdh,bullish,qualified,D_FVG_bull_2025-09-19,,,,,,sha256:4c48325977690374,kernel_ticket:pass:kernel_session_ticket|direction:pass:determined|risk:pass:within_caps|allowlist:FAIL:not_on_mint_allowlist|mode:pass:paper|contract:FAIL:hermes_integration_i0_ftn_never_actionable,
2025-09-29,US100,ny_am,True,REV,named_extreme_raid+htf_pd+mss,2025-09-29T07:15:00,bearish,24636.697,24678.149,allowlist:not_on_mint_allowlist,pdh,bullish,aligned,D_FVG_bull_2025-09-19,,,,,,sha256:7c82a87a32ca4631,kernel_ticket:pass:kernel_session_ticket|direction:pass:determined|risk:pass:within_caps|allowlist:FAIL:not_on_mint_allowlist|mode:pass:paper|contract:FAIL:hermes_integration_i0_ftn_never_actionable,
2025-09-30,US100,london,False,,no_selected_candidate,,,,,,,,,,,,,,,,,
2025-09-30,US100,ny_am,False,,no_selected_candidate,,,,,,,,,,,,,,,,,
2025-10-01,US100,london,False,,no_selected_candidate,,,,,,,,,,,,,,,,,
2025-10-01,US100,ny_am,True,REV,named_extreme_raid+htf_pd+mss,2025-10-01T10:00:00,bullish,24553.069,24411.522,allowlist:not_on_mint_allowlist,pdl,bullish,qualified,D_FVG_bull_2025-09-19,,,,,,sha256:78d1f7365bfe7d5d,kernel_ticket:pass:kernel_session_ticket|direction:pass:determined|risk:pass:within_caps|allowlist:FAIL:not_on_mint_allowlist|mode:pass:paper|contract:FAIL:hermes_integration_i0_ftn_never_actionable,
2025-10-02,US100,london,False,,no_selected_candidate,,,,,,,,,,,,,,,,,
2025-10-02,US100,ny_am,True,REV,named_extreme_raid+htf_pd+mss,2025-10-02T07:15:00,bearish,24918.272,24921.958,allowlist:not_on_mint_allowlist,pdh,bullish,aligned,D_FVG_bull_2025-09-19,,,,,,sha256:e2f925b872aa68b3,kernel_ticket:pass:kernel_session_ticket|direction:pass:determined|risk:pass:within_caps|allowlist:FAIL:not_on_mint_allowlist|mode:pass:paper|contract:FAIL:hermes_integration_i0_ftn_never_actionable,
2025-10-03,US100,london,True,REV,named_extreme_raid+htf_pd+mss,2025-10-03T02:15:00,bearish,24965.816,24984.249,allowlist:not_on_mint_allowlist,pdh,bullish,qualified,D_FVG_bull_2025-10-02,,,,,,sha256:1c531c361861345f,kernel_ticket:pass:kernel_session_ticket|direction:pass:determined|risk:pass:within_caps|allowlist:FAIL:not_on_mint_allowlist|mode:pass:paper|contract:FAIL:hermes_integration_i0_ftn_never_actionable,
2025-10-03,US100,ny_am,True,REV,named_extreme_raid+htf_pd+mss,2025-10-03T07:15:00,bearish,24949.772,24988.544,allowlist:not_on_mint_allowlist,pdh,bullish,qualified,D_FVG_bull_2025-10-02,,,,,,sha256:6a99ca288908781b,kernel_ticket:pass:kernel_session_ticket|direction:pass:determined|risk:pass:within_caps|allowlist:FAIL:not_on_mint_allowlist|mode:pass:paper|contract:FAIL:hermes_integration_i0_ftn_never_actionable,
2025-10-06,US100,london,False,,no_selected_candidate,,,,,,,,,,,,,,,,,
2025-10-06,US100,ny_am,False,,no_selected_candidate,,,,,,,,,,,,,,,,,
2025-10-07,US100,london,False,,no_selected_candidate,,,,,,,,,,,,,,,,,
2025-10-07,US100,ny_am,True,REV,named_extreme_raid+htf_pd+mss,2025-10-07T09:15:00,bearish,25035.794,25068.149,allowlist:not_on_mint_allowlist,pdh,bullish,aligned,D_FVG_bull_2025-10-02,,,,,,sha256:2074fc478f3bbc4f,kernel_ticket:pass:kernel_session_ticket|direction:pass:determined|risk:pass:within_caps|allowlist:FAIL:not_on_mint_allowlist|mode:pass:paper|contract:FAIL:hermes_integration_i0_ftn_never_actionable,
2025-10-08,US100,london,False,,no_selected_candidate,,,,,,,,,,,,,,,,,
2025-10-08,US100,ny_am,False,,no_selected_candidate,,,,,,,,,,,,,,,,,
2025-10-09,US100,london,True,REV,named_extreme_raid+htf_pd+mss,2025-10-09T02:30:00,bearish,25149.37,25169.653,allowlist:not_on_mint_allowlist,pdh,bullish,aligned,D_FVG_bull_2025-10-02,,,,,,sha256:17e8b4fc743b511c,kernel_ticket:pass:kernel_session_ticket|direction:pass:determined|risk:pass:within_caps|allowlist:FAIL:not_on_mint_allowlist|mode:pass:paper|contract:FAIL:hermes_integration_i0_ftn_never_actionable,
2025-10-09,US100,ny_am,False,,no_selected_candidate,,,,,,,,,,,,,,,,,
2025-10-10,US100,london,False,,no_selected_candidate,,,,,,,,,,,,,,,,,
2025-10-10,US100,ny_am,False,,no_selected_candidate,,,,,,,,,,,,,,,,,
2025-10-13,US100,london,False,,no_selected_candidate,,,,,,,,,,,,,,,,,
2025-10-13,US100,ny_am,False,,no_selected_candidate,,,,,,,,,,,,,,,,,
2025-10-14,US100,london,False,,no_selected_candidate,,,,,,,,,,,,,,,,,
2025-10-14,US100,ny_am,False,,no_selected_candidate,,,,,,,,,,,,,,,,,
2025-10-15,US100,london,False,,no_selected_candidate,,,,,,,,,,,,,,,,,
2025-10-15,US100,ny_am,False,,no_selected_candidate,,,,,,,,,,,,,,,,,
2025-10-16,US100,london,False,,no_selected_candidate,,,,,,,,,,,,,,,,,
2025-10-16,US100,ny_am,False,,no_selected_candidate,,,,,,,,,,,,,,,,,
2025-10-17,US100,london,True,REV,named_extreme_raid+htf_pd+mss,2025-10-17T02:15:00,bullish,24499.533,24449.664,allowlist:not_on_mint_allowlist,pdl,bearish,aligned,D_FVG_bull_2025-10-02,,,,,,sha256:aac470bfc6d49e5e,kernel_ticket:pass:kernel_session_ticket|direction:pass:determined|risk:pass:within_caps|allowlist:FAIL:not_on_mint_allowlist|mode:pass:paper|contract:FAIL:hermes_integration_i0_ftn_never_actionable,
2025-10-17,US100,ny_am,True,REV,named_extreme_raid+htf_pd+mss,2025-10-17T07:15:00,bullish,24549.414,24243.642,allowlist:not_on_mint_allowlist,pdl,bearish,qualified,D_FVG_bull_2025-10-02,,,,,,sha256:a1aee05f341eaa63,kernel_ticket:pass:kernel_session_ticket|direction:pass:determined|risk:pass:within_caps|allowlist:FAIL:not_on_mint_allowlist|mode:pass:paper|contract:FAIL:hermes_integration_i0_ftn_never_actionable,
2025-10-20,US100,london,True,REV,named_extreme_raid+htf_pd+mss,2025-10-20T02:15:00,bearish,24927.261,24961.958,allowlist:not_on_mint_allowlist,pdh,bullish,aligned,D_FVG_bull_2025-10-02,,,,,,sha256:222bdadc6ee3d62f,kernel_ticket:pass:kernel_session_ticket|direction:pass:determined|risk:pass:within_caps|allowlist:FAIL:not_on_mint_allowlist|mode:pass:paper|contract:FAIL:hermes_integration_i0_ftn_never_actionable,
2025-10-20,US100,ny_am,True,REV,named_extreme_raid+htf_pd+mss,2025-10-20T10:00:00,bearish,25057.055,25075.664,allowlist:not_on_mint_allowlist,pdh,bullish,aligned,D_FVG_bear_2025-10-13,,,,,,sha256:dc5cd5f935f657f1,kernel_ticket:pass:kernel_session_ticket|direction:pass:determined|risk:pass:within_caps|allowlist:FAIL:not_on_mint_allowlist|mode:pass:paper|contract:FAIL:hermes_integration_i0_ftn_never_actionable,
2025-10-21,US100,london,False,,no_selected_candidate,,,,,,,,,,,,,,,,,
2025-10-21,US100,ny_am,False,,no_selected_candidate,,,,,,,,,,,,,,,,,
2025-10-22,US100,london,False,,no_selected_candidate,,,,,,,,,,,,,,,,,
2025-10-22,US100,ny_am,False,,no_selected_candidate,,,,,,,,,,,,,,,,,
2025-10-23,US100,london,False,,no_selected_candidate,,,,,,,,,,,,,,,,,
2025-10-23,US100,ny_am,False,,no_selected_candidate,,,,,,,,,,,,,,,,,
2025-10-24,US100,london,True,REV,named_extreme_raid+htf_pd+mss,2025-10-24T02:15:00,bearish,25216.447,25220.272,allowlist:not_on_mint_allowlist,pdh,bullish,aligned,D_FVG_bull_2025-10-21,,,,,,sha256:d5a2652e67019295,kernel_ticket:pass:kernel_session_ticket|direction:pass:determined|risk:pass:within_caps|allowlist:FAIL:not_on_mint_allowlist|mode:pass:paper|contract:FAIL:hermes_integration_i0_ftn_never_actionable,
2025-10-24,US100,ny_am,True,REV,named_extreme_raid+htf_pd+mss,2025-10-24T07:15:00,bearish,25229.555,25244.458,allowlist:not_on_mint_allowlist,pdh,bullish,qualified,D_FVG_bull_2025-10-21,,,,,,sha256:b82692259110a17c,kernel_ticket:pass:kernel_session_ticket|direction:pass:determined|risk:pass:within_caps|allowlist:FAIL:not_on_mint_allowlist|mode:pass:paper|contract:FAIL:hermes_integration_i0_ftn_never_actionable,
2025-10-27,US100,london,True,REV,named_extreme_raid+htf_pd+mss,2025-10-27T02:15:00,bearish,25642.672,25651.619,allowlist:not_on_mint_allowlist,pdh,bullish,aligned,D_FVG_bull_2025-10-21,,,,,,sha256:8aee141f04adbe52,kernel_ticket:pass:kernel_session_ticket|direction:pass:determined|risk:pass:within_caps|allowlist:FAIL:not_on_mint_allowlist|mode:pass:paper|contract:FAIL:hermes_integration_i0_ftn_never_actionable,
2025-10-27,US100,ny_am,True,REV,named_extreme_raid+htf_pd+mss,2025-10-27T07:15:00,bearish,25687.238,25707.299,allowlist:not_on_mint_allowlist,pdh,bullish,qualified,D_FVG_bull_2025-10-21,,,,,,sha256:059fbd4056059dff,kernel_ticket:pass:kernel_session_ticket|direction:pass:determined|risk:pass:within_caps|allowlist:FAIL:not_on_mint_allowlist|mode:pass:paper|contract:FAIL:hermes_integration_i0_ftn_never_actionable,
2025-10-28,US100,london,False,,no_selected_candidate,,,,,,,,,,,,,,,,,
2025-10-28,US100,ny_am,True,REV,named_extreme_raid+htf_pd+mss,2025-10-28T07:15:00,bearish,25843.925,25849.947,allowlist:not_on_mint_allowlist,pdh,bullish,aligned,D_FVG_bull_2025-10-27,,,,,,sha256:48757fb19f03d392,kernel_ticket:pass:kernel_session_ticket|direction:pass:determined|risk:pass:within_caps|allowlist:FAIL:not_on_mint_allowlist|mode:pass:paper|contract:FAIL:hermes_integration_i0_ftn_never_actionable,
2025-10-29,US100,london,True,REV,named_extreme_raid+htf_pd+mss,2025-10-29T02:15:00,bearish,26127.588,26131.088,allowlist:not_on_mint_allowlist,pdh,bullish,aligned,D_FVG_bull_2025-10-28,,,,,,sha256:8c0b7258faaba986,kernel_ticket:pass:kernel_session_ticket|direction:pass:determined|risk:pass:within_caps|allowlist:FAIL:not_on_mint_allowlist|mode:pass:paper|contract:FAIL:hermes_integration_i0_ftn_never_actionable,
2025-10-29,US100,ny_am,True,REV,named_extreme_raid+htf_pd+mss,2025-10-29T10:00:00,bearish,26176.0,26177.529,allowlist:not_on_mint_allowlist,pdh,bullish,aligned,D_FVG_bull_2025-10-28,,,,,,sha256:2e0c670fd034cd31,kernel_ticket:pass:kernel_session_ticket|direction:pass:determined|risk:pass:within_caps|allowlist:FAIL:not_on_mint_allowlist|mode:pass:paper|contract:FAIL:hermes_integration_i0_ftn_never_actionable,
2025-10-30,US100,london,False,,no_selected_candidate,,,,,,,,,,,,,,,,,
2025-10-30,US100,ny_am,False,,no_selected_candidate,,,,,,,,,,,,,,,,,
2025-10-31,US100,london,False,,no_selected_candidate,,,,,,,,,,,,,,,,,
2025-10-31,US100,ny_am,False,,no_selected_candidate,,,,,,,,,,,,,,,,,
2025-11-03,US100,london,False,,no_selected_candidate,,,,,,,,,,,,,,,,,
2025-11-03,US100,ny_am,False,,no_selected_candidate,,,,,,,,,,,,,,,,,
2025-11-04,US100,london,False,,no_selected_candidate,,,,,,,,,,,,,,,,,
2025-11-04,US100,ny_am,True,REV,named_extreme_raid+htf_pd+mss,2025-11-04T10:00:00,bullish,25746.149,25514.5,allowlist:not_on_mint_allowlist,pdl,bullish,aligned,D_FVG_bull_2025-10-27,,,,,,sha256:cc3b8c2428e84666,kernel_ticket:pass:kernel_session_ticket|direction:pass:determined|risk:pass:within_caps|allowlist:FAIL:not_on_mint_allowlist|mode:pass:paper|contract:FAIL:hermes_integration_i0_ftn_never_actionable,
2025-11-05,US100,london,False,,no_selected_candidate,,,,,,,,,,,,,,,,,
2025-11-05,US100,ny_am,True,REV,named_extreme_raid+htf_pd+mss,2025-11-05T07:15:00,bullish,25354.569,25279.611,allowlist:not_on_mint_allowlist,pdl,bearish,qualified,D_FVG_bull_2025-10-28,,,,,,sha256:7b4b4926f6810a16,kernel_ticket:pass:kernel_session_ticket|direction:pass:determined|risk:pass:within_caps|allowlist:FAIL:not_on_mint_allowlist|mode:pass:paper|contract:FAIL:hermes_integration_i0_ftn_never_actionable,
2025-11-06,US100,london,False,,no_selected_candidate,,,,,,,,,,,,,,,,,
2025-11-06,US100,ny_am,False,,no_selected_candidate,,,,,,,,,,,,,,,,,
2025-11-07,US100,london,False,,no_selected_candidate,,,,,,,,,,,,,,,,,
2025-11-07,US100,ny_am,True,REV,named_extreme_raid+htf_pd+mss,2025-11-07T07:15:00,bullish,25070.849,24973.338,allowlist:not_on_mint_allowlist,pdl,bearish,aligned,D_FVG_bull_2025-10-27,,,,,,sha256:9adf749a68717692,kernel_ticket:pass:kernel_session_ticket|direction:pass:determined|risk:pass:within_caps|allowlist:FAIL:not_on_mint_allowlist|mode:pass:paper|contract:FAIL:hermes_integration_i0_ftn_never_actionable,
2025-11-10,US100,london,False,,no_selected_candidate,,,,,,,,,,,,,,,,,
2025-11-10,US100,ny_am,False,,no_selected_candidate,,,,,,,,,,,,,,,,,
2025-11-11,US100,london,False,,no_selected_candidate,,,,,,,,,,,,,,,,,
2025-11-11,US100,ny_am,False,,no_selected_candidate,,,,,,,,,,,,,,,,,
2025-11-12,US100,london,False,,no_selected_candidate,,,,,,,,,,,,,,,,,
2025-11-12,US100,ny_am,True,REV,named_extreme_raid+htf_pd+mss,2025-11-12T10:00:00,bearish,25491.249,25726.879,allowlist:not_on_mint_allowlist,pdh,bearish,aligned,D_FVG_bear_2025-11-05,,,,,,sha256:e58a95d3ca025344,kernel_ticket:pass:kernel_session_ticket|direction:pass:determined|risk:pass:within_caps|allowlist:FAIL:not_on_mint_allowlist|mode:pass:paper|contract:FAIL:hermes_integration_i0_ftn_never_actionable,
2025-11-13,US100,london,False,,no_selected_candidate,,,,,,,,,,,,,,,,,
2025-11-13,US100,ny_am,True,REV,named_extreme_raid+htf_pd+mss,2025-11-13T09:45:00,bullish,25192.569,25187.229,allowlist:not_on_mint_allowlist,pdl,bearish,aligned,D_FVG_bull_2025-11-11,,,,,,sha256:0388494df2737434,kernel_ticket:pass:kernel_session_ticket|direction:pass:determined|risk:pass:within_caps|allowlist:FAIL:not_on_mint_allowlist|mode:pass:paper|contract:FAIL:hermes_integration_i0_ftn_never_actionable,
2025-11-14,US100,london,True,REV,named_extreme_raid+htf_pd+mss,2025-11-14T02:15:00,bullish,24885.653,24879.153,allowlist:not_on_mint_allowlist,pdl,bearish,aligned,D_FVG_bull_2025-11-11,,,,,,sha256:8c8aa845c0c427fd,kernel_ticket:pass:kernel_session_ticket|direction:pass:determined|risk:pass:within_caps|allowlist:FAIL:not_on_mint_allowlist|mode:pass:paper|contract:FAIL:hermes_integration_i0_ftn_never_actionable,
2025-11-14,US100,ny_am,True,REV,named_extreme_raid+htf_pd+mss,2025-11-14T07:15:00,bullish,24657.381,24652.697,allowlist:not_on_mint_allowlist,pdl,bearish,aligned,D_FVG_bull_2025-10-21,,,,,,sha256:7bac5c426d16fd28,kernel_ticket:pass:kernel_session_ticket|direction:pass:determined|risk:pass:within_caps|allowlist:FAIL:not_on_mint_allowlist|mode:pass:paper|contract:FAIL:hermes_integration_i0_ftn_never_actionable,
2025-11-17,US100,london,False,,no_selected_candidate,,,,,,,,,,,,,,,,,
2025-11-17,US100,ny_am,True,REV,named_extreme_raid+htf_pd+mss,2025-11-17T10:00:00,bearish,25110.849,25274.529,allowlist:not_on_mint_allowlist,pdh,bullish,aligned,D_FVG_bull_2025-10-21,,,,,,sha256:1936b1d7883ec9fd,kernel_ticket:pass:kernel_session_ticket|direction:pass:determined|risk:pass:within_caps|allowlist:FAIL:not_on_mint_allowlist|mode:pass:paper|contract:FAIL:hermes_integration_i0_ftn_never_actionable,
2025-11-18,US100,london,True,REV,named_extreme_raid+htf_pd+mss,2025-11-18T02:15:00,bullish,24551.425,24519.044,allowlist:not_on_mint_allowlist,pdl,bearish,aligned,D_FVG_bull_2025-10-21,,,,,,sha256:81af296ef3334ae4,kernel_ticket:pass:kernel_session_ticket|direction:pass:determined|risk:pass:within_caps|allowlist:FAIL:not_on_mint_allowlist|mode:pass:paper|contract:FAIL:hermes_integration_i0_ftn_never_actionable,
2025-11-18,US100,ny_am,True,REV,named_extreme_raid+htf_pd+mss,2025-11-18T10:00:00,bullish,24438.392,24436.469,allowlist:not_on_mint_allowlist,pdl,bearish,aligned,D_FVG_bull_2025-10-21,,,,,,sha256:3c33d719467d6025,kernel_ticket:pass:kernel_session_ticket|direction:pass:determined|risk:pass:within_caps|allowlist:FAIL:not_on_mint_allowlist|mode:pass:paper|contract:FAIL:hermes_integration_i0_ftn_never_actionable,
2025-11-19,US100,london,False,,no_selected_candidate,,,,,,,,,,,,,,,,,
2025-11-19,US100,ny_am,False,,no_selected_candidate,,,,,,,,,,,,,,,,,
2025-11-20,US100,london,False,,no_selected_candidate,,,,,,,,,,,,,,,,,
2025-11-20,US100,ny_am,False,,no_selected_candidate,,,,,,,,,,,,,,,,,
2025-11-21,US100,london,False,,no_selected_candidate,,,,,,,,,,,,,,,,,
2025-11-21,US100,ny_am,True,REV,named_extreme_raid+htf_pd+mss,2025-11-21T07:15:00,bullish,23944.099,23830.011,allowlist:not_on_mint_allowlist,pdl,bearish,aligned,D_FVG_bear_2025-11-14,,,,,,sha256:3d006252f0b580e7,kernel_ticket:pass:kernel_session_ticket|direction:pass:determined|risk:pass:within_caps|allowlist:FAIL:not_on_mint_allowlist|mode:pass:paper|contract:FAIL:hermes_integration_i0_ftn_never_actionable,
2025-11-24,US100,london,False,,no_selected_candidate,,,,,,,,,,,,,,,,,
2025-11-24,US100,ny_am,False,,no_selected_candidate,,,,,,,,,,,,,,,,,
2025-11-25,US100,london,False,,no_selected_candidate,,,,,,,,,,,,,,,,,
2025-11-25,US100,ny_am,False,,no_selected_candidate,,,,,,,,,,,,,,,,,
2025-11-26,US100,london,True,REV,named_extreme_raid+htf_pd+mss,2025-11-26T02:30:00,bearish,25167.381,25169.029,allowlist:not_on_mint_allowlist,pdh,bullish,aligned,D_FVG_bull_2025-11-25,,,,,,sha256:19fa953b5ece1fa5,kernel_ticket:pass:kernel_session_ticket|direction:pass:determined|risk:pass:within_caps|allowlist:FAIL:not_on_mint_allowlist|mode:pass:paper|contract:FAIL:hermes_integration_i0_ftn_never_actionable,
2025-11-26,US100,ny_am,False,,no_selected_candidate,,,,,,,,,,,,,,,,,
2025-12-01,US100,london,False,,no_selected_candidate,,,,,,,,,,,,,,,,,
2025-12-01,US100,ny_am,False,,no_selected_candidate,,,,,,,,,,,,,,,,,
2025-12-02,US100,london,False,,no_selected_candidate,,,,,,,,,,,,,,,,,
2025-12-02,US100,ny_am,False,,no_selected_candidate,,,,,,,,,,,,,,,,,
2025-12-03,US100,london,True,REV,named_extreme_raid+htf_pd+mss,2025-12-03T02:15:00,bearish,25620.305,25631.142,allowlist:not_on_mint_allowlist,pdh,bullish,qualified,D_FVG_bull_2025-11-11,,,,,,sha256:73599098fce260a9,kernel_ticket:pass:kernel_session_ticket|direction:pass:determined|risk:pass:within_caps|allowlist:FAIL:not_on_mint_allowlist|mode:pass:paper|contract:FAIL:hermes_integration_i0_ftn_never_actionable,
2025-12-03,US100,ny_am,False,,no_selected_candidate,,,,,,,,,,,,,,,,,
2025-12-04,US100,london,False,,no_selected_candidate,,,,,,,,,,,,,,,,,
2025-12-04,US100,ny_am,False,,no_selected_candidate,,,,,,,,,,,,,,,,,
2025-12-05,US100,london,False,,no_selected_candidate,,,,,,,,,,,,,,,,,
2025-12-05,US100,ny_am,False,,no_selected_candidate,,,,,,,,,,,,,,,,,
2025-12-08,US100,london,False,,no_selected_candidate,,,,,,,,,,,,,,,,,
2025-12-08,US100,ny_am,False,,no_selected_candidate,,,,,,,,,,,,,,,,,
2025-12-09,US100,london,False,,no_selected_candidate,,,,,,,,,,,,,,,,,
2025-12-09,US100,ny_am,False,,no_selected_candidate,,,,,,,,,,,,,,,,,
2025-12-10,US100,london,False,,no_selected_candidate,,,,,,,,,,,,,,,,,
2025-12-10,US100,ny_am,False,,no_selected_candidate,,,,,,,,,,,,,,,,,
2025-12-11,US100,london,False,,no_selected_candidate,,,,,,,,,,,,,,,,,
2025-12-11,US100,ny_am,True,REV,named_extreme_raid+htf_pd+mss,2025-12-11T07:15:00,bullish,25616.261,25444.599,allowlist:not_on_mint_allowlist,pdl,bullish,aligned,D_FVG_bull_2025-11-11,,,,,,sha256:91eca69129582a4f,kernel_ticket:pass:kernel_session_ticket|direction:pass:determined|risk:pass:within_caps|allowlist:FAIL:not_on_mint_allowlist|mode:pass:paper|contract:FAIL:hermes_integration_i0_ftn_never_actionable,
2025-12-12,US100,london,False,,no_selected_candidate,,,,,,,,,,,,,,,,,
2025-12-12,US100,ny_am,False,,no_selected_candidate,,,,,,,,,,,,,,,,,
2025-12-15,US100,london,False,,no_selected_candidate,,,,,,,,,,,,,,,,,
2025-12-15,US100,ny_am,False,,no_selected_candidate,,,,,,,,,,,,,,,,,
2025-12-16,US100,london,True,REV,named_extreme_raid+htf_pd+mss,2025-12-16T02:15:00,bullish,24857.881,24836.719,allowlist:not_on_mint_allowlist,pdl,bearish,qualified,D_FVG_bull_2025-11-26,,,,,,sha256:e320d1ac20fe3591,kernel_ticket:pass:kernel_session_ticket|direction:pass:determined|risk:pass:within_caps|allowlist:FAIL:not_on_mint_allowlist|mode:pass:paper|contract:FAIL:hermes_integration_i0_ftn_never_actionable,
2025-12-16,US100,ny_am,False,,no_selected_candidate,,,,,,,,,,,,,,,,,
2025-12-17,US100,london,False,,no_selected_candidate,,,,,,,,,,,,,,,,,
2025-12-17,US100,ny_am,True,REV,named_extreme_raid+htf_pd+mss,2025-12-17T08:15:00,bearish,25208.099,25259.066,allowlist:not_on_mint_allowlist,pdh,bullish,qualified,D_FVG_bull_2025-12-01,,,,,,sha256:8a9442bb0ce1e4b2,kernel_ticket:pass:kernel_session_ticket|direction:pass:determined|risk:pass:within_caps|allowlist:FAIL:not_on_mint_allowlist|mode:pass:paper|contract:FAIL:hermes_integration_i0_ftn_never_actionable,
2025-12-18,US100,london,False,,no_selected_candidate,,,,,,,,,,,,,,,,,
2025-12-18,US100,ny_am,False,,no_selected_candidate,,,,,,,,,,,,,,,,,
2025-12-19,US100,london,False,,no_selected_candidate,,,,,,,,,,,,,,,,,
2025-12-19,US100,ny_am,True,REV,named_extreme_raid+htf_pd+mss,2025-12-19T10:00:00,bearish,25323.783,25338.447,allowlist:not_on_mint_allowlist,pdh,bullish,aligned,D_FVG_bull_2025-12-01,,,,,,sha256:968e2ad9a940dba6,kernel_ticket:pass:kernel_session_ticket|direction:pass:determined|risk:pass:within_caps|allowlist:FAIL:not_on_mint_allowlist|mode:pass:paper|contract:FAIL:hermes_integration_i0_ftn_never_actionable,
2025-12-22,US100,london,False,,no_selected_candidate,,,,,,,,,,,,,,,,,
2025-12-22,US100,ny_am,True,REV,named_extreme_raid+htf_pd+mss,2025-12-22T07:15:00,bearish,25473.947,25488.414,allowlist:not_on_mint_allowlist,pdh,bullish,qualified,D_FVG_bull_2025-12-01,,,,,,sha256:4a4ffc858deef107,kernel_ticket:pass:kernel_session_ticket|direction:pass:determined|risk:pass:within_caps|allowlist:FAIL:not_on_mint_allowlist|mode:pass:paper|contract:FAIL:hermes_integration_i0_ftn_never_actionable,
2025-12-23,US100,london,False,,no_selected_candidate,,,,,,,,,,,,,,,,,
2025-12-23,US100,ny_am,True,REV,named_extreme_raid+htf_pd+mss,2025-12-23T09:00:00,bullish,25388.342,25375.897,allowlist:not_on_mint_allowlist,pdl,bullish,qualified,D_FVG_bull_2025-12-01,,,,,,sha256:39d1a68dd1e2e2d0,kernel_ticket:pass:kernel_session_ticket|direction:pass:determined|risk:pass:within_caps|allowlist:FAIL:not_on_mint_allowlist|mode:pass:paper|contract:FAIL:hermes_integration_i0_ftn_never_actionable,
2025-12-26,US100,london,False,,no_selected_candidate,,,,,,,,,,,,,,,,,
2025-12-26,US100,ny_am,True,REV,named_extreme_raid+htf_pd+mss,2025-12-26T07:15:00,bearish,25655.381,25672.899,allowlist:not_on_mint_allowlist,pdh,bullish,qualified,D_FVG_bull_2025-12-23,,,,,,sha256:79fe9cf8d6a784dc,kernel_ticket:pass:kernel_session_ticket|direction:pass:determined|risk:pass:within_caps|allowlist:FAIL:not_on_mint_allowlist|mode:pass:paper|contract:FAIL:hermes_integration_i0_ftn_never_actionable,
2025-12-29,US100,london,True,REV,named_extreme_raid+htf_pd+mss,2025-12-29T03:45:00,bullish,25540.892,25532.761,allowlist:not_on_mint_allowlist,pdl,bearish,aligned,D_FVG_bull_2025-12-26,,,,,,sha256:dc27c41316989563,kernel_ticket:pass:kernel_session_ticket|direction:pass:determined|risk:pass:within_caps|allowlist:FAIL:not_on_mint_allowlist|mode:pass:paper|contract:FAIL:hermes_integration_i0_ftn_never_actionable,
2025-12-29,US100,ny_am,True,REV,named_extreme_raid+htf_pd+mss,2025-12-29T07:15:00,bullish,25552.12,25515.511,allowlist:not_on_mint_allowlist,pdl,bearish,qualified,D_FVG_bull_2025-12-26,,,,,,sha256:7e612d3aeae8ff59,kernel_ticket:pass:kernel_session_ticket|direction:pass:determined|risk:pass:within_caps|allowlist:FAIL:not_on_mint_allowlist|mode:pass:paper|contract:FAIL:hermes_integration_i0_ftn_never_actionable,
2025-12-30,US100,london,False,,no_selected_candidate,,,,,,,,,,,,,,,,,
2025-12-30,US100,ny_am,False,,no_selected_candidate,,,,,,,,,,,,,,,,,
2025-12-31,US100,london,True,REV,named_extreme_raid+htf_pd+mss,2025-12-31T02:15:00,bullish,25376.392,25369.838,allowlist:not_on_mint_allowlist,pdl,bearish,aligned,D_FVG_bull_2025-12-26,,,,,,sha256:60e17d4570828191,kernel_ticket:pass:kernel_session_ticket|direction:pass:determined|risk:pass:within_caps|allowlist:FAIL:not_on_mint_allowlist|mode:pass:paper|contract:FAIL:hermes_integration_i0_ftn_never_actionable,
2025-12-31,US100,ny_am,True,REV,named_extreme_raid+htf_pd+mss,2025-12-31T07:15:00,bullish,25399.044,25344.12,allowlist:not_on_mint_allowlist,pdl,bearish,qualified,D_FVG_bull_2025-12-26,,,,,,sha256:8af4cfdce42cd778,kernel_ticket:pass:kernel_session_ticket|direction:pass:determined|risk:pass:within_caps|allowlist:FAIL:not_on_mint_allowlist|mode:pass:paper|contract:FAIL:hermes_integration_i0_ftn_never_actionable,
2026-01-02,US100,london,False,,no_selected_candidate,,,,,,,,,,,,,,,,,
2026-01-02,US100,ny_am,False,,no_selected_candidate,,,,,,,,,,,,,,,,,
2026-01-05,US100,london,False,,no_selected_candidate,,,,,,,,,,,,,,,,,
2026-01-05,US100,ny_am,False,,no_selected_candidate,,,,,,,,,,,,,,,,,
2026-01-06,US100,london,False,,no_selected_candidate,,,,,,,,,,,,,,,,,
2026-01-06,US100,ny_am,False,,no_selected_candidate,,,,,,,,,,,,,,,,,
2026-01-07,US100,london,False,,no_selected_candidate,,,,,,,,,,,,,,,,,
2026-01-07,US100,ny_am,True,REV,named_extreme_raid+htf_pd+mss,2026-01-07T10:00:00,bearish,25675.275,25701.12,allowlist:not_on_mint_allowlist,pdh,bullish,aligned,D_FVG_bear_2025-12-30,,,,,,sha256:b74bf23003c1e9ed,kernel_ticket:pass:kernel_session_ticket|direction:pass:determined|risk:pass:within_caps|allowlist:FAIL:not_on_mint_allowlist|mode:pass:paper|contract:FAIL:hermes_integration_i0_ftn_never_actionable,
2026-01-08,US100,london,True,REV,named_extreme_raid+htf_pd+mss,2026-01-08T02:15:00,bullish,25539.853,25493.483,allowlist:not_on_mint_allowlist,pdl,bearish,aligned,D_FVG_bull_2025-12-26,,,,,,sha256:31c8d3e3671556b7,kernel_ticket:pass:kernel_session_ticket|direction:pass:determined|risk:pass:within_caps|allowlist:FAIL:not_on_mint_allowlist|mode:pass:paper|contract:FAIL:hermes_integration_i0_ftn_never_actionable,
2026-01-08,US100,ny_am,True,REV,named_extreme_raid+htf_pd+mss,2026-01-08T10:00:00,bullish,25427.761,25421.425,allowlist:not_on_mint_allowlist,pdl,bearish,aligned,D_FVG_bull_2026-01-07,,,,,,sha256:c2fcf12ede918770,kernel_ticket:pass:kernel_session_ticket|direction:pass:determined|risk:pass:within_caps|allowlist:FAIL:not_on_mint_allowlist|mode:pass:paper|contract:FAIL:hermes_integration_i0_ftn_never_actionable,
2026-01-09,US100,london,False,,no_selected_candidate,,,,,,,,,,,,,,,,,
2026-01-09,US100,ny_am,False,,no_selected_candidate,,,,,,,,,,,,,,,,,
2026-01-12,US100,london,False,,no_selected_candidate,,,,,,,,,,,,,,,,,
2026-01-12,US100,ny_am,False,,no_selected_candidate,,,,,,,,,,,,,,,,,
2026-01-13,US100,london,False,,no_selected_candidate,,,,,,,,,,,,,,,,,
2026-01-13,US100,ny_am,True,REV,named_extreme_raid+htf_pd+mss,2026-01-13T10:00:00,bearish,25782.425,25880.783,allowlist:not_on_mint_allowlist,pdh,bullish,qualified,D_FVG_bear_2025-12-30,,,,,,sha256:31fe89adedd4e3cb,kernel_ticket:pass:kernel_session_ticket|direction:pass:determined|risk:pass:within_caps|allowlist:FAIL:not_on_mint_allowlist|mode:pass:paper|contract:FAIL:hermes_integration_i0_ftn_never_actionable,
2026-01-14,US100,london,False,,no_selected_candidate,,,,,,,,,,,,,,,,,
2026-01-14,US100,ny_am,True,REV,named_extreme_raid+htf_pd+mss,2026-01-14T09:30:00,bullish,25576.261,25537.055,allowlist:not_on_mint_allowlist,pdl,bearish,aligned,D_FVG_bear_2025-12-30,,,,,,sha256:48300e580727c01a,kernel_ticket:pass:kernel_session_ticket|direction:pass:determined|risk:pass:within_caps|allowlist:FAIL:not_on_mint_allowlist|mode:pass:paper|contract:FAIL:hermes_integration_i0_ftn_never_actionable,
2026-01-15,US100,london,False,,no_selected_candidate,,,,,,,,,,,,,,,,,
2026-01-15,US100,ny_am,False,,no_selected_candidate,,,,,,,,,,,,,,,,,
2026-01-16,US100,london,False,,no_selected_candidate,,,,,,,,,,,,,,,,,
2026-01-16,US100,ny_am,False,,no_selected_candidate,,,,,,,,,,,,,,,,,
2026-01-20,US100,london,True,REV,named_extreme_raid+htf_pd+mss,2026-01-20T02:15:00,bullish,25136.708,25107.327,allowlist:not_on_mint_allowlist,pdl,bearish,aligned,D_FVG_bull_2025-12-22,,,,,,sha256:4e7f33a8db608b75,kernel_ticket:pass:kernel_session_ticket|direction:pass:determined|risk:pass:within_caps|allowlist:FAIL:not_on_mint_allowlist|mode:pass:paper|contract:FAIL:hermes_integration_i0_ftn_never_actionable,
2026-01-20,US100,ny_am,True,REV,named_extreme_raid+htf_pd+mss,2026-01-20T07:15:00,bullish,25095.577,24943.849,allowlist:not_on_mint_allowlist,pdl,bearish,qualified,D_FVG_bull_2025-12-22,,,,,,sha256:3b4fa31ac91805bd,kernel_ticket:pass:kernel_session_ticket|direction:pass:determined|risk:pass:within_caps|allowlist:FAIL:not_on_mint_allowlist|mode:pass:paper|contract:FAIL:hermes_integration_i0_ftn_never_actionable,
2026-01-21,US100,london,False,,no_selected_candidate,,,,,,,,,,,,,,,,,
2026-01-21,US100,ny_am,True,REV,named_extreme_raid+htf_pd+mss,2026-01-21T07:15:00,bullish,24915.311,24881.086,allowlist:not_on_mint_allowlist,pdl,bearish,aligned,D_FVG_bull_2025-12-22,,,,,,sha256:e95964b6e95e8d70,kernel_ticket:pass:kernel_session_ticket|direction:pass:determined|risk:pass:within_caps|allowlist:FAIL:not_on_mint_allowlist|mode:pass:paper|contract:FAIL:hermes_integration_i0_ftn_never_actionable,
2026-01-22,US100,london,False,,no_selected_candidate,,,,,,,,,,,,,,,,,
2026-01-22,US100,ny_am,True,REV,named_extreme_raid+htf_pd+mss,2026-01-22T07:15:00,bearish,25525.016,25574.233,allowlist:not_on_mint_allowlist,pdh,bullish,qualified,D_FVG_bull_2025-12-23,,,,,,sha256:6a8b1baf4cea2616,kernel_ticket:pass:kernel_session_ticket|direction:pass:determined|risk:pass:within_caps|allowlist:FAIL:not_on_mint_allowlist|mode:pass:paper|contract:FAIL:hermes_integration_i0_ftn_never_actionable,
2026-01-23,US100,london,False,,no_selected_candidate,,,,,,,,,,,,,,,,,
2026-01-23,US100,ny_am,False,,no_selected_candidate,,,,,,,,,,,,,,,,,
2026-01-26,US100,london,False,,no_selected_candidate,,,,,,,,,,,,,,,,,
2026-01-26,US100,ny_am,False,,no_selected_candidate,,,,,,,,,,,,,,,,,
2026-01-27,US100,london,True,REV,named_extreme_raid+htf_pd+mss,2026-01-27T02:15:00,bearish,25876.044,25900.719,allowlist:not_on_mint_allowlist,pdh,bullish,qualified,D_FVG_bear_2025-12-30,,,,,,sha256:ab01020c908e8026,kernel_ticket:pass:kernel_session_ticket|direction:pass:determined|risk:pass:within_caps|allowlist:FAIL:not_on_mint_allowlist|mode:pass:paper|contract:FAIL:hermes_integration_i0_ftn_never_actionable,
2026-01-27,US100,ny_am,True,REV,named_extreme_raid+htf_pd+mss,2026-01-27T07:15:00,bearish,25887.5,25915.279,allowlist:not_on_mint_allowlist,pdh,bullish,aligned,D_FVG_bear_2025-12-30,,,,,,sha256:5bae41a27875d327,kernel_ticket:pass:kernel_session_ticket|direction:pass:determined|risk:pass:within_caps|allowlist:FAIL:not_on_mint_allowlist|mode:pass:paper|contract:FAIL:hermes_integration_i0_ftn_never_actionable,
2026-01-28,US100,london,True,REV,named_extreme_raid+htf_pd+mss,2026-01-28T02:15:00,bearish,26191.903,26220.0,allowlist:not_on_mint_allowlist,pdh,bullish,aligned,D_FVG_bull_2026-01-27,,,,,,sha256:c367e2f38bee490b,kernel_ticket:pass:kernel_session_ticket|direction:pass:determined|risk:pass:within_caps|allowlist:FAIL:not_on_mint_allowlist|mode:pass:paper|contract:FAIL:hermes_integration_i0_ftn_never_actionable,
2026-01-28,US100,ny_am,True,REV,named_extreme_raid+htf_pd+mss,2026-01-28T07:15:00,bearish,26162.87,26220.0,allowlist:not_on_mint_allowlist,pdh,bullish,aligned,D_FVG_bull_2026-01-27,,,,,,sha256:4a847c2b7db76de8,kernel_ticket:pass:kernel_session_ticket|direction:pass:determined|risk:pass:within_caps|allowlist:FAIL:not_on_mint_allowlist|mode:pass:paper|contract:FAIL:hermes_integration_i0_ftn_never_actionable,
2026-01-29,US100,london,False,,no_selected_candidate,,,,,,,,,,,,,,,,,
2026-01-29,US100,ny_am,False,,no_selected_candidate,,,,,,,,,,,,,,,,,
2026-01-30,US100,london,False,,no_selected_candidate,,,,,,,,,,,,,,,,,
2026-01-30,US100,ny_am,False,,no_selected_candidate,,,,,,,,,,,,,,,,,
2026-02-02,US100,london,True,REV,named_extreme_raid+htf_pd+mss,2026-02-02T03:45:00,bullish,25292.279,25067.279,allowlist:not_on_mint_allowlist,pdl,bearish,qualified,D_FVG_bull_2026-01-07,,,,,,sha256:4d506952f9eb3329,kernel_ticket:pass:kernel_session_ticket|direction:pass:determined|risk:pass:within_caps|allowlist:FAIL:not_on_mint_allowlist|mode:pass:paper|contract:FAIL:hermes_integration_i0_ftn_never_actionable,
2026-02-02,US100,ny_am,False,,no_selected_candidate,,,,,,,,,,,,,,,,,
2026-02-03,US100,london,True,REV,named_extreme_raid+htf_pd+mss,2026-02-03T03:15:00,bearish,25909.342,25917.849,allowlist:not_on_mint_allowlist,pdh,bullish,aligned,D_FVG_bull_2026-01-28,,,,,,sha256:067455fe6368dea9,kernel_ticket:pass:kernel_session_ticket|direction:pass:determined|risk:pass:within_caps|allowlist:FAIL:not_on_mint_allowlist|mode:pass:paper|contract:FAIL:hermes_integration_i0_ftn_never_actionable,
2026-02-03,US100,ny_am,False,,no_selected_candidate,,,,,,,,,,,,,,,,,
2026-02-04,US100,london,False,,no_selected_candidate,,,,,,,,,,,,,,,,,
2026-02-04,US100,ny_am,False,,no_selected_candidate,,,,,,,,,,,,,,,,,
2026-02-05,US100,london,False,,no_selected_candidate,,,,,,,,,,,,,,,,,
2026-02-05,US100,ny_am,True,REV,named_extreme_raid+htf_pd+mss,2026-02-05T08:00:00,bullish,24693.447,24607.469,allowlist:not_on_mint_allowlist,pdl,bearish,aligned,D_FVG_bull_2026-01-22,,,,,,sha256:6ab761b158a7bc10,kernel_ticket:pass:kernel_session_ticket|direction:pass:determined|risk:pass:within_caps|allowlist:FAIL:not_on_mint_allowlist|mode:pass:paper|contract:FAIL:hermes_integration_i0_ftn_never_actionable,
2026-02-06,US100,london,False,,no_selected_candidate,,,,,,,,,,,,,,,,,
2026-02-06,US100,ny_am,False,,no_selected_candidate,,,,,,,,,,,,,,,,,
2026-02-09,US100,london,False,,no_selected_candidate,,,,,,,,,,,,,,,,,
2026-02-09,US100,ny_am,False,,no_selected_candidate,,,,,,,,,,,,,,,,,
2026-02-10,US100,london,False,,no_selected_candidate,,,,,,,,,,,,,,,,,
2026-02-10,US100,ny_am,False,,no_selected_candidate,,,,,,,,,,,,,,,,,
2026-02-11,US100,london,False,,no_selected_candidate,,,,,,,,,,,,,,,,,
2026-02-11,US100,ny_am,True,REV,named_extreme_raid+htf_pd+mss,2026-02-11T07:15:00,bullish,25190.816,25063.783,allowlist:not_on_mint_allowlist,pdl,bearish,qualified,D_FVG_bull_2026-01-22,,,,,,sha256:38f3fc2a2a48c86f,kernel_ticket:pass:kernel_session_ticket|direction:pass:determined|risk:pass:within_caps|allowlist:FAIL:not_on_mint_allowlist|mode:pass:paper|contract:FAIL:hermes_integration_i0_ftn_never_actionable,
2026-02-12,US100,london,False,,no_selected_candidate,,,,,,,,,,,,,,,,,
2026-02-12,US100,ny_am,False,,no_selected_candidate,,,,,,,,,,,,,,,,,
2026-02-13,US100,london,True,REV,named_extreme_raid+htf_pd+mss,2026-02-13T02:15:00,bullish,24662.686,24569.675,allowlist:not_on_mint_allowlist,pdl,bearish,qualified,D_FVG_bear_2026-02-05,,,,,,sha256:06b49d96dd963d98,kernel_ticket:pass:kernel_session_ticket|direction:pass:determined|risk:pass:within_caps|allowlist:FAIL:not_on_mint_allowlist|mode:pass:paper|contract:FAIL:hermes_integration_i0_ftn_never_actionable,
2026-02-13,US100,ny_am,True,REV,named_extreme_raid+htf_pd+mss,2026-02-13T10:00:00,bullish,24624.708,24505.631,allowlist:not_on_mint_allowlist,pdl,bearish,aligned,D_FVG_bear_2026-02-05,,,,,,sha256:8eb04f0fdb2aeeed,kernel_ticket:pass:kernel_session_ticket|direction:pass:determined|risk:pass:within_caps|allowlist:FAIL:not_on_mint_allowlist|mode:pass:paper|contract:FAIL:hermes_integration_i0_ftn_never_actionable,
2026-02-17,US100,london,True,REV,named_extreme_raid+htf_pd+mss,2026-02-17T02:15:00,bullish,24530.892,24487.881,allowlist:not_on_mint_allowlist,pdl,bearish,qualified,D_FVG_bear_2026-02-13,,,,,,sha256:618d209cf0b76de7,kernel_ticket:pass:kernel_session_ticket|direction:pass:determined|risk:pass:within_caps|allowlist:FAIL:not_on_mint_allowlist|mode:pass:paper|contract:FAIL:hermes_integration_i0_ftn_never_actionable,
2026-02-17,US100,ny_am,True,REV,named_extreme_raid+htf_pd+mss,2026-02-17T07:15:00,bullish,24582.881,24487.881,allowlist:not_on_mint_allowlist,pdl,bearish,qualified,D_FVG_bear_2026-02-13,,,,,,sha256:66efaecb76321fb9,kernel_ticket:pass:kernel_session_ticket|direction:pass:determined|risk:pass:within_caps|allowlist:FAIL:not_on_mint_allowlist|mode:pass:paper|contract:FAIL:hermes_integration_i0_ftn_never_actionable,
2026-02-18,US100,london,False,,no_selected_candidate,,,,,,,,,,,,,,,,,
2026-02-18,US100,ny_am,False,,no_selected_candidate,,,,,,,,,,,,,,,,,
2026-02-19,US100,london,False,,no_selected_candidate,,,,,,,,,,,,,,,,,
2026-02-19,US100,ny_am,False,,no_selected_candidate,,,,,,,,,,,,,,,,,
2026-02-20,US100,london,False,,no_selected_candidate,,,,,,,,,,,,,,,,,
2026-02-20,US100,ny_am,True,REV,named_extreme_raid+htf_pd+mss,2026-02-20T09:00:00,bullish,24711.022,24663.544,allowlist:not_on_mint_allowlist,pdl,bearish,aligned,D_FVG_bear_2026-02-13,,,,,,sha256:225bb5688284a455,kernel_ticket:pass:kernel_session_ticket|direction:pass:determined|risk:pass:within_caps|allowlist:FAIL:not_on_mint_allowlist|mode:pass:paper|contract:FAIL:hermes_integration_i0_ftn_never_actionable,
2026-02-23,US100,london,False,,no_selected_candidate,,,,,,,,,,,,,,,,,
2026-02-23,US100,ny_am,False,,no_selected_candidate,,,,,,,,,,,,,,,,,
2026-02-24,US100,london,False,,no_selected_candidate,,,,,,,,,,,,,,,,,
2026-02-24,US100,ny_am,False,,no_selected_candidate,,,,,,,,,,,,,,,,,
2026-02-25,US100,london,False,,no_selected_candidate,,,,,,,,,,,,,,,,,
2026-02-25,US100,ny_am,True,REV,named_extreme_raid+htf_pd+mss,2026-02-25T07:15:00,bearish,25061.249,25081.699,allowlist:not_on_mint_allowlist,pdh,bullish,aligned,D_FVG_bear_2026-02-13,,,,,,sha256:56b51eaf8db05112,kernel_ticket:pass:kernel_session_ticket|direction:pass:determined|risk:pass:within_caps|allowlist:FAIL:not_on_mint_allowlist|mode:pass:paper|contract:FAIL:hermes_integration_i0_ftn_never_actionable,
2026-02-26,US100,london,False,,no_selected_candidate,,,,,,,,,,,,,,,,,
2026-02-26,US100,ny_am,True,REV,named_extreme_raid+htf_pd+mss,2026-02-26T09:15:00,bearish,25329.772,25368.899,allowlist:not_on_mint_allowlist,pdh,bullish,aligned,D_FVG_bear_2026-02-05,,,,,,sha256:24de1ff51d49cab5,kernel_ticket:pass:kernel_session_ticket|direction:pass:determined|risk:pass:within_caps|allowlist:FAIL:not_on_mint_allowlist|mode:pass:paper|contract:FAIL:hermes_integration_i0_ftn_never_actionable,
2026-02-27,US100,london,False,,no_selected_candidate,,,,,,,,,,,,,,,,,
2026-02-27,US100,ny_am,True,REV,named_extreme_raid+htf_pd+mss,2026-02-27T09:00:00,bullish,24828.155,24752.111,allowlist:not_on_mint_allowlist,pdl,bearish,aligned,D_FVG_bear_2026-02-13,,,,,,sha256:0262a1de9493d174,kernel_ticket:pass:kernel_session_ticket|direction:pass:determined|risk:pass:within_caps|allowlist:FAIL:not_on_mint_allowlist|mode:pass:paper|contract:FAIL:hermes_integration_i0_ftn_never_actionable,
2026-03-02,US100,london,True,REV,named_extreme_raid+htf_pd+mss,2026-03-02T02:15:00,bullish,24500.997,24492.053,allowlist:not_on_mint_allowlist,pdl,bearish,aligned,D_FVG_bear_2026-02-13,,,,,,sha256:855a817c9f9817bd,kernel_ticket:pass:kernel_session_ticket|direction:pass:determined|risk:pass:within_caps|allowlist:FAIL:not_on_mint_allowlist|mode:pass:paper|contract:FAIL:hermes_integration_i0_ftn_never_actionable,
2026-03-02,US100,ny_am,False,,no_selected_candidate,,,,,,,,,,,,,,,,,
2026-03-03,US100,london,False,,no_selected_candidate,,,,,,,,,,,,,,,,,
2026-03-03,US100,ny_am,False,,no_selected_candidate,,,,,,,,,,,,,,,,,
2026-03-04,US100,london,False,,no_selected_candidate,,,,,,,,,,,,,,,,,
2026-03-04,US100,ny_am,False,,no_selected_candidate,,,,,,,,,,,,,,,,,
2026-03-05,US100,london,False,,no_selected_candidate,,,,,,,,,,,,,,,,,
2026-03-05,US100,ny_am,False,,no_selected_candidate,,,,,,,,,,,,,,,,,
2026-03-06,US100,london,False,,no_selected_candidate,,,,,,,,,,,,,,,,,
2026-03-06,US100,ny_am,True,REV,named_extreme_raid+htf_pd+mss,2026-03-06T09:00:00,bullish,24616.07,24588.114,allowlist:not_on_mint_allowlist,pdl,bearish,aligned,D_FVG_bear_2026-02-13,,,,,,sha256:82955ea3450cf41d,kernel_ticket:pass:kernel_session_ticket|direction:pass:determined|risk:pass:within_caps|allowlist:FAIL:not_on_mint_allowlist|mode:pass:paper|contract:FAIL:hermes_integration_i0_ftn_never_actionable,
2026-03-09,US100,london,False,,no_selected_candidate,,,,,,,,,,,,,,,,,
2026-03-09,US100,ny_am,True,REV,named_extreme_raid+htf_pd+mss,2026-03-09T10:00:00,bullish,24344.522,24058.642,allowlist:not_on_mint_allowlist,pdl,bearish,aligned,D_FVG_bear_2026-02-13,,,,,,sha256:8cc3946ed23e30ce,kernel_ticket:pass:kernel_session_ticket|direction:pass:determined|risk:pass:within_caps|allowlist:FAIL:not_on_mint_allowlist|mode:pass:paper|contract:FAIL:hermes_integration_i0_ftn_never_actionable,
2026-03-10,US100,london,False,,no_selected_candidate,,,,,,,,,,,,,,,,,
2026-03-10,US100,ny_am,True,REV,named_extreme_raid+htf_pd+mss,2026-03-10T07:15:00,bearish,24981.125,25120.027,allowlist:not_on_mint_allowlist,pdh,bullish,qualified,D_FVG_bear_2026-02-13,,,,,,sha256:847929a2081decaa,kernel_ticket:pass:kernel_session_ticket|direction:pass:determined|risk:pass:within_caps|allowlist:FAIL:not_on_mint_allowlist|mode:pass:paper|contract:FAIL:hermes_integration_i0_ftn_never_actionable,
2026-03-11,US100,london,False,,no_selected_candidate,,,,,,,,,,,,,,,,,
2026-03-11,US100,ny_am,False,,no_selected_candidate,,,,,,,,,,,,,,,,,
2026-03-12,US100,london,True,REV,named_extreme_raid+htf_pd+mss,2026-03-12T02:15:00,bullish,24732.719,24688.088,allowlist:not_on_mint_allowlist,pdl,bearish,qualified,D_FVG_bear_2026-02-13,,,,,,sha256:63c035d4073b5bf3,kernel_ticket:pass:kernel_session_ticket|direction:pass:determined|risk:pass:within_caps|allowlist:FAIL:not_on_mint_allowlist|mode:pass:paper|contract:FAIL:hermes_integration_i0_ftn_never_actionable,
2026-03-12,US100,ny_am,True,REV,named_extreme_raid+htf_pd+mss,2026-03-12T10:00:00,bullish,24637.816,24611.316,allowlist:not_on_mint_allowlist,pdl,bearish,aligned,D_FVG_bear_2026-02-13,,,,,,sha256:03758386cc875da8,kernel_ticket:pass:kernel_session_ticket|direction:pass:determined|risk:pass:within_caps|allowlist:FAIL:not_on_mint_allowlist|mode:pass:paper|contract:FAIL:hermes_integration_i0_ftn_never_actionable,
2026-03-13,US100,london,True,REV,named_extreme_raid+htf_pd+mss,2026-03-13T03:00:00,bullish,24463.708,24459.327,allowlist:not_on_mint_allowlist,pdl,bearish,aligned,D_FVG_bear_2026-02-13,,,,,,sha256:f6b519fb5bec578b,kernel_ticket:pass:kernel_session_ticket|direction:pass:determined|risk:pass:within_caps|allowlist:FAIL:not_on_mint_allowlist|mode:pass:paper|contract:FAIL:hermes_integration_i0_ftn_never_actionable,
2026-03-13,US100,ny_am,True,REV,named_extreme_raid+htf_pd+mss,2026-03-13T07:15:00,bullish,24601.566,24379.775,allowlist:not_on_mint_allowlist,pdl,bearish,qualified,D_FVG_bear_2026-02-13,,,,,,sha256:0b0ce38abe4f49e7,kernel_ticket:pass:kernel_session_ticket|direction:pass:determined|risk:pass:within_caps|allowlist:FAIL:not_on_mint_allowlist|mode:pass:paper|contract:FAIL:hermes_integration_i0_ftn_never_actionable,
2026-03-16,US100,london,False,,no_selected_candidate,,,,,,,,,,,,,,,,,
2026-03-16,US100,ny_am,False,,no_selected_candidate,,,,,,,,,,,,,,,,,
2026-03-17,US100,london,False,,no_selected_candidate,,,,,,,,,,,,,,,,,
2026-03-17,US100,ny_am,True,REV,named_extreme_raid+htf_pd+mss,2026-03-17T10:00:00,bearish,24859.199,24883.37,allowlist:not_on_mint_allowlist,pdh,bullish,aligned,D_FVG_bear_2026-03-13,,,,,,sha256:2b198ee53c4d00ed,kernel_ticket:pass:kernel_session_ticket|direction:pass:determined|risk:pass:within_caps|allowlist:FAIL:not_on_mint_allowlist|mode:pass:paper|contract:FAIL:hermes_integration_i0_ftn_never_actionable,
2026-03-18,US100,london,True,REV,named_extreme_raid+htf_pd+mss,2026-03-18T02:15:00,bearish,24946.686,24956.555,allowlist:not_on_mint_allowlist,pdh,bullish,aligned,D_FVG_bear_2026-03-13,,,,,,sha256:334075689c52c005,kernel_ticket:pass:kernel_session_ticket|direction:pass:determined|risk:pass:within_caps|allowlist:FAIL:not_on_mint_allowlist|mode:pass:paper|contract:FAIL:hermes_integration_i0_ftn_never_actionable,
2026-03-18,US100,ny_am,True,REV,named_extreme_raid+htf_pd+mss,2026-03-18T07:15:00,bearish,24936.719,24982.099,allowlist:not_on_mint_allowlist,pdh,bullish,qualified,D_FVG_bear_2026-03-13,,,,,,sha256:01b027d8ce222baf,kernel_ticket:pass:kernel_session_ticket|direction:pass:determined|risk:pass:within_caps|allowlist:FAIL:not_on_mint_allowlist|mode:pass:paper|contract:FAIL:hermes_integration_i0_ftn_never_actionable,
2026-03-19,US100,london,True,REV,named_extreme_raid+htf_pd+mss,2026-03-19T02:15:00,bullish,24394.925,24354.153,allowlist:not_on_mint_allowlist,pdl,bearish,aligned,D_FVG_bear_2026-03-13,,,,,,sha256:feccf63a288dccb8,kernel_ticket:pass:kernel_session_ticket|direction:pass:determined|risk:pass:within_caps|allowlist:FAIL:not_on_mint_allowlist|mode:pass:paper|contract:FAIL:hermes_integration_i0_ftn_never_actionable,
2026-03-19,US100,ny_am,True,REV,named_extreme_raid+htf_pd+mss,2026-03-19T10:00:00,bullish,24280.569,24105.175,allowlist:not_on_mint_allowlist,pdl,bearish,qualified,D_FVG_bear_2026-03-13,,,,,,sha256:6087600db986dc40,kernel_ticket:pass:kernel_session_ticket|direction:pass:determined|risk:pass:within_caps|allowlist:FAIL:not_on_mint_allowlist|mode:pass:paper|contract:FAIL:hermes_integration_i0_ftn_never_actionable,
2026-03-20,US100,london,False,,no_selected_candidate,,,,,,,,,,,,,,,,,
2026-03-20,US100,ny_am,True,REV,named_extreme_raid+htf_pd+mss,2026-03-20T07:15:00,bullish,24234.631,24101.283,allowlist:not_on_mint_allowlist,pdl,bearish,aligned,D_FVG_bear_2026-03-19,,,,,,sha256:c2ea9571363e1c7d,kernel_ticket:pass:kernel_session_ticket|direction:pass:determined|risk:pass:within_caps|allowlist:FAIL:not_on_mint_allowlist|mode:pass:paper|contract:FAIL:hermes_integration_i0_ftn_never_actionable,
2026-03-23,US100,london,True,REV,named_extreme_raid+htf_pd+mss,2026-03-23T02:15:00,bullish,23722.958,23702.664,allowlist:not_on_mint_allowlist,pdl,bearish,aligned,D_FVG_bear_2026-03-19,,,,,,sha256:d1e8f91fc1847bbd,kernel_ticket:pass:kernel_session_ticket|direction:pass:determined|risk:pass:within_caps|allowlist:FAIL:not_on_mint_allowlist|mode:pass:paper|contract:FAIL:hermes_integration_i0_ftn_never_actionable,
2026-03-23,US100,ny_am,True,REV,named_extreme_raid+htf_pd+mss,2026-03-23T07:15:00,bullish,23684.425,23560.033,allowlist:not_on_mint_allowlist,pdl,bearish,aligned,D_FVG_bear_2026-03-19,,,,,,sha256:d1922f24c9c48bc8,kernel_ticket:pass:kernel_session_ticket|direction:pass:determined|risk:pass:within_caps|allowlist:FAIL:not_on_mint_allowlist|mode:pass:paper|contract:FAIL:hermes_integration_i0_ftn_never_actionable,
2026-03-24,US100,london,False,,no_selected_candidate,,,,,,,,,,,,,,,,,
2026-03-24,US100,ny_am,False,,no_selected_candidate,,,,,,,,,,,,,,,,,
2026-03-25,US100,london,True,REV,named_extreme_raid+htf_pd+mss,2026-03-25T04:45:00,bearish,24279.376,24324.376,allowlist:not_on_mint_allowlist,pdh,bearish,qualified,D_FVG_bear_2026-03-19,,,,,,sha256:9e370ccbffde8b54,kernel_ticket:pass:kernel_session_ticket|direction:pass:determined|risk:pass:within_caps|allowlist:FAIL:not_on_mint_allowlist|mode:pass:paper|contract:FAIL:hermes_integration_i0_ftn_never_actionable,
2026-03-25,US100,ny_am,True,REV,named_extreme_raid+htf_pd+mss,2026-03-25T10:00:00,bearish,24156.589,24329.887,allowlist:not_on_mint_allowlist,pdh,bearish,aligned,D_FVG_bear_2026-03-19,,,,,,sha256:6c48e4ad54cea804,kernel_ticket:pass:kernel_session_ticket|direction:pass:determined|risk:pass:within_caps|allowlist:FAIL:not_on_mint_allowlist|mode:pass:paper|contract:FAIL:hermes_integration_i0_ftn_never_actionable,
2026-03-26,US100,london,True,REV,named_extreme_raid+htf_pd+mss,2026-03-26T02:30:00,bullish,24072.609,24020.319,allowlist:not_on_mint_allowlist,pdl,bearish,aligned,D_FVG_bear_2026-03-19,,,,,,sha256:9128ccf528b42572,kernel_ticket:pass:kernel_session_ticket|direction:pass:determined|risk:pass:within_caps|allowlist:FAIL:not_on_mint_allowlist|mode:pass:paper|contract:FAIL:hermes_integration_i0_ftn_never_actionable,
2026-03-26,US100,ny_am,True,REV,named_extreme_raid+htf_pd+mss,2026-03-26T07:15:00,bullish,23957.066,23900.414,allowlist:not_on_mint_allowlist,pdl,bearish,qualified,D_FVG_bear_2026-03-19,,,,,,sha256:5938039cc54f522e,kernel_ticket:pass:kernel_session_ticket|direction:pass:determined|risk:pass:within_caps|allowlist:FAIL:not_on_mint_allowlist|mode:pass:paper|contract:FAIL:hermes_integration_i0_ftn_never_actionable,
2026-03-27,US100,london,False,,no_selected_candidate,,,,,,,,,,,,,,,,,
2026-03-27,US100,ny_am,True,REV,named_extreme_raid+htf_pd+mss,2026-03-27T07:15:00,bullish,23439.833,23417.866,allowlist:not_on_mint_allowlist,pdl,bearish,aligned,D_FVG_bear_2026-03-19,,,,,,sha256:5c647999815c6655,kernel_ticket:pass:kernel_session_ticket|direction:pass:determined|risk:pass:within_caps|allowlist:FAIL:not_on_mint_allowlist|mode:pass:paper|contract:FAIL:hermes_integration_i0_ftn_never_actionable,
2026-03-30,US100,london,False,,no_selected_candidate,,,,,,,,,,,,,,,,,
2026-03-30,US100,ny_am,False,,no_selected_candidate,,,,,,,,,,,,,,,,,
2026-03-31,US100,london,False,,no_selected_candidate,,,,,,,,,,,,,,,,,
2026-03-31,US100,ny_am,False,,no_selected_candidate,,,,,,,,,,,,,,,,,
2026-04-01,US100,london,True,REV,named_extreme_raid+htf_pd+mss,2026-04-01T02:15:00,bearish,23899.433,23901.824,allowlist:not_on_mint_allowlist,pdh,bullish,aligned,D_FVG_bear_2026-03-30,,,,,,sha256:1e7cda9b415000e9,kernel_ticket:pass:kernel_session_ticket|direction:pass:determined|risk:pass:within_caps|allowlist:FAIL:not_on_mint_allowlist|mode:pass:paper|contract:FAIL:hermes_integration_i0_ftn_never_actionable,
2026-04-01,US100,ny_am,True,REV,named_extreme_raid+htf_pd+mss,2026-04-01T07:15:00,bearish,23975.933,24001.672,allowlist:not_on_mint_allowlist,pdh,bullish,aligned,D_FVG_bear_2026-03-30,,,,,,sha256:9a544ee4fdf8fa8f,kernel_ticket:pass:kernel_session_ticket|direction:pass:determined|risk:pass:within_caps|allowlist:FAIL:not_on_mint_allowlist|mode:pass:paper|contract:FAIL:hermes_integration_i0_ftn_never_actionable,
2026-04-02,US100,london,False,,no_selected_candidate,,,,,,,,,,,,,,,,,
2026-04-02,US100,ny_am,True,REV,named_extreme_raid+htf_pd+mss,2026-04-02T07:15:00,bullish,23584.175,23576.262,allowlist:not_on_mint_allowlist,pdl,bullish,qualified,D_FVG_bear_2026-03-30,,,,,,sha256:1caef75d079dbe99,kernel_ticket:pass:kernel_session_ticket|direction:pass:determined|risk:pass:within_caps|allowlist:FAIL:not_on_mint_allowlist|mode:pass:paper|contract:FAIL:hermes_integration_i0_ftn_never_actionable,
2026-04-06,US100,london,True,REV,named_extreme_raid+htf_pd+mss,2026-04-06T02:15:00,bearish,24102.033,24105.399,allowlist:not_on_mint_allowlist,pdh,bullish,qualified,D_FVG_bear_2026-03-27,,,,,,sha256:4caeae9d4b6988b6,kernel_ticket:pass:kernel_session_ticket|direction:pass:determined|risk:pass:within_caps|allowlist:FAIL:not_on_mint_allowlist|mode:pass:paper|contract:FAIL:hermes_integration_i0_ftn_never_actionable,
2026-04-06,US100,ny_am,True,REV,named_extreme_raid+htf_pd+mss,2026-04-06T07:15:00,bearish,24115.892,24226.425,allowlist:not_on_mint_allowlist,pdh,bullish,qualified,D_FVG_bear_2026-03-27,,,,,,sha256:000368eaf472e977,kernel_ticket:pass:kernel_session_ticket|direction:pass:determined|risk:pass:within_caps|allowlist:FAIL:not_on_mint_allowlist|mode:pass:paper|contract:FAIL:hermes_integration_i0_ftn_never_actionable,
2026-04-07,US100,london,False,,no_selected_candidate,,,,,,,,,,,,,,,,,
2026-04-07,US100,ny_am,False,,no_selected_candidate,,,,,,,,,,,,,,,,,
2026-04-08,US100,london,True,REV,named_extreme_raid+htf_pd+mss,2026-04-08T02:15:00,bearish,25026.699,25032.366,allowlist:not_on_mint_allowlist,pdh,bullish,aligned,D_FVG_bear_2026-03-13,,,,,,sha256:b1972c6be145bce9,kernel_ticket:pass:kernel_session_ticket|direction:pass:determined|risk:pass:within_caps|allowlist:FAIL:not_on_mint_allowlist|mode:pass:paper|contract:FAIL:hermes_integration_i0_ftn_never_actionable,
2026-04-08,US100,ny_am,True,REV,named_extreme_raid+htf_pd+mss,2026-04-08T07:15:00,bearish,25029.203,25076.199,allowlist:not_on_mint_allowlist,pdh,bullish,aligned,D_FVG_bear_2026-03-13,,,,,,sha256:2a1c8ccbc76561d9,kernel_ticket:pass:kernel_session_ticket|direction:pass:determined|risk:pass:within_caps|allowlist:FAIL:not_on_mint_allowlist|mode:pass:paper|contract:FAIL:hermes_integration_i0_ftn_never_actionable,
2026-04-09,US100,london,False,,no_selected_candidate,,,,,,,,,,,,,,,,,
2026-04-09,US100,ny_am,False,,no_selected_candidate,,,,,,,,,,,,,,,,,
2026-04-10,US100,london,False,,no_selected_candidate,,,,,,,,,,,,,,,,,
2026-04-10,US100,ny_am,True,REV,named_extreme_raid+htf_pd+mss,2026-04-10T10:00:00,bearish,25154.848,25204.891,allowlist:not_on_mint_allowlist,pdh,bullish,aligned,D_FVG_bear_2026-03-13,,,,,,sha256:0000fd2edf146ebc,kernel_ticket:pass:kernel_session_ticket|direction:pass:determined|risk:pass:within_caps|allowlist:FAIL:not_on_mint_allowlist|mode:pass:paper|contract:FAIL:hermes_integration_i0_ftn_never_actionable,
2026-04-13,US100,london,False,,no_selected_candidate,,,,,,,,,,,,,,,,,
2026-04-13,US100,ny_am,True,REV,named_extreme_raid+htf_pd+mss,2026-04-13T07:15:00,bullish,24997.947,24886.522,allowlist:not_on_mint_allowlist,pdl,bullish,aligned,D_FVG_bear_2026-03-13,,,,,,sha256:35f86a23acb126c3,kernel_ticket:pass:kernel_session_ticket|direction:pass:determined|risk:pass:within_caps|allowlist:FAIL:not_on_mint_allowlist|mode:pass:paper|contract:FAIL:hermes_integration_i0_ftn_never_actionable,
2026-04-14,US100,london,False,,no_selected_candidate,,,,,,,,,,,,,,,,,
2026-04-14,US100,ny_am,True,REV,named_extreme_raid+htf_pd+mss,2026-04-14T07:15:00,bearish,25478.283,25514.175,allowlist:not_on_mint_allowlist,pdh,bullish,qualified,D_FVG_bull_2026-04-09,,,,,,sha256:de600670250c298b,kernel_ticket:pass:kernel_session_ticket|direction:pass:determined|risk:pass:within_caps|allowlist:FAIL:not_on_mint_allowlist|mode:pass:paper|contract:FAIL:hermes_integration_i0_ftn_never_actionable,
2026-04-15,US100,london,False,,no_selected_candidate,,,,,,,,,,,,,,,,,
2026-04-15,US100,ny_am,True,REV,named_extreme_raid+htf_pd+mss,2026-04-15T10:00:00,bearish,25906.077,25907.279,allowlist:not_on_mint_allowlist,pdh,bullish,aligned,D_FVG_bull_2026-04-14,,,,,,sha256:dd3760d57060f605,kernel_ticket:pass:kernel_session_ticket|direction:pass:determined|risk:pass:within_caps|allowlist:FAIL:not_on_mint_allowlist|mode:pass:paper|contract:FAIL:hermes_integration_i0_ftn_never_actionable,
2026-04-16,US100,london,True,REV,named_extreme_raid+htf_pd+mss,2026-04-16T02:15:00,bearish,26320.914,26324.588,allowlist:not_on_mint_allowlist,pdh,bullish,aligned,D_FVG_bull_2026-04-15,,,,,,sha256:9eb1c9f1eb5f6ed9,kernel_ticket:pass:kernel_session_ticket|direction:pass:determined|risk:pass:within_caps|allowlist:FAIL:not_on_mint_allowlist|mode:pass:paper|contract:FAIL:hermes_integration_i0_ftn_never_actionable,
2026-04-16,US100,ny_am,False,,no_selected_candidate,,,,,,,,,,,,,,,,,
2026-04-17,US100,london,False,,no_selected_candidate,,,,,,,,,,,,,,,,,
2026-04-17,US100,ny_am,True,REV,named_extreme_raid+htf_pd+mss,2026-04-17T08:15:00,bearish,26437.588,26442.899,allowlist:not_on_mint_allowlist,pdh,bullish,aligned,D_FVG_bull_2026-04-16,,,,,,sha256:705314c7467f7828,kernel_ticket:pass:kernel_session_ticket|direction:pass:determined|risk:pass:within_caps|allowlist:FAIL:not_on_mint_allowlist|mode:pass:paper|contract:FAIL:hermes_integration_i0_ftn_never_actionable,
2026-04-20,US100,london,False,,no_selected_candidate,,,,,,,,,,,,,,,,,
2026-04-20,US100,ny_am,False,,no_selected_candidate,,,,,,,,,,,,,,,,,
2026-04-21,US100,london,True,REV,named_extreme_raid+htf_pd+mss,2026-04-21T02:15:00,bearish,26698.783,26703.279,allowlist:not_on_mint_allowlist,pdh,bullish,aligned,D_FVG_bull_2026-04-17,,,,,,sha256:9481448f3449aaee,kernel_ticket:pass:kernel_session_ticket|direction:pass:determined|risk:pass:within_caps|allowlist:FAIL:not_on_mint_allowlist|mode:pass:paper|contract:FAIL:hermes_integration_i0_ftn_never_actionable,
2026-04-21,US100,ny_am,True,REV,named_extreme_raid+htf_pd+mss,2026-04-21T07:15:00,bearish,26700.827,26729.697,allowlist:not_on_mint_allowlist,pdh,bullish,aligned,D_FVG_bull_2026-04-17,,,,,,sha256:0c84f6218c5213b5,kernel_ticket:pass:kernel_session_ticket|direction:pass:determined|risk:pass:within_caps|allowlist:FAIL:not_on_mint_allowlist|mode:pass:paper|contract:FAIL:hermes_integration_i0_ftn_never_actionable,
2026-04-22,US100,london,False,,no_selected_candidate,,,,,,,,,,,,,,,,,
2026-04-22,US100,ny_am,False,,no_selected_candidate,,,,,,,,,,,,,,,,,
2026-04-23,US100,london,False,,no_selected_candidate,,,,,,,,,,,,,,,,,
2026-04-23,US100,ny_am,False,,no_selected_candidate,,,,,,,,,,,,,,,,,
2026-04-24,US100,london,False,,no_selected_candidate,,,,,,,,,,,,,,,,,
2026-04-24,US100,ny_am,False,,no_selected_candidate,,,,,,,,,,,,,,,,,
2026-04-27,US100,london,False,,no_selected_candidate,,,,,,,,,,,,,,,,,
2026-04-27,US100,ny_am,True,REV,named_extreme_raid+htf_pd+mss,2026-04-27T07:15:00,bearish,27349.316,27405.12,allowlist:not_on_mint_allowlist,pdh,bullish,aligned,D_FVG_bull_2026-04-17,,,,,,sha256:9b078f8e2ebc0c7a,kernel_ticket:pass:kernel_session_ticket|direction:pass:determined|risk:pass:within_caps|allowlist:FAIL:not_on_mint_allowlist|mode:pass:paper|contract:FAIL:hermes_integration_i0_ftn_never_actionable,
2026-04-28,US100,london,False,,no_selected_candidate,,,,,,,,,,,,,,,,,
2026-04-28,US100,ny_am,False,,no_selected_candidate,,,,,,,,,,,,,,,,,
2026-04-29,US100,london,False,,no_selected_candidate,,,,,,,,,,,,,,,,,
2026-04-29,US100,ny_am,False,,no_selected_candidate,,,,,,,,,,,,,,,,,
2026-04-30,US100,london,False,,no_selected_candidate,,,,,,,,,,,,,,,,,
2026-04-30,US100,ny_am,False,,no_selected_candidate,,,,,,,,,,,,,,,,,
2026-05-01,US100,london,False,,no_selected_candidate,,,,,,,,,,,,,,,,,
2026-05-01,US100,ny_am,True,REV,named_extreme_raid+htf_pd+mss,2026-05-01T10:00:00,bearish,27742.764,27744.297,allowlist:not_on_mint_allowlist,pdh,bullish,aligned,D_FVG_bull_2026-04-27,,,,,,sha256:32ad691f8f0db9b9,kernel_ticket:pass:kernel_session_ticket|direction:pass:determined|risk:pass:within_caps|allowlist:FAIL:not_on_mint_allowlist|mode:pass:paper|contract:FAIL:hermes_integration_i0_ftn_never_actionable,
2026-05-04,US100,london,True,REV,named_extreme_raid+htf_pd+mss,2026-05-04T02:15:00,bearish,27802.486,27845.322,allowlist:not_on_mint_allowlist,pdh,bullish,qualified,D_FVG_bull_2026-05-01,,,,,,sha256:09664bdc8ca9a004,kernel_ticket:pass:kernel_session_ticket|direction:pass:determined|risk:pass:within_caps|allowlist:FAIL:not_on_mint_allowlist|mode:pass:paper|contract:FAIL:hermes_integration_i0_ftn_never_actionable,
2026-05-04,US100,ny_am,True,REV,named_extreme_raid+htf_pd+mss,2026-05-04T10:00:00,bearish,27775.366,27845.322,allowlist:not_on_mint_allowlist,pdh,bullish,aligned,D_FVG_bull_2026-05-01,,,,,,sha256:6a28b43909ae5799,kernel_ticket:pass:kernel_session_ticket|direction:pass:determined|risk:pass:within_caps|allowlist:FAIL:not_on_mint_allowlist|mode:pass:paper|contract:FAIL:hermes_integration_i0_ftn_never_actionable,
2026-05-05,US100,london,False,,no_selected_candidate,,,,,,,,,,,,,,,,,
2026-05-05,US100,ny_am,False,,no_selected_candidate,,,,,,,,,,,,,,,,,
2026-05-06,US100,london,True,REV,named_extreme_raid+htf_pd+mss,2026-05-06T02:15:00,bearish,28214.779,28250.392,allowlist:not_on_mint_allowlist,pdh,bullish,aligned,D_FVG_bull_2026-05-04,,,,,,sha256:ae72b79d7324a621,kernel_ticket:pass:kernel_session_ticket|direction:pass:determined|risk:pass:within_caps|allowlist:FAIL:not_on_mint_allowlist|mode:pass:paper|contract:FAIL:hermes_integration_i0_ftn_never_actionable,
2026-05-06,US100,ny_am,True,REV,named_extreme_raid+htf_pd+mss,2026-05-06T07:15:00,bearish,28501.697,28515.392,allowlist:not_on_mint_allowlist,pdh,bullish,aligned,D_FVG_bull_2026-05-04,,,,,,sha256:79dfa02f234a876b,kernel_ticket:pass:kernel_session_ticket|direction:pass:determined|risk:pass:within_caps|allowlist:FAIL:not_on_mint_allowlist|mode:pass:paper|contract:FAIL:hermes_integration_i0_ftn_never_actionable,
2026-05-07,US100,london,True,REV,named_extreme_raid+htf_pd+mss,2026-05-07T03:30:00,bearish,28653.664,28689.327,allowlist:not_on_mint_allowlist,pdh,bullish,aligned,D_FVG_bull_2026-05-06,,,,,,sha256:30499e7f61216b0b,kernel_ticket:pass:kernel_session_ticket|direction:pass:determined|risk:pass:within_caps|allowlist:FAIL:not_on_mint_allowlist|mode:pass:paper|contract:FAIL:hermes_integration_i0_ftn_never_actionable,
2026-05-07,US100,ny_am,True,REV,named_extreme_raid+htf_pd+mss,2026-05-07T07:15:00,bearish,28604.649,28699.279,allowlist:not_on_mint_allowlist,pdh,bullish,qualified,D_FVG_bull_2026-05-06,,,,,,sha256:96dae822b4c93473,kernel_ticket:pass:kernel_session_ticket|direction:pass:determined|risk:pass:within_caps|allowlist:FAIL:not_on_mint_allowlist|mode:pass:paper|contract:FAIL:hermes_integration_i0_ftn_never_actionable,
2026-05-08,US100,london,False,,no_selected_candidate,,,,,,,,,,,,,,,,,
2026-05-08,US100,ny_am,True,REV,named_extreme_raid+htf_pd+mss,2026-05-08T09:00:00,bearish,28799.544,28863.925,allowlist:not_on_mint_allowlist,pdh,bullish,aligned,D_FVG_bull_2026-05-07,,,,,,sha256:8a5f59f694c1cda6,kernel_ticket:pass:kernel_session_ticket|direction:pass:determined|risk:pass:within_caps|allowlist:FAIL:not_on_mint_allowlist|mode:pass:paper|contract:FAIL:hermes_integration_i0_ftn_never_actionable,
2026-05-11,US100,london,False,,no_selected_candidate,,,,,,,,,,,,,,,,,
2026-05-11,US100,ny_am,False,,no_selected_candidate,,,,,,,,,,,,,,,,,
2026-05-12,US100,london,True,REV,named_extreme_raid+htf_pd+mss,2026-05-12T03:15:00,bullish,29108.261,29067.338,allowlist:not_on_mint_allowlist,pdl,bullish,qualified,D_FVG_bull_2026-05-07,,,,,,sha256:f62ba653ada8bfc9,kernel_ticket:pass:kernel_session_ticket|direction:pass:determined|risk:pass:within_caps|allowlist:FAIL:not_on_mint_allowlist|mode:pass:paper|contract:FAIL:hermes_integration_i0_ftn_never_actionable,
2026-05-12,US100,ny_am,False,,no_selected_candidate,,,,,,,,,,,,,,,,,
2026-05-13,US100,london,False,,no_selected_candidate,,,,,,,,,,,,,,,,,
2026-05-13,US100,ny_am,False,,no_selected_candidate,,,,,,,,,,,,,,,,,
2026-05-14,US100,london,False,,no_selected_candidate,,,,,,,,,,,,,,,,,
2026-05-14,US100,ny_am,True,REV,named_extreme_raid+htf_pd+mss,2026-05-14T10:00:00,bearish,29434.349,29578.381,allowlist:not_on_mint_allowlist,pdh,bullish,aligned,D_FVG_bull_2026-05-11,,,,,,sha256:77ff2acf5274f245,kernel_ticket:pass:kernel_session_ticket|direction:pass:determined|risk:pass:within_caps|allowlist:FAIL:not_on_mint_allowlist|mode:pass:paper|contract:FAIL:hermes_integration_i0_ftn_never_actionable,
2026-05-15,US100,london,False,,no_selected_candidate,,,,,,,,,,,,,,,,,
2026-05-15,US100,ny_am,False,,no_selected_candidate,,,,,,,,,,,,,,,,,
2026-05-18,US100,london,False,,no_selected_candidate,,,,,,,,,,,,,,,,,
2026-05-18,US100,ny_am,False,,no_selected_candidate,,,,,,,,,,,,,,,,,
2026-05-19,US100,london,False,,no_selected_candidate,,,,,,,,,,,,,,,,,
2026-05-19,US100,ny_am,True,REV,named_extreme_raid+htf_pd+mss,2026-05-19T09:45:00,bullish,28813.958,28705.62,allowlist:not_on_mint_allowlist,pdl,bearish,qualified,D_FVG_bull_2026-05-11,,,,,,sha256:b5499ae3f75e2062,kernel_ticket:pass:kernel_session_ticket|direction:pass:determined|risk:pass:within_caps|allowlist:FAIL:not_on_mint_allowlist|mode:pass:paper|contract:FAIL:hermes_integration_i0_ftn_never_actionable,
2026-05-20,US100,london,False,,no_selected_candidate,,,,,,,,,,,,,,,,,
2026-05-20,US100,ny_am,False,,no_selected_candidate,,,,,,,,,,,,,,,,,
2026-05-21,US100,london,True,REV,named_extreme_raid+htf_pd+mss,2026-05-21T02:15:00,bearish,29273.131,29349.827,allowlist:not_on_mint_allowlist,pdh,bullish,qualified,D_FVG_bull_2026-05-11,,,,,,sha256:99544ff2662864f8,kernel_ticket:pass:kernel_session_ticket|direction:pass:determined|risk:pass:within_caps|allowlist:FAIL:not_on_mint_allowlist|mode:pass:paper|contract:FAIL:hermes_integration_i0_ftn_never_actionable,
2026-05-21,US100,ny_am,True,REV,named_extreme_raid+htf_pd+mss,2026-05-21T07:15:00,bearish,29159.5,29372.805,allowlist:not_on_mint_allowlist,pdh,bullish,qualified,D_FVG_bull_2026-05-11,,,,,,sha256:e4925a4b3ba4132f,kernel_ticket:pass:kernel_session_ticket|direction:pass:determined|risk:pass:within_caps|allowlist:FAIL:not_on_mint_allowlist|mode:pass:paper|contract:FAIL:hermes_integration_i0_ftn_never_actionable,
2026-05-22,US100,london,True,REV,named_extreme_raid+htf_pd+mss,2026-05-22T02:15:00,bearish,29483.599,29529.827,allowlist:not_on_mint_allowlist,pdh,bullish,qualified,D_FVG_bear_2026-05-18,,,,,,sha256:befb86b4ca8afd9b,kernel_ticket:pass:kernel_session_ticket|direction:pass:determined|risk:pass:within_caps|allowlist:FAIL:not_on_mint_allowlist|mode:pass:paper|contract:FAIL:hermes_integration_i0_ftn_never_actionable,
2026-05-22,US100,ny_am,True,REV,named_extreme_raid+htf_pd+mss,2026-05-22T10:00:00,bearish,29563.22,29638.783,allowlist:not_on_mint_allowlist,pdh,bullish,aligned,D_FVG_bear_2026-05-18,,,,,,sha256:39959ad7a9998281,kernel_ticket:pass:kernel_session_ticket|direction:pass:determined|risk:pass:within_caps|allowlist:FAIL:not_on_mint_allowlist|mode:pass:paper|contract:FAIL:hermes_integration_i0_ftn_never_actionable,
2026-05-26,US100,london,False,,no_selected_candidate,,,,,,,,,,,,,,,,,
2026-05-26,US100,ny_am,True,REV,named_extreme_raid+htf_pd+mss,2026-05-26T07:15:00,bearish,29766.905,29842.058,allowlist:not_on_mint_allowlist,pdh,bullish,aligned,D_FVG_bear_2026-05-18,,,,,,sha256:c69dfd6f99fd2259,kernel_ticket:pass:kernel_session_ticket|direction:pass:determined|risk:pass:within_caps|allowlist:FAIL:not_on_mint_allowlist|mode:pass:paper|contract:FAIL:hermes_integration_i0_ftn_never_actionable,
2026-05-27,US100,london,False,,no_selected_candidate,,,,,,,,,,,,,,,,,
2026-05-27,US100,ny_am,True,REV,named_extreme_raid+htf_pd+mss,2026-05-27T07:15:00,bearish,30197.142,30203.077,allowlist:not_on_mint_allowlist,pdh,bullish,aligned,D_FVG_bull_2026-05-26,,,,,,sha256:0e784b8e014fa024,kernel_ticket:pass:kernel_session_ticket|direction:pass:determined|risk:pass:within_caps|allowlist:FAIL:not_on_mint_allowlist|mode:pass:paper|contract:FAIL:hermes_integration_i0_ftn_never_actionable,
2026-05-28,US100,london,False,,no_selected_candidate,,,,,,,,,,,,,,,,,
2026-05-28,US100,ny_am,False,,no_selected_candidate,,,,,,,,,,,,,,,,,
2026-05-29,US100,london,True,REV,named_extreme_raid+htf_pd+mss,2026-05-29T03:15:00,bearish,30251.639,30278.024,allowlist:not_on_mint_allowlist,pdh,bullish,aligned,D_FVG_bull_2026-05-27,,,,,,sha256:14560f5c526b43e1,kernel_ticket:pass:kernel_session_ticket|direction:pass:determined|risk:pass:within_caps|allowlist:FAIL:not_on_mint_allowlist|mode:pass:paper|contract:FAIL:hermes_integration_i0_ftn_never_actionable,
2026-05-29,US100,ny_am,True,REV,named_extreme_raid+htf_pd+mss,2026-05-29T07:15:00,bearish,30288.654,30296.329,allowlist:not_on_mint_allowlist,pdh,bullish,aligned,D_FVG_bull_2026-05-27,,,,,,sha256:ee63e9f29762db3d,kernel_ticket:pass:kernel_session_ticket|direction:pass:determined|risk:pass:within_caps|allowlist:FAIL:not_on_mint_allowlist|mode:pass:paper|contract:FAIL:hermes_integration_i0_ftn_never_actionable,
2026-06-01,US100,london,True,REV,named_extreme_raid+htf_pd+mss,2026-06-01T02:15:00,bearish,30514.647,30530.799,allowlist:not_on_mint_allowlist,pdh,bullish,aligned,D_FVG_bull_2026-05-27,,,,,,sha256:cfb0349c0cd1adb0,kernel_ticket:pass:kernel_session_ticket|direction:pass:determined|risk:pass:within_caps|allowlist:FAIL:not_on_mint_allowlist|mode:pass:paper|contract:FAIL:hermes_integration_i0_ftn_never_actionable,
2026-06-01,US100,ny_am,False,,no_selected_candidate,,,,,,,,,,,,,,,,,
2026-06-02,US100,london,False,,no_selected_candidate,,,,,,,,,,,,,,,,,
2026-06-02,US100,ny_am,False,,no_selected_candidate,,,,,,,,,,,,,,,,,
2026-06-03,US100,london,False,,no_selected_candidate,,,,,,,,,,,,,,,,,
2026-06-03,US100,ny_am,True,REV,named_extreme_raid+htf_pd+mss,2026-06-03T07:15:00,bearish,30727.653,30737.566,allowlist:not_on_mint_allowlist,pdh,bullish,aligned,D_FVG_bull_2026-05-27,,,,,,sha256:d633624079713740,kernel_ticket:pass:kernel_session_ticket|direction:pass:determined|risk:pass:within_caps|allowlist:FAIL:not_on_mint_allowlist|mode:pass:paper|contract:FAIL:hermes_integration_i0_ftn_never_actionable,
2026-06-04,US100,london,False,,no_selected_candidate,,,,,,,,,,,,,,,,,
2026-06-04,US100,ny_am,False,,no_selected_candidate,,,,,,,,,,,,,,,,,
2026-06-05,US100,london,False,,no_selected_candidate,,,,,,,,,,,,,,,,,
2026-06-05,US100,ny_am,False,,no_selected_candidate,,,,,,,,,,,,,,,,,
2026-06-08,US100,london,False,,no_selected_candidate,,,,,,,,,,,,,,,,,
2026-06-08,US100,ny_am,False,,no_selected_candidate,,,,,,,,,,,,,,,,,
2026-06-09,US100,london,False,,no_selected_candidate,,,,,,,,,,,,,,,,,
2026-06-09,US100,ny_am,True,REV,named_extreme_raid+htf_pd+mss,2026-06-09T09:45:00,bearish,29727.925,29731.142,allowlist:not_on_mint_allowlist,pdh,bullish,aligned,D_FVG_bull_2026-05-26,,,,,,sha256:241ed3aeee71c9c5,kernel_ticket:pass:kernel_session_ticket|direction:pass:determined|risk:pass:within_caps|allowlist:FAIL:not_on_mint_allowlist|mode:pass:paper|contract:FAIL:hermes_integration_i0_ftn_never_actionable,
2026-06-10,US100,london,False,,no_selected_candidate,,,,,,,,,,,,,,,,,
2026-06-10,US100,ny_am,False,,no_selected_candidate,,,,,,,,,,,,,,,,,
2026-06-11,US100,london,False,,no_selected_candidate,,,,,,,,,,,,,,,,,
2026-06-11,US100,ny_am,False,,no_selected_candidate,,,,,,,,,,,,,,,,,
2026-06-12,US100,london,False,,no_selected_candidate,,,,,,,,,,,,,,,,,
2026-06-12,US100,ny_am,True,REV,named_extreme_raid+htf_pd+mss,2026-06-12T07:15:00,bearish,29562.009,29641.576,allowlist:not_on_mint_allowlist,pdh,bullish,qualified,D_FVG_bear_2026-05-18,,,,,,sha256:e48ba5dfe44d888e,kernel_ticket:pass:kernel_session_ticket|direction:pass:determined|risk:pass:within_caps|allowlist:FAIL:not_on_mint_allowlist|mode:pass:paper|contract:FAIL:hermes_integration_i0_ftn_never_actionable,
2026-06-15,US100,london,True,REV,named_extreme_raid+htf_pd+mss,2026-06-15T02:15:00,bearish,30207.375,30218.831,allowlist:not_on_mint_allowlist,pdh,bullish,aligned,D_FVG_bear_2026-06-08,,,,,,sha256:1a17827215d3e3af,kernel_ticket:pass:kernel_session_ticket|direction:pass:determined|risk:pass:within_caps|allowlist:FAIL:not_on_mint_allowlist|mode:pass:paper|contract:FAIL:hermes_integration_i0_ftn_never_actionable,
2026-06-15,US100,ny_am,True,REV,named_extreme_raid+htf_pd+mss,2026-06-15T07:15:00,bearish,30263.275,30297.82,allowlist:not_on_mint_allowlist,pdh,bullish,aligned,D_FVG_bear_2026-06-08,,,,,,sha256:7fda24c308a32316,kernel_ticket:pass:kernel_session_ticket|direction:pass:determined|risk:pass:within_caps|allowlist:FAIL:not_on_mint_allowlist|mode:pass:paper|contract:FAIL:hermes_integration_i0_ftn_never_actionable,
2026-06-16,US100,london,False,,no_selected_candidate,,,,,,,,,,,,,,,,,
2026-06-16,US100,ny_am,True,REV,named_extreme_raid+htf_pd+mss,2026-06-16T07:15:00,bearish,30637.527,30642.187,allowlist:not_on_mint_allowlist,pdh,bullish,aligned,D_FVG_bear_2026-06-05,,,,,,sha256:6a547b605fb60675,kernel_ticket:pass:kernel_session_ticket|direction:pass:determined|risk:pass:within_caps|allowlist:FAIL:not_on_mint_allowlist|mode:pass:paper|contract:FAIL:hermes_integration_i0_ftn_never_actionable,
2026-06-17,US100,london,False,,no_selected_candidate,,,,,,,,,,,,,,,,,
2026-06-17,US100,ny_am,False,,no_selected_candidate,,,,,,,,,,,,,,,,,
2026-06-18,US100,london,False,,no_selected_candidate,,,,,,,,,,,,,,,,,
2026-06-18,US100,ny_am,True,REV,named_extreme_raid+htf_pd+mss,2026-06-18T10:00:00,bearish,30159.75,30295.398,allowlist:not_on_mint_allowlist,pdh,bearish,aligned,D_FVG_bear_2026-06-05,,,,,,sha256:1907d1863618ab7b,kernel_ticket:pass:kernel_session_ticket|direction:pass:determined|risk:pass:within_caps|allowlist:FAIL:not_on_mint_allowlist|mode:pass:paper|contract:FAIL:hermes_integration_i0_ftn_never_actionable,
2026-06-22,US100,london,True,REV,named_extreme_raid+htf_pd+mss,2026-06-22T04:15:00,bearish,30416.342,30470.099,allowlist:not_on_mint_allowlist,pdh,bullish,aligned,D_FVG_bear_2026-06-08,,,,,,sha256:e1b8890f6b46d224,kernel_ticket:pass:kernel_session_ticket|direction:pass:determined|risk:pass:within_caps|allowlist:FAIL:not_on_mint_allowlist|mode:pass:paper|contract:FAIL:hermes_integration_i0_ftn_never_actionable,
2026-06-22,US100,ny_am,True,REV,named_extreme_raid+htf_pd+mss,2026-06-22T07:15:00,bearish,30413.511,30518.354,allowlist:not_on_mint_allowlist,pdh,bullish,aligned,D_FVG_bear_2026-06-08,,,,,,sha256:b45fc2b964f343c6,kernel_ticket:pass:kernel_session_ticket|direction:pass:determined|risk:pass:within_caps|allowlist:FAIL:not_on_mint_allowlist|mode:pass:paper|contract:FAIL:hermes_integration_i0_ftn_never_actionable,
2026-06-23,US100,london,False,,no_selected_candidate,,,,,,,,,,,,,,,,,
2026-06-23,US100,ny_am,True,REV,named_extreme_raid+htf_pd+mss,2026-06-23T10:00:00,bullish,29633.298,29306.779,allowlist:not_on_mint_allowlist,pdl,bullish,aligned,D_FVG_bull_2026-05-22,,,,,,sha256:403ccafd3d500845,kernel_ticket:pass:kernel_session_ticket|direction:pass:determined|risk:pass:within_caps|allowlist:FAIL:not_on_mint_allowlist|mode:pass:paper|contract:FAIL:hermes_integration_i0_ftn_never_actionable,
2026-06-24,US100,london,False,,no_selected_candidate,,,,,,,,,,,,,,,,,
2026-06-24,US100,ny_am,False,,no_selected_candidate,,,,,,,,,,,,,,,,,
2026-06-25,US100,london,True,REV,named_extreme_raid+htf_pd+mss,2026-06-25T03:30:00,bearish,29872.209,29887.521,allowlist:not_on_mint_allowlist,pdh,bullish,aligned,D_FVG_bull_2026-05-27,,,,,,sha256:6cc907e02643a542,kernel_ticket:pass:kernel_session_ticket|direction:pass:determined|risk:pass:within_caps|allowlist:FAIL:not_on_mint_allowlist|mode:pass:paper|contract:FAIL:hermes_integration_i0_ftn_never_actionable,
2026-06-25,US100,ny_am,True,REV,named_extreme_raid+htf_pd+mss,2026-06-25T07:15:00,bearish,29849.458,29919.789,allowlist:not_on_mint_allowlist,pdh,bullish,aligned,D_FVG_bull_2026-05-27,,,,,,sha256:63deec0ab3df84d3,kernel_ticket:pass:kernel_session_ticket|direction:pass:determined|risk:pass:within_caps|allowlist:FAIL:not_on_mint_allowlist|mode:pass:paper|contract:FAIL:hermes_integration_i0_ftn_never_actionable,
2026-06-26,US100,london,True,REV,named_extreme_raid+htf_pd+mss,2026-06-26T02:15:00,bullish,29026.275,28953.52,allowlist:not_on_mint_allowlist,pdl,bearish,qualified,D_FVG_bull_2026-06-15,,,,,,sha256:fc3bd1419274e859,kernel_ticket:pass:kernel_session_ticket|direction:pass:determined|risk:pass:within_caps|allowlist:FAIL:not_on_mint_allowlist|mode:pass:paper|contract:FAIL:hermes_integration_i0_ftn_never_actionable,
2026-06-26,US100,ny_am,False,,no_selected_candidate,,,,,,,,,,,,,,,,,
2026-06-29,US100,london,False,,no_selected_candidate,,,,,,,,,,,,,,,,,
2026-06-29,US100,ny_am,False,,no_selected_candidate,,,,,,,,,,,,,,,,,
2026-06-30,US100,london,False,,no_selected_candidate,,,,,,,,,,,,,,,,,
2026-06-30,US100,ny_am,True,REV,named_extreme_raid+htf_pd+mss,2026-06-30T10:00:00,bearish,30089.11,30090.11,allowlist:not_on_mint_allowlist,pdh,bullish,aligned,D_FVG_bull_2026-06-16,,,,,,sha256:5b7ad81246d10ab3,kernel_ticket:pass:kernel_session_ticket|direction:pass:determined|risk:pass:within_caps|allowlist:FAIL:not_on_mint_allowlist|mode:pass:paper|contract:FAIL:hermes_integration_i0_ftn_never_actionable,
2026-07-01,US100,london,False,,no_selected_candidate,,,,,,,,,,,,,,,,,
2026-07-01,US100,ny_am,False,,no_selected_candidate,,,,,,,,,,,,,,,,,
2026-07-02,US100,london,True,REV,named_extreme_raid+htf_pd+mss,2026-07-02T03:00:00,bullish,29665.033,29630.91,allowlist:not_on_mint_allowlist,pdl,bearish,aligned,D_FVG_bull_2026-06-16,,,,,,sha256:b63fc9b5ec1c728b,kernel_ticket:pass:kernel_session_ticket|direction:pass:determined|risk:pass:within_caps|allowlist:FAIL:not_on_mint_allowlist|mode:pass:paper|contract:FAIL:hermes_integration_i0_ftn_never_actionable,
2026-07-02,US100,ny_am,True,REV,named_extreme_raid+htf_pd+mss,2026-07-02T07:15:00,bullish,29750.925,29562.409,allowlist:not_on_mint_allowlist,pdl,bearish,qualified,D_FVG_bear_2026-06-05,,,,,,sha256:4b295e7cec9f0d74,kernel_ticket:pass:kernel_session_ticket|direction:pass:determined|risk:pass:within_caps|allowlist:FAIL:not_on_mint_allowlist|mode:pass:paper|contract:FAIL:hermes_integration_i0_ftn_never_actionable,
2026-07-06,US100,london,False,,no_selected_candidate,,,,,,,,,,,,,,,,,
2026-07-06,US100,ny_am,False,,no_selected_candidate,,,,,,,,,,,,,,,,,
2026-07-07,US100,london,False,,no_selected_candidate,,,,,,,,,,,,,,,,,
2026-07-07,US100,ny_am,False,,no_selected_candidate,,,,,,,,,,,,,,,,,
2026-07-08,US100,london,True,REV,named_extreme_raid+htf_pd+mss,2026-07-08T04:45:00,bullish,28789.881,28727.131,allowlist:not_on_mint_allowlist,pdl,bearish,qualified,D_FVG_bull_2026-06-30,,,,,,sha256:5d96817e1c85e88c,kernel_ticket:pass:kernel_session_ticket|direction:pass:determined|risk:pass:within_caps|allowlist:FAIL:not_on_mint_allowlist|mode:pass:paper|contract:FAIL:hermes_integration_i0_ftn_never_actionable,
2026-07-08,US100,ny_am,True,REV,named_extreme_raid+htf_pd+mss,2026-07-08T07:15:00,bullish,28771.922,28676.065,allowlist:not_on_mint_allowlist,pdl,bearish,qualified,D_FVG_bull_2026-06-30,,,,,,sha256:877cf5b471298e66,kernel_ticket:pass:kernel_session_ticket|direction:pass:determined|risk:pass:within_caps|allowlist:FAIL:not_on_mint_allowlist|mode:pass:paper|contract:FAIL:hermes_integration_i0_ftn_never_actionable,
2026-07-09,US100,london,True,REV,named_extreme_raid+htf_pd+mss,2026-07-09T03:45:00,bearish,29460.108,29463.008,allowlist:not_on_mint_allowlist,pdh,bullish,aligned,D_FVG_bear_2026-07-08,,,,,,sha256:76d0bd011dfa6a2e,kernel_ticket:pass:kernel_session_ticket|direction:pass:determined|risk:pass:within_caps|allowlist:FAIL:not_on_mint_allowlist|mode:pass:paper|contract:FAIL:hermes_integration_i0_ftn_never_actionable,
2026-07-09,US100,ny_am,True,REV,named_extreme_raid+htf_pd+mss,2026-07-09T07:45:00,bearish,29463.431,29515.12,allowlist:not_on_mint_allowlist,pdh,bullish,qualified,D_FVG_bear_2026-07-08,,,,,,sha256:c195ea411a6d37df,kernel_ticket:pass:kernel_session_ticket|direction:pass:determined|risk:pass:within_caps|allowlist:FAIL:not_on_mint_allowlist|mode:pass:paper|contract:FAIL:hermes_integration_i0_ftn_never_actionable,
2026-07-10,US100,london,False,,no_selected_candidate,,,,,,,,,,,,,,,,,
2026-07-10,US100,ny_am,False,,no_selected_candidate,,,,,,,,,,,,,,,,,
2026-07-13,US100,london,False,,no_selected_candidate,,,,,,,,,,,,,,,,,
2026-07-13,US100,ny_am,True,REV,named_extreme_raid+htf_pd+mss,2026-07-13T07:15:00,bullish,29556.272,29333.831,allowlist:not_on_mint_allowlist,pdl,bullish,qualified,D_FVG_bull_2026-07-10,,,,,,sha256:0166dfffb02abd56,kernel_ticket:pass:kernel_session_ticket|direction:pass:determined|risk:pass:within_caps|allowlist:FAIL:not_on_mint_allowlist|mode:pass:paper|contract:FAIL:hermes_integration_i0_ftn_never_actionable,
2026-07-14,US100,london,False,,no_selected_candidate,,,,,,,,,,,,,,,,,
2026-07-14,US100,ny_am,False,,no_selected_candidate,,,,,,,,,,,,,,,,,
2026-07-15,US100,london,True,REV,named_extreme_raid+htf_pd+mss,2026-07-15T02:15:00,bearish,29842.398,29859.31,allowlist:not_on_mint_allowlist,pdh,bullish,aligned,D_FVG_bull_2026-06-30,,,,,,sha256:dfde0a5f022484de,kernel_ticket:pass:kernel_session_ticket|direction:pass:determined|risk:pass:within_caps|allowlist:FAIL:not_on_mint_allowlist|mode:pass:paper|contract:FAIL:hermes_integration_i0_ftn_never_actionable,
2026-07-15,US100,ny_am,False,,no_selected_candidate,,,,,,,,,,,,,,,,,
2026-07-16,US100,london,False,,no_selected_candidate,,,,,,,,,,,,,,,,,
2026-07-16,US100,ny_am,True,REV,named_extreme_raid+htf_pd+mss,2026-07-16T09:15:00,bullish,29255.497,29167.075,allowlist:not_on_mint_allowlist,pdl,bearish,aligned,D_FVG_bear_2026-07-08,,,,,,sha256:069f98cec39eca15,kernel_ticket:pass:kernel_session_ticket|direction:pass:determined|risk:pass:within_caps|allowlist:FAIL:not_on_mint_allowlist|mode:pass:paper|contract:FAIL:hermes_integration_i0_ftn_never_actionable,
2026-07-17,US100,london,True,REV,named_extreme_raid+htf_pd+mss,2026-07-17T02:15:00,bullish,28569.62,28534.631,allowlist:not_on_mint_allowlist,pdl,bearish,aligned,D_FVG_bear_2026-07-08,,,,,,sha256:71f2b23edcc6644c,kernel_ticket:pass:kernel_session_ticket|direction:pass:determined|risk:pass:within_caps|allowlist:FAIL:not_on_mint_allowlist|mode:pass:paper|contract:FAIL:hermes_integration_i0_ftn_never_actionable,
2026-07-17,US100,ny_am,True,REV,named_extreme_raid+htf_pd+mss,2026-07-17T07:15:00,bullish,28569.976,28361.389,allowlist:not_on_mint_allowlist,pdl,bearish,qualified,D_FVG_bear_2026-07-08,,,,,,sha256:228352fe1d90c1d1,kernel_ticket:pass:kernel_session_ticket|direction:pass:determined|risk:pass:within_caps|allowlist:FAIL:not_on_mint_allowlist|mode:pass:paper|contract:FAIL:hermes_integration_i0_ftn_never_actionable,
2026-07-20,US100,london,False,,no_selected_candidate,,,,,,,,,,,,,,,,,
2026-07-20,US100,ny_am,False,,no_selected_candidate,,,,,,,,,,,,,,,,,
2026-07-21,US100,london,False,,no_selected_candidate,,,,,,,,,,,,,,,,,
2026-07-21,US100,ny_am,True,REV,named_extreme_raid+htf_pd+mss,2026-07-21T10:00:00,bearish,28981.421,29076.409,allowlist:not_on_mint_allowlist,pdh,bearish,aligned,D_FVG_bear_2026-07-17,,,,,,sha256:a6cdf1d67391776d,kernel_ticket:pass:kernel_session_ticket|direction:pass:determined|risk:pass:within_caps|allowlist:FAIL:not_on_mint_allowlist|mode:pass:paper|contract:FAIL:hermes_integration_i0_ftn_never_actionable,
2026-07-22,US100,london,False,,no_selected_candidate,,,,,,,,,,,,,,,,,
2026-07-22,US100,ny_am,False,,no_selected_candidate,,,,,,,,,,,,,,,,,
2026-07-23,US100,london,True,REV,named_extreme_raid+htf_pd+mss,2026-07-23T03:45:00,bullish,28773.519,28769.91,allowlist:not_on_mint_allowlist,pdl,bearish,aligned,D_FVG_bear_2026-07-17,,,,,,sha256:6b614fde19152c59,kernel_ticket:pass:kernel_session_ticket|direction:pass:determined|risk:pass:within_caps|allowlist:FAIL:not_on_mint_allowlist|mode:pass:paper|contract:FAIL:hermes_integration_i0_ftn_never_actionable,
2026-07-23,US100,ny_am,True,REV,named_extreme_raid+htf_pd+mss,2026-07-23T07:15:00,bullish,28890.353,28754.054,allowlist:not_on_mint_allowlist,pdl,bearish,qualified,D_FVG_bear_2026-07-17,,,,,,sha256:f2714debdff67f57,kernel_ticket:pass:kernel_session_ticket|direction:pass:determined|risk:pass:within_caps|allowlist:FAIL:not_on_mint_allowlist|mode:pass:paper|contract:FAIL:hermes_integration_i0_ftn_never_actionable,
2026-07-24,US100,london,False,,no_selected_candidate,,,,,,,,,,,,,,,,,
2026-07-24,US100,ny_am,False,,no_selected_candidate,,,,,,,,,,,,,,,,,
2026-07-27,US100,london,False,,no_selected_candidate,,,,,,,,,,,,,,,,,
2026-07-27,US100,ny_am,True,REV,named_extreme_raid+htf_pd+mss,2026-07-27T10:00:00,bearish,28193.409,28610.589,allowlist:not_on_mint_allowlist,pdh,bearish,aligned,D_FVG_bear_2026-07-24,,,,,,sha256:78251c43f6e96850,kernel_ticket:pass:kernel_session_ticket|direction:pass:determined|risk:pass:within_caps|allowlist:FAIL:not_on_mint_allowlist|mode:pass:paper|contract:FAIL:hermes_integration_i0_ftn_never_actionable,
2026-07-28,US100,london,True,REV,named_extreme_raid+htf_pd+mss,2026-07-28T04:15:00,bullish,27737.01,27686.832,allowlist:not_on_mint_allowlist,pdl,bearish,aligned,D_FVG_bear_2026-07-24,,,,,,sha256:a6f4d53b0e68bd16,kernel_ticket:pass:kernel_session_ticket|direction:pass:determined|risk:pass:within_caps|allowlist:FAIL:not_on_mint_allowlist|mode:pass:paper|contract:FAIL:hermes_integration_i0_ftn_never_actionable,
2026-07-28,US100,ny_am,True,REV,named_extreme_raid+htf_pd+mss,2026-07-28T10:00:00,bullish,27515.976,27494.421,allowlist:not_on_mint_allowlist,pdl,bearish,aligned,D_FVG_bear_2026-07-24,,,,,,sha256:7a0da33d1250fa63,kernel_ticket:pass:kernel_session_ticket|direction:pass:determined|risk:pass:within_caps|allowlist:FAIL:not_on_mint_allowlist|mode:pass:paper|contract:FAIL:hermes_integration_i0_ftn_never_actionable,
2026-07-29,US100,london,False,,no_selected_candidate,,,,,,,,,,,,,,,,,
2026-07-29,US100,ny_am,False,,no_selected_candidate,,,,,,,,,,,,,,,,,
2026-07-30,US100,london,False,,no_selected_candidate,,,,,,,,,,,,,,,,,
2026-07-30,US100,ny_am,False,,no_selected_candidate,,,,,,,,,,,,,,,,,
2026-07-31,US100,london,False,,no_selected_candidate,,,,,,,,,,,,,,,,,
2026-07-31,US100,ny_am,False,,no_selected_candidate,,,,,,,,,,,,,,,,,
2026-08-03,US100,london,False,,no_selected_candidate,,,,,,,,,,,,,,,,,
2026-08-03,US100,ny_am,False,,no_selected_candidate,,,,,,,,,,,,,,,,,
2026-08-04,US100,london,True,REV,named_extreme_raid+htf_pd+mss,2026-08-04T03:15:00,bearish,28946.375,28978.554,allowlist:not_on_mint_allowlist,pdh,bullish,qualified,D_FVG_bear_2026-07-24,,,,,,sha256:bbf21715506bd6e5,kernel_ticket:pass:kernel_session_ticket|direction:pass:determined|risk:pass:within_caps|allowlist:FAIL:not_on_mint_allowlist|mode:pass:paper|contract:FAIL:hermes_integration_i0_ftn_never_actionable,
2026-08-04,US100,ny_am,True,REV,named_extreme_raid+htf_pd+mss,2026-08-04T07:15:00,bearish,29021.131,29027.453,allowlist:not_on_mint_allowlist,pdh,bullish,aligned,D_FVG_bear_2026-07-24,,,,,,sha256:392d29d5369e45b6,kernel_ticket:pass:kernel_session_ticket|direction:pass:determined|risk:pass:within_caps|allowlist:FAIL:not_on_mint_allowlist|mode:pass:paper|contract:FAIL:hermes_integration_i0_ftn_never_actionable,
2026-08-05,US100,london,True,REV,named_extreme_raid+htf_pd+mss,2026-08-05T02:30:00,bearish,29804.497,29865.553,allowlist:not_on_mint_allowlist,pdh,bullish,aligned,D_FVG_bull_2026-07-10,,,,,,sha256:0feb1ca940fc6b41,kernel_ticket:pass:kernel_session_ticket|direction:pass:determined|risk:pass:within_caps|allowlist:FAIL:not_on_mint_allowlist|mode:pass:paper|contract:FAIL:hermes_integration_i0_ftn_never_actionable,
2026-08-05,US100,ny_am,True,REV,named_extreme_raid+htf_pd+mss,2026-08-05T10:00:00,bearish,29924.053,29948.189,allowlist:not_on_mint_allowlist,pdh,bullish,aligned,D_FVG_bull_2026-07-10,,,,,,sha256:490cb4602d6d48b9,kernel_ticket:pass:kernel_session_ticket|direction:pass:determined|risk:pass:within_caps|allowlist:FAIL:not_on_mint_allowlist|mode:pass:paper|contract:FAIL:hermes_integration_i0_ftn_never_actionable,
2026-08-06,US100,london,False,,no_selected_candidate,,,,,,,,,,,,,,,,,
2026-08-06,US100,ny_am,True,REV,named_extreme_raid+htf_pd+mss,2026-08-06T07:15:00,bullish,29296.443,29241.531,allowlist:not_on_mint_allowlist,pdl,bearish,aligned,D_FVG_bull_2026-07-10,,,,,,sha256:0af5883a58d40897,kernel_ticket:pass:kernel_session_ticket|direction:pass:determined|risk:pass:within_caps|allowlist:FAIL:not_on_mint_allowlist|mode:pass:paper|contract:FAIL:hermes_integration_i0_ftn_never_actionable,
2026-08-07,US100,london,False,,no_selected_candidate,,,,,,,,,,,,,,,,,
2026-08-07,US100,ny_am,False,,no_selected_candidate,,,,,,,,,,,,,,,,,
2026-08-10,US100,london,True,REV,named_extreme_raid+htf_pd+mss,2026-08-10T02:30:00,bearish,29801.042,29850.265,allowlist:not_on_mint_allowlist,pdh,bullish,aligned,D_FVG_bull_2026-08-05,,,,,,sha256:50e34133e5debeba,kernel_ticket:pass:kernel_session_ticket|direction:pass:determined|risk:pass:within_caps|allowlist:FAIL:not_on_mint_allowlist|mode:pass:paper|contract:FAIL:hermes_integration_i0_ftn_never_actionable,
2026-08-10,US100,ny_am,True,REV,named_extreme_raid+htf_pd+mss,2026-08-10T07:15:00,bearish,29763.854,29871.699,allowlist:not_on_mint_allowlist,pdh,bullish,qualified,D_FVG_bull_2026-08-05,,,,,,sha256:f73416faf21f1e05,kernel_ticket:pass:kernel_session_ticket|direction:pass:determined|risk:pass:within_caps|allowlist:FAIL:not_on_mint_allowlist|mode:pass:paper|contract:FAIL:hermes_integration_i0_ftn_never_actionable,
2026-08-11,US100,london,False,,no_selected_candidate,,,,,,,,,,,,,,,,,
2026-08-11,US100,ny_am,False,,no_selected_candidate,,,,,,,,,,,,,,,,,
2026-08-12,US100,london,False,,no_selected_candidate,,,,,,,,,,,,,,,,,
2026-08-12,US100,ny_am,False,,no_selected_candidate,,,,,,,,,,,,,,,,,
2026-08-13,US100,london,False,,no_selected_candidate,,,,,,,,,,,,,,,,,
2026-08-13,US100,ny_am,True,REV,named_extreme_raid+htf_pd+mss,2026-08-13T10:00:00,bearish,30073.589,30078.589,allowlist:not_on_mint_allowlist,pdh,bullish,aligned,D_FVG_bull_2026-08-10,,,,,,sha256:d18703083e4e5e47,kernel_ticket:pass:kernel_session_ticket|direction:pass:determined|risk:pass:within_caps|allowlist:FAIL:not_on_mint_allowlist|mode:pass:paper|contract:FAIL:hermes_integration_i0_ftn_never_actionable,
2026-08-14,US100,london,False,,no_selected_candidate,,,,,,,,,,,,,,,,,
2026-08-14,US100,ny_am,True,REV,named_extreme_raid+htf_pd+mss,2026-08-14T08:15:00,bearish,30139.409,30183.064,allowlist:not_on_mint_allowlist,pdh,bullish,aligned,D_FVG_bull_2026-08-10,,,,,,sha256:e5fa06c80f59dff4,kernel_ticket:pass:kernel_session_ticket|direction:pass:determined|risk:pass:within_caps|allowlist:FAIL:not_on_mint_allowlist|mode:pass:paper|contract:FAIL:hermes_integration_i0_ftn_never_actionable,
2026-08-17,US100,london,False,,no_selected_candidate,,,,,,,,,,,,,,,,,
2026-08-17,US100,ny_am,False,,no_selected_candidate,,,,,,,,,,,,,,,,,
2026-08-18,US100,london,True,REV,named_extreme_raid+htf_pd+mss,2026-08-18T02:15:00,bullish,29743.376,29692.321,allowlist:not_on_mint_allowlist,pdl,bearish,aligned,D_FVG_bull_2026-08-14,,,,,,sha256:067d87d15c4b8939,kernel_ticket:pass:kernel_session_ticket|direction:pass:determined|risk:pass:within_caps|allowlist:FAIL:not_on_mint_allowlist|mode:pass:paper|contract:FAIL:hermes_integration_i0_ftn_never_actionable,
2026-08-18,US100,ny_am,True,REV,named_extreme_raid+htf_pd+mss,2026-08-18T07:15:00,bullish,29675.753,29593.92,allowlist:not_on_mint_allowlist,pdl,bearish,qualified,D_FVG_bull_2026-08-14,,,,,,sha256:e4cac9977e88cb5b,kernel_ticket:pass:kernel_session_ticket|direction:pass:determined|risk:pass:within_caps|allowlist:FAIL:not_on_mint_allowlist|mode:pass:paper|contract:FAIL:hermes_integration_i0_ftn_never_actionable,
2026-08-19,US100,london,True,REV,named_extreme_raid+htf_pd+mss,2026-08-19T02:30:00,bullish,29394.508,29342.219,allowlist:not_on_mint_allowlist,pdl,bearish,aligned,D_FVG_bull_2026-08-10,,,,,,sha256:d0d5a564bef6fc82,kernel_ticket:pass:kernel_session_ticket|direction:pass:determined|risk:pass:within_caps|allowlist:FAIL:not_on_mint_allowlist|mode:pass:paper|contract:FAIL:hermes_integration_i0_ftn_never_actionable,
2026-08-19,US100,ny_am,True,REV,named_extreme_raid+htf_pd+mss,2026-08-19T10:00:00,bullish,29406.776,29319.954,allowlist:not_on_mint_allowlist,pdl,bearish,aligned,D_FVG_bull_2026-08-10,,,,,,sha256:f50232ca9835604c,kernel_ticket:pass:kernel_session_ticket|direction:pass:determined|risk:pass:within_caps|allowlist:FAIL:not_on_mint_allowlist|mode:pass:paper|contract:FAIL:hermes_integration_i0_ftn_never_actionable,
2026-08-20,US100,london,False,,no_selected_candidate,,,,,,,,,,,,,,,,,
2026-08-20,US100,ny_am,True,REV,named_extreme_raid+htf_pd+mss,2026-08-20T08:15:00,bullish,29180.119,29170.408,allowlist:not_on_mint_allowlist,pdl,bearish,aligned,D_FVG_bull_2026-08-10,,,,,,sha256:165a0aee22ef4170,kernel_ticket:pass:kernel_session_ticket|direction:pass:determined|risk:pass:within_caps|allowlist:FAIL:not_on_mint_allowlist|mode:pass:paper|contract:FAIL:hermes_integration_i0_ftn_never_actionable,
2026-08-21,US100,london,False,,no_selected_candidate,,,,,,,,,,,,,,,,,
2026-08-21,US100,ny_am,False,,no_selected_candidate,,,,,,,,,,,,,,,,,
2026-08-24,US100,london,False,,no_selected_candidate,,,,,,,,,,,,,,,,,
2026-08-24,US100,ny_am,True,REV,named_extreme_raid+htf_pd+mss,2026-08-24T07:15:00,bullish,29091.486,29039.209,allowlist:not_on_mint_allowlist,pdl,bullish,qualified,D_FVG_bull_2026-08-04,,,,,,sha256:affdf6ebc5fdedb4,kernel_ticket:pass:kernel_session_ticket|direction:pass:determined|risk:pass:within_caps|allowlist:FAIL:not_on_mint_allowlist|mode:pass:paper|contract:FAIL:hermes_integration_i0_ftn_never_actionable,
2026-08-25,US100,london,False,,no_selected_candidate,,,,,,,,,,,,,,,,,
2026-08-25,US100,ny_am,False,,no_selected_candidate,,,,,,,,,,,,,,,,,
2026-08-26,US100,london,False,,no_selected_candidate,,,,,,,,,,,,,,,,,
2026-08-26,US100,ny_am,False,,no_selected_candidate,,,,,,,,,,,,,,,,,
2026-08-27,US100,london,False,,no_selected_candidate,,,,,,,,,,,,,,,,,
2026-08-27,US100,ny_am,True,REV,named_extreme_raid+htf_pd+mss,2026-08-27T07:15:00,bearish,29552.198,29597.41,allowlist:not_on_mint_allowlist,pdh,bullish,qualified,D_FVG_bull_2026-08-05,,,,,,sha256:7890edecaab4c60f,kernel_ticket:pass:kernel_session_ticket|direction:pass:determined|risk:pass:within_caps|allowlist:FAIL:not_on_mint_allowlist|mode:pass:paper|contract:FAIL:hermes_integration_i0_ftn_never_actionable,
2026-08-28,US100,london,False,,no_selected_candidate,,,,,,,,,,,,,,,,,
2026-08-28,US100,ny_am,False,,no_selected_candidate,,,,,,,,,,,,,,,,,
2026-08-31,US100,london,False,,no_selected_candidate,,,,,,,,,,,,,,,,,
2026-08-31,US100,ny_am,True,REV,named_extreme_raid+htf_pd+mss,2026-08-31T07:15:00,bullish,29385.819,29279.531,allowlist:not_on_mint_allowlist,pdl,bearish,qualified,D_FVG_bull_2026-08-10,,,,,,sha256:8e40d27cde4a8deb,kernel_ticket:pass:kernel_session_ticket|direction:pass:determined|risk:pass:within_caps|allowlist:FAIL:not_on_mint_allowlist|mode:pass:paper|contract:FAIL:hermes_integration_i0_ftn_never_actionable,
2026-09-01,US100,london,False,,no_selected_candidate,,,,,,,,,,,,,,,,,
2026-09-01,US100,ny_am,False,,no_selected_candidate,,,,,,,,,,,,,,,,,
2026-09-02,US100,london,False,,no_selected_candidate,,,,,,,,,,,,,,,,,
2026-09-02,US100,ny_am,True,REV,named_extreme_raid+htf_pd+mss,2026-09-02T07:15:00,bullish,28971.221,28880.309,allowlist:not_on_mint_allowlist,pdl,bearish,qualified,D_FVG_bull_2026-08-28,,,,,,sha256:7f21afa980c26ec2,kernel_ticket:pass:kernel_session_ticket|direction:pass:determined|risk:pass:within_caps|allowlist:FAIL:not_on_mint_allowlist|mode:pass:paper|contract:FAIL:hermes_integration_i0_ftn_never_actionable,
2026-09-03,US100,london,False,,no_selected_candidate,,,,,,,,,,,,,,,,,
2026-09-03,US100,ny_am,True,REV,named_extreme_raid+htf_pd+mss,2026-09-03T10:00:00,bearish,29288.476,29331.021,allowlist:not_on_mint_allowlist,pdh,bullish,aligned,D_FVG_bear_2026-09-02,,,,,,sha256:cf1da97b4264a21e,kernel_ticket:pass:kernel_session_ticket|direction:pass:determined|risk:pass:within_caps|allowlist:FAIL:not_on_mint_allowlist|mode:pass:paper|contract:FAIL:hermes_integration_i0_ftn_never_actionable,
2026-09-04,US100,london,True,REV,named_extreme_raid+htf_pd+mss,2026-09-04T02:45:00,bearish,29561.575,29602.599,allowlist:not_on_mint_allowlist,pdh,bullish,aligned,D_FVG_bull_2026-08-28,,,,,,sha256:cf88e3de6efbab00,kernel_ticket:pass:kernel_session_ticket|direction:pass:determined|risk:pass:within_caps|allowlist:FAIL:not_on_mint_allowlist|mode:pass:paper|contract:FAIL:hermes_integration_i0_ftn_never_actionable,
2026-09-04,US100,ny_am,True,REV,named_extreme_raid+htf_pd+mss,2026-09-04T07:15:00,bearish,29617.221,29661.054,allowlist:not_on_mint_allowlist,pdh,bullish,aligned,D_FVG_bull_2026-08-10,,,,,,sha256:7c198e1cdee200b5,kernel_ticket:pass:kernel_session_ticket|direction:pass:determined|risk:pass:within_caps|allowlist:FAIL:not_on_mint_allowlist|mode:pass:paper|contract:FAIL:hermes_integration_i0_ftn_never_actionable,
2026-09-08,US100,london,False,,no_selected_candidate,,,,,,,,,,,,,,,,,
2026-09-08,US100,ny_am,False,,no_selected_candidate,,,,,,,,,,,,,,,,,
2026-09-09,US100,london,False,,no_selected_candidate,,,,,,,,,,,,,,,,,
2026-09-09,US100,ny_am,True,REV,named_extreme_raid+htf_pd+mss,2026-09-09T07:15:00,bullish,29382.543,29343.054,allowlist:not_on_mint_allowlist,pdl,bearish,aligned,D_FVG_bear_2026-08-19,,,,,,sha256:d5734c1f80acf1cf,kernel_ticket:pass:kernel_session_ticket|direction:pass:determined|risk:pass:within_caps|allowlist:FAIL:not_on_mint_allowlist|mode:pass:paper|contract:FAIL:hermes_integration_i0_ftn_never_actionable,
2026-09-10,US100,london,False,,no_selected_candidate,,,,,,,,,,,,,,,,,
2026-09-10,US100,ny_am,True,REV,named_extreme_raid+htf_pd+mss,2026-09-10T08:00:00,bullish,29238.253,29237.253,allowlist:not_on_mint_allowlist,pdl,bearish,aligned,D_FVG_bull_2026-08-28,,,,,,sha256:37184baffee2a906,kernel_ticket:pass:kernel_session_ticket|direction:pass:determined|risk:pass:within_caps|allowlist:FAIL:not_on_mint_allowlist|mode:pass:paper|contract:FAIL:hermes_integration_i0_ftn_never_actionable,
2026-09-11,US100,london,False,,no_selected_candidate,,,,,,,,,,,,,,,,,
2026-09-11,US100,ny_am,False,,no_selected_candidate,,,,,,,,,,,,,,,,,
2026-09-14,US100,london,False,,no_selected_candidate,,,,,,,,,,,,,,,,,
2026-09-14,US100,ny_am,False,,no_selected_candidate,,,,,,,,,,,,,,,,,
2026-09-15,US100,london,False,,no_selected_candidate,,,,,,,,,,,,,,,,,
2026-09-15,US100,ny_am,False,,no_selected_candidate,,,,,,,,,,,,,,,,,
2026-09-16,US100,london,False,,no_selected_candidate,,,,,,,,,,,,,,,,,
2026-09-16,US100,ny_am,False,,no_selected_candidate,,,,,,,,,,,,,,,,,
2026-09-17,US100,london,False,,no_selected_candidate,,,,,,,,,,,,,,,,,
2026-09-17,US100,ny_am,False,,no_selected_candidate,,,,,,,,,,,,,,,,,
2026-09-18,US100,london,True,REV,named_extreme_raid+htf_pd+mss,2026-09-18T02:15:00,bearish,29585.408,29588.365,allowlist:not_on_mint_allowlist,pdh,bullish,aligned,D_FVG_bull_2026-08-28,,,,,,sha256:fd09ca2dc936940e,kernel_ticket:pass:kernel_session_ticket|direction:pass:determined|risk:pass:within_caps|allowlist:FAIL:not_on_mint_allowlist|mode:pass:paper|contract:FAIL:hermes_integration_i0_ftn_never_actionable,
2026-09-18,US100,ny_am,False,,no_selected_candidate,,,,,,,,,,,,,,,,,
2026-09-21,US100,london,True,REV,named_extreme_raid+htf_pd+mss,2026-09-21T02:15:00,bearish,29824.119,29833.786,allowlist:not_on_mint_allowlist,pdh,bullish,aligned,D_FVG_bull_2026-08-28,,,,,,sha256:50846382450447fa,kernel_ticket:pass:kernel_session_ticket|direction:pass:determined|risk:pass:within_caps|allowlist:FAIL:not_on_mint_allowlist|mode:pass:paper|contract:FAIL:hermes_integration_i0_ftn_never_actionable,
2026-09-21,US100,ny_am,True,REV,named_extreme_raid+htf_pd+mss,2026-09-21T07:15:00,bearish,29944.743,29978.02,allowlist:not_on_mint_allowlist,pdh,bullish,aligned,D_FVG_bull_2026-08-28,,,,,,sha256:0dbaf1b4c42569cc,kernel_ticket:pass:kernel_session_ticket|direction:pass:determined|risk:pass:within_caps|allowlist:FAIL:not_on_mint_allowlist|mode:pass:paper|contract:FAIL:hermes_integration_i0_ftn_never_actionable,
2026-09-22,US100,london,False,,no_selected_candidate,,,,,,,,,,,,,,,,,
2026-09-22,US100,ny_am,True,REV,named_extreme_raid+htf_pd+mss,2026-09-22T07:15:00,bearish,30490.275,30571.464,allowlist:not_on_mint_allowlist,pdh,bullish,qualified,D_FVG_bull_2026-09-21,,,,,,sha256:8cf189ec5c9bcda3,kernel_ticket:pass:kernel_session_ticket|direction:pass:determined|risk:pass:within_caps|allowlist:FAIL:not_on_mint_allowlist|mode:pass:paper|contract:FAIL:hermes_integration_i0_ftn_never_actionable,
2026-09-23,US100,london,True,REV,named_extreme_raid+htf_pd+mss,2026-09-23T03:00:00,bearish,30752.586,30798.01,allowlist:not_on_mint_allowlist,pdh,bullish,aligned,D_FVG_bull_2026-09-22,,,,,,sha256:7ca8530a510503ac,kernel_ticket:pass:kernel_session_ticket|direction:pass:determined|risk:pass:within_caps|allowlist:FAIL:not_on_mint_allowlist|mode:pass:paper|contract:FAIL:hermes_integration_i0_ftn_never_actionable,
2026-09-23,US100,ny_am,False,,no_selected_candidate,,,,,,,,,,,,,,,,,
2026-09-24,US100,london,False,,no_selected_candidate,,,,,,,,,,,,,,,,,
2026-09-24,US100,ny_am,False,,no_selected_candidate,,,,,,,,,,,,,,,,,
2026-09-25,US100,london,False,,no_selected_candidate,,,,,,,,,,,,,,,,,
2026-09-25,US100,ny_am,False,,no_selected_candidate,,,,,,,,,,,,,,,,,
