date,symbol,session,ticket,module,reason,entry_time,direction,entry,stop,blocked_by,raid_level,iof_state,iof_confidence,origin_pd_array,R,R_gross,exit,risk_pts,cost_R,fingerprint,gates,features
2025-09-25,US100,ny_am,True,REV,named_extreme_raid+htf_pd+mss,2025-09-25T09:45:00,bullish,24191.358,24184.803,allowlist:not_on_mint_allowlist,pdl,bearish,aligned,D_FVG_bull_2025-09-19,1.7559115179252587,2.0,target,6.555000000000291,0.24408848207474126,sha256:2189c129b23c3c90,kernel_ticket:pass:kernel_session_ticket|direction:pass:determined|risk:pass:within_caps|allowlist:FAIL:not_on_mint_allowlist|mode:pass:paper|contract:FAIL:hermes_integration_i0_ftn_never_actionable,"{""m1_correct_side_of_eq"": true, ""m2_false_breakout"": false, ""m4_fvg_in_displacement"": false, ""m3_iof_aligned"": true, ""m5_ipda20_discount"": false, ""m6_with_20d_swing"": true, ""m7_osok_profile"": false, ""m8_cbdr_tight"": true, ""m8_ny_continues_london"": false, ""m10_us500_confirms"": false, ""m11_smt_divergence"": false, ""m12_topdown_agree"": false, ""m13_bridge_window_fvg"": false}"
2025-09-29,US100,london,True,REV,named_extreme_raid+htf_pd+mss,2025-09-29T02:15:00,bearish,24600.243,24611.819,allowlist:not_on_mint_allowlist,pdh,bullish,qualified,D_FVG_bull_2025-09-19,-1.138217000691074,-1.0,stop,11.576000000000931,0.1382170006910739,sha256:4c48325977690374,kernel_ticket:pass:kernel_session_ticket|direction:pass:determined|risk:pass:within_caps|allowlist:FAIL:not_on_mint_allowlist|mode:pass:paper|contract:FAIL:hermes_integration_i0_ftn_never_actionable,"{""m1_correct_side_of_eq"": true, ""m2_false_breakout"": false, ""m4_fvg_in_displacement"": false, ""m3_iof_aligned"": false, ""m5_ipda20_discount"": true, ""m6_with_20d_swing"": false, ""m7_osok_profile"": true, ""m8_cbdr_tight"": true, ""m8_ny_continues_london"": null, ""m10_us500_confirms"": false, ""m11_smt_divergence"": false, ""m12_topdown_agree"": false, ""m13_bridge_window_fvg"": false}"
2025-09-29,US100,ny_am,True,REV,named_extreme_raid+htf_pd+mss,2025-09-29T07:15:00,bearish,24636.697,24678.149,allowlist:not_on_mint_allowlist,pdh,bullish,aligned,D_FVG_bull_2025-09-19,-1.0385988613335897,-1.0,stop,41.452000000001135,0.038598861333589606,sha256:7c82a87a32ca4631,kernel_ticket:pass:kernel_session_ticket|direction:pass:determined|risk:pass:within_caps|allowlist:FAIL:not_on_mint_allowlist|mode:pass:paper|contract:FAIL:hermes_integration_i0_ftn_never_actionable,"{""m1_correct_side_of_eq"": true, ""m2_false_breakout"": false, ""m4_fvg_in_displacement"": false, ""m3_iof_aligned"": true, ""m5_ipda20_discount"": true, ""m6_with_20d_swing"": false, ""m7_osok_profile"": true, ""m8_cbdr_tight"": true, ""m8_ny_continues_london"": false, ""m10_us500_confirms"": false, ""m11_smt_divergence"": false, ""m12_topdown_agree"": false, ""m13_bridge_window_fvg"": false}"
2025-10-01,US100,ny_am,True,REV,named_extreme_raid+htf_pd+mss,2025-10-01T10:00:00,bullish,24553.069,24411.522,allowlist:not_on_mint_allowlist,pdl,bullish,qualified,D_FVG_bull_2025-09-19,1.6840554727405317,1.6953591386606854,time,141.54699999999866,0.011303665920153838,sha256:78d1f7365bfe7d5d,kernel_ticket:pass:kernel_session_ticket|direction:pass:determined|risk:pass:within_caps|allowlist:FAIL:not_on_mint_allowlist|mode:pass:paper|contract:FAIL:hermes_integration_i0_ftn_never_actionable,"{""m1_correct_side_of_eq"": true, ""m2_false_breakout"": false, ""m4_fvg_in_displacement"": true, ""m3_iof_aligned"": false, ""m5_ipda20_discount"": false, ""m6_with_20d_swing"": true, ""m7_osok_profile"": true, ""m8_cbdr_tight"": false, ""m8_ny_continues_london"": false, ""m10_us500_confirms"": true, ""m11_smt_divergence"": false, ""m12_topdown_agree"": false, ""m13_bridge_window_fvg"": true}"
2025-10-02,US100,ny_am,True,REV,named_extreme_raid+htf_pd+mss,2025-10-02T07:15:00,bearish,24918.272,24921.958,allowlist:not_on_mint_allowlist,pdh,bullish,aligned,D_FVG_bull_2025-09-19,-1.4340748779166907,-1.0,stop,3.6859999999978754,0.4340748779166908,sha256:e2f925b872aa68b3,kernel_ticket:pass:kernel_session_ticket|direction:pass:determined|risk:pass:within_caps|allowlist:FAIL:not_on_mint_allowlist|mode:pass:paper|contract:FAIL:hermes_integration_i0_ftn_never_actionable,"{""m1_correct_side_of_eq"": true, ""m2_false_breakout"": false, ""m4_fvg_in_displacement"": true, ""m3_iof_aligned"": true, ""m5_ipda20_discount"": true, ""m6_with_20d_swing"": false, ""m7_osok_profile"": false, ""m8_cbdr_tight"": true, ""m8_ny_continues_london"": false, ""m10_us500_confirms"": false, ""m11_smt_divergence"": false, ""m12_topdown_agree"": false, ""m13_bridge_window_fvg"": false}"
2025-10-03,US100,london,True,REV,named_extreme_raid+htf_pd+mss,2025-10-03T02:15:00,bearish,24965.816,24984.249,allowlist:not_on_mint_allowlist,pdh,bullish,qualified,D_FVG_bull_2025-10-02,-1.0868008463082472,-1.0,stop,18.433000000000902,0.08680084630824726,sha256:1c531c361861345f,kernel_ticket:pass:kernel_session_ticket|direction:pass:determined|risk:pass:within_caps|allowlist:FAIL:not_on_mint_allowlist|mode:pass:paper|contract:FAIL:hermes_integration_i0_ftn_never_actionable,"{""m1_correct_side_of_eq"": true, ""m2_false_breakout"": true, ""m4_fvg_in_displacement"": true, ""m3_iof_aligned"": false, ""m5_ipda20_discount"": true, ""m6_with_20d_swing"": false, ""m7_osok_profile"": false, ""m8_cbdr_tight"": true, ""m8_ny_continues_london"": null, ""m10_us500_confirms"": false, ""m11_smt_divergence"": false, ""m12_topdown_agree"": false, ""m13_bridge_window_fvg"": false}"
2025-10-03,US100,ny_am,True,REV,named_extreme_raid+htf_pd+mss,2025-10-03T07:15:00,bearish,24949.772,24988.544,allowlist:not_on_mint_allowlist,pdh,bullish,qualified,D_FVG_bull_2025-10-02,1.9587331063654192,2.0,target,38.772000000000844,0.04126689363458076,sha256:6a99ca288908781b,kernel_ticket:pass:kernel_session_ticket|direction:pass:determined|risk:pass:within_caps|allowlist:FAIL:not_on_mint_allowlist|mode:pass:paper|contract:FAIL:hermes_integration_i0_ftn_never_actionable,"{""m1_correct_side_of_eq"": true, ""m2_false_breakout"": true, ""m4_fvg_in_displacement"": true, ""m3_iof_aligned"": false, ""m5_ipda20_discount"": true, ""m6_with_20d_swing"": false, ""m7_osok_profile"": false, ""m8_cbdr_tight"": true, ""m8_ny_continues_london"": false, ""m10_us500_confirms"": true, ""m11_smt_divergence"": false, ""m12_topdown_agree"": false, ""m13_bridge_window_fvg"": false}"
2025-10-07,US100,ny_am,True,REV,named_extreme_raid+htf_pd+mss,2025-10-07T09:15:00,bearish,25035.794,25068.149,allowlist:not_on_mint_allowlist,pdh,bullish,aligned,D_FVG_bull_2025-10-02,1.950548601452634,2.0,target,32.35499999999956,0.04945139854736584,sha256:2074fc478f3bbc4f,kernel_ticket:pass:kernel_session_ticket|direction:pass:determined|risk:pass:within_caps|allowlist:FAIL:not_on_mint_allowlist|mode:pass:paper|contract:FAIL:hermes_integration_i0_ftn_never_actionable,"{""m1_correct_side_of_eq"": true, ""m2_false_breakout"": false, ""m4_fvg_in_displacement"": false, ""m3_iof_aligned"": true, ""m5_ipda20_discount"": true, ""m6_with_20d_swing"": false, ""m7_osok_profile"": true, ""m8_cbdr_tight"": false, ""m8_ny_continues_london"": false, ""m10_us500_confirms"": true, ""m11_smt_divergence"": false, ""m12_topdown_agree"": false, ""m13_bridge_window_fvg"": false}"
2025-10-09,US100,london,True,REV,named_extreme_raid+htf_pd+mss,2025-10-09T02:30:00,bearish,25149.37,25169.653,allowlist:not_on_mint_allowlist,pdh,bullish,aligned,D_FVG_bull_2025-10-02,1.9211162056894915,2.0,target,20.282999999999447,0.07888379431050849,sha256:17e8b4fc743b511c,kernel_ticket:pass:kernel_session_ticket|direction:pass:determined|risk:pass:within_caps|allowlist:FAIL:not_on_mint_allowlist|mode:pass:paper|contract:FAIL:hermes_integration_i0_ftn_never_actionable,"{""m1_correct_side_of_eq"": true, ""m2_false_breakout"": true, ""m4_fvg_in_displacement"": false, ""m3_iof_aligned"": true, ""m5_ipda20_discount"": true, ""m6_with_20d_swing"": false, ""m7_osok_profile"": false, ""m8_cbdr_tight"": false, ""m8_ny_continues_london"": null, ""m10_us500_confirms"": false, ""m11_smt_divergence"": false, ""m12_topdown_agree"": false, ""m13_bridge_window_fvg"": false}"
2025-10-17,US100,london,True,REV,named_extreme_raid+htf_pd+mss,2025-10-17T02:15:00,bullish,24499.533,24449.664,allowlist:not_on_mint_allowlist,pdl,bearish,aligned,D_FVG_bull_2025-10-02,-1.0320840602378238,-1.0,stop,49.86899999999878,0.03208406023782388,sha256:aac470bfc6d49e5e,kernel_ticket:pass:kernel_session_ticket|direction:pass:determined|risk:pass:within_caps|allowlist:FAIL:not_on_mint_allowlist|mode:pass:paper|contract:FAIL:hermes_integration_i0_ftn_never_actionable,"{""m1_correct_side_of_eq"": true, ""m2_false_breakout"": false, ""m4_fvg_in_displacement"": false, ""m3_iof_aligned"": true, ""m5_ipda20_discount"": true, ""m6_with_20d_swing"": true, ""m7_osok_profile"": false, ""m8_cbdr_tight"": false, ""m8_ny_continues_london"": null, ""m10_us500_confirms"": true, ""m11_smt_divergence"": false, ""m12_topdown_agree"": false, ""m13_bridge_window_fvg"": false}"
2025-10-17,US100,ny_am,True,REV,named_extreme_raid+htf_pd+mss,2025-10-17T07:15:00,bullish,24549.414,24243.642,allowlist:not_on_mint_allowlist,pdl,bearish,qualified,D_FVG_bull_2025-10-02,0.8737981240924568,0.8790307811048713,time,305.77200000000084,0.005232657012414464,sha256:a1aee05f341eaa63,kernel_ticket:pass:kernel_session_ticket|direction:pass:determined|risk:pass:within_caps|allowlist:FAIL:not_on_mint_allowlist|mode:pass:paper|contract:FAIL:hermes_integration_i0_ftn_never_actionable,"{""m1_correct_side_of_eq"": true, ""m2_false_breakout"": false, ""m4_fvg_in_displacement"": true, ""m3_iof_aligned"": false, ""m5_ipda20_discount"": true, ""m6_with_20d_swing"": true, ""m7_osok_profile"": false, ""m8_cbdr_tight"": false, ""m8_ny_continues_london"": false, ""m10_us500_confirms"": true, ""m11_smt_divergence"": false, ""m12_topdown_agree"": false, ""m13_bridge_window_fvg"": false}"
2025-10-20,US100,london,True,REV,named_extreme_raid+htf_pd+mss,2025-10-20T02:15:00,bearish,24927.261,24961.958,allowlist:not_on_mint_allowlist,pdh,bullish,aligned,D_FVG_bull_2025-10-02,-1.0461134968441075,-1.0,stop,34.697000000000116,0.046113496844107406,sha256:222bdadc6ee3d62f,kernel_ticket:pass:kernel_session_ticket|direction:pass:determined|risk:pass:within_caps|allowlist:FAIL:not_on_mint_allowlist|mode:pass:paper|contract:FAIL:hermes_integration_i0_ftn_never_actionable,"{""m1_correct_side_of_eq"": true, ""m2_false_breakout"": false, ""m4_fvg_in_displacement"": false, ""m3_iof_aligned"": true, ""m5_ipda20_discount"": true, ""m6_with_20d_swing"": false, ""m7_osok_profile"": true, ""m8_cbdr_tight"": true, ""m8_ny_continues_london"": null, ""m10_us500_confirms"": true, ""m11_smt_divergence"": false, ""m12_topdown_agree"": false, ""m13_bridge_window_fvg"": false}"
2025-10-20,US100,ny_am,True,REV,named_extreme_raid+htf_pd+mss,2025-10-20T10:00:00,bearish,25057.055,25075.664,allowlist:not_on_mint_allowlist,pdh,bullish,aligned,D_FVG_bear_2025-10-13,-1.0859799021978596,-1.0,stop,18.60900000000038,0.0859799021978595,sha256:dc5cd5f935f657f1,kernel_ticket:pass:kernel_session_ticket|direction:pass:determined|risk:pass:within_caps|allowlist:FAIL:not_on_mint_allowlist|mode:pass:paper|contract:FAIL:hermes_integration_i0_ftn_never_actionable,"{""m1_correct_side_of_eq"": true, ""m2_false_breakout"": false, ""m4_fvg_in_displacement"": false, ""m3_iof_aligned"": true, ""m5_ipda20_discount"": true, ""m6_with_20d_swing"": false, ""m7_osok_profile"": true, ""m8_cbdr_tight"": true, ""m8_ny_continues_london"": true, ""m10_us500_confirms"": false, ""m11_smt_divergence"": false, ""m12_topdown_agree"": false, ""m13_bridge_window_fvg"": false}"
2025-10-24,US100,london,True,REV,named_extreme_raid+htf_pd+mss,2025-10-24T02:15:00,bearish,25216.447,25220.272,allowlist:not_on_mint_allowlist,pdh,bullish,aligned,D_FVG_bull_2025-10-21,-1.4183006535946916,-1.0,stop,3.8250000000007276,0.4183006535946917,sha256:d5a2652e67019295,kernel_ticket:pass:kernel_session_ticket|direction:pass:determined|risk:pass:within_caps|allowlist:FAIL:not_on_mint_allowlist|mode:pass:paper|contract:FAIL:hermes_integration_i0_ftn_never_actionable,"{""m1_correct_side_of_eq"": true, ""m2_false_breakout"": false, ""m4_fvg_in_displacement"": false, ""m3_iof_aligned"": true, ""m5_ipda20_discount"": true, ""m6_with_20d_swing"": false, ""m7_osok_profile"": false, ""m8_cbdr_tight"": true, ""m8_ny_continues_london"": null, ""m10_us500_confirms"": false, ""m11_smt_divergence"": false, ""m12_topdown_agree"": false, ""m13_bridge_window_fvg"": false}"
2025-10-24,US100,ny_am,True,REV,named_extreme_raid+htf_pd+mss,2025-10-24T07:15:00,bearish,25229.555,25244.458,allowlist:not_on_mint_allowlist,pdh,bullish,qualified,D_FVG_bull_2025-10-21,-1.1073609340401376,-1.0,stop,14.902999999998428,0.10736093404013748,sha256:b82692259110a17c,kernel_ticket:pass:kernel_session_ticket|direction:pass:determined|risk:pass:within_caps|allowlist:FAIL:not_on_mint_allowlist|mode:pass:paper|contract:FAIL:hermes_integration_i0_ftn_never_actionable,"{""m1_correct_side_of_eq"": true, ""m2_false_breakout"": false, ""m4_fvg_in_displacement"": true, ""m3_iof_aligned"": false, ""m5_ipda20_discount"": true, ""m6_with_20d_swing"": false, ""m7_osok_profile"": false, ""m8_cbdr_tight"": true, ""m8_ny_continues_london"": false, ""m10_us500_confirms"": false, ""m11_smt_divergence"": false, ""m12_topdown_agree"": false, ""m13_bridge_window_fvg"": false}"
2025-10-27,US100,london,True,REV,named_extreme_raid+htf_pd+mss,2025-10-27T02:15:00,bearish,25642.672,25651.619,allowlist:not_on_mint_allowlist,pdh,bullish,aligned,D_FVG_bull_2025-10-21,-1.1788308930367697,-1.0,stop,8.947000000000116,0.17883089303676977,sha256:8aee141f04adbe52,kernel_ticket:pass:kernel_session_ticket|direction:pass:determined|risk:pass:within_caps|allowlist:FAIL:not_on_mint_allowlist|mode:pass:paper|contract:FAIL:hermes_integration_i0_ftn_never_actionable,"{""m1_correct_side_of_eq"": true, ""m2_false_breakout"": false, ""m4_fvg_in_displacement"": false, ""m3_iof_aligned"": true, ""m5_ipda20_discount"": true, ""m6_with_20d_swing"": false, ""m7_osok_profile"": true, ""m8_cbdr_tight"": true, ""m8_ny_continues_london"": null, ""m10_us500_confirms"": false, ""m11_smt_divergence"": false, ""m12_topdown_agree"": false, ""m13_bridge_window_fvg"": false}"
2025-10-27,US100,ny_am,True,REV,named_extreme_raid+htf_pd+mss,2025-10-27T07:15:00,bearish,25687.238,25707.299,allowlist:not_on_mint_allowlist,pdh,bullish,qualified,D_FVG_bull_2025-10-21,-1.0797567419371004,-1.0,stop,20.060999999997875,0.07975674193710032,sha256:059fbd4056059dff,kernel_ticket:pass:kernel_session_ticket|direction:pass:determined|risk:pass:within_caps|allowlist:FAIL:not_on_mint_allowlist|mode:pass:paper|contract:FAIL:hermes_integration_i0_ftn_never_actionable,"{""m1_correct_side_of_eq"": true, ""m2_false_breakout"": false, ""m4_fvg_in_displacement"": true, ""m3_iof_aligned"": false, ""m5_ipda20_discount"": true, ""m6_with_20d_swing"": false, ""m7_osok_profile"": true, ""m8_cbdr_tight"": true, ""m8_ny_continues_london"": false, ""m10_us500_confirms"": false, ""m11_smt_divergence"": false, ""m12_topdown_agree"": false, ""m13_bridge_window_fvg"": false}"
2025-10-28,US100,ny_am,True,REV,named_extreme_raid+htf_pd+mss,2025-10-28T07:15:00,bearish,25843.925,25849.947,allowlist:not_on_mint_allowlist,pdh,bullish,aligned,D_FVG_bull_2025-10-27,-1.2656924609763824,-1.0,stop,6.022000000000844,0.26569246097638255,sha256:48757fb19f03d392,kernel_ticket:pass:kernel_session_ticket|direction:pass:determined|risk:pass:within_caps|allowlist:FAIL:not_on_mint_allowlist|mode:pass:paper|contract:FAIL:hermes_integration_i0_ftn_never_actionable,"{""m1_correct_side_of_eq"": true, ""m2_false_breakout"": false, ""m4_fvg_in_displacement"": true, ""m3_iof_aligned"": true, ""m5_ipda20_discount"": true, ""m6_with_20d_swing"": false, ""m7_osok_profile"": true, ""m8_cbdr_tight"": true, ""m8_ny_continues_london"": false, ""m10_us500_confirms"": false, ""m11_smt_divergence"": true, ""m12_topdown_agree"": false, ""m13_bridge_window_fvg"": false}"
2025-10-29,US100,london,True,REV,named_extreme_raid+htf_pd+mss,2025-10-29T02:15:00,bearish,26127.588,26131.088,allowlist:not_on_mint_allowlist,pdh,bullish,aligned,D_FVG_bull_2025-10-28,-1.4571428571428573,-1.0,stop,3.5,0.4571428571428572,sha256:8c0b7258faaba986,kernel_ticket:pass:kernel_session_ticket|direction:pass:determined|risk:pass:within_caps|allowlist:FAIL:not_on_mint_allowlist|mode:pass:paper|contract:FAIL:hermes_integration_i0_ftn_never_actionable,"{""m1_correct_side_of_eq"": true, ""m2_false_breakout"": true, ""m4_fvg_in_displacement"": false, ""m3_iof_aligned"": true, ""m5_ipda20_discount"": true, ""m6_with_20d_swing"": false, ""m7_osok_profile"": true, ""m8_cbdr_tight"": true, ""m8_ny_continues_london"": null, ""m10_us500_confirms"": false, ""m11_smt_divergence"": true, ""m12_topdown_agree"": false, ""m13_bridge_window_fvg"": false}"
2025-10-29,US100,ny_am,True,REV,named_extreme_raid+htf_pd+mss,2025-10-29T10:00:00,bearish,26176.0,26177.529,allowlist:not_on_mint_allowlist,pdh,bullish,aligned,D_FVG_bull_2025-10-28,-2.0464355788106157,-1.0,stop,1.5289999999986321,1.0464355788106157,sha256:2e0c670fd034cd31,kernel_ticket:pass:kernel_session_ticket|direction:pass:determined|risk:pass:within_caps|allowlist:FAIL:not_on_mint_allowlist|mode:pass:paper|contract:FAIL:hermes_integration_i0_ftn_never_actionable,"{""m1_correct_side_of_eq"": true, ""m2_false_breakout"": true, ""m4_fvg_in_displacement"": true, ""m3_iof_aligned"": true, ""m5_ipda20_discount"": true, ""m6_with_20d_swing"": false, ""m7_osok_profile"": true, ""m8_cbdr_tight"": true, ""m8_ny_continues_london"": false, ""m10_us500_confirms"": false, ""m11_smt_divergence"": false, ""m12_topdown_agree"": false, ""m13_bridge_window_fvg"": true}"
2025-11-04,US100,ny_am,True,REV,named_extreme_raid+htf_pd+mss,2025-11-04T10:00:00,bullish,25746.149,25514.5,allowlist:not_on_mint_allowlist,pdl,bullish,aligned,D_FVG_bull_2025-10-27,-1.0069070015411248,-1.0,stop,231.64900000000125,0.006907001541124682,sha256:cc3b8c2428e84666,kernel_ticket:pass:kernel_session_ticket|direction:pass:determined|risk:pass:within_caps|allowlist:FAIL:not_on_mint_allowlist|mode:pass:paper|contract:FAIL:hermes_integration_i0_ftn_never_actionable,"{""m1_correct_side_of_eq"": true, ""m2_false_breakout"": false, ""m4_fvg_in_displacement"": true, ""m3_iof_aligned"": true, ""m5_ipda20_discount"": false, ""m6_with_20d_swing"": true, ""m7_osok_profile"": true, ""m8_cbdr_tight"": false, ""m8_ny_continues_london"": false, ""m10_us500_confirms"": false, ""m11_smt_divergence"": false, ""m12_topdown_agree"": true, ""m13_bridge_window_fvg"": true}"
2025-11-05,US100,ny_am,True,REV,named_extreme_raid+htf_pd+mss,2025-11-05T07:15:00,bullish,25354.569,25279.611,allowlist:not_on_mint_allowlist,pdl,bearish,qualified,D_FVG_bull_2025-10-28,1.9786547133061176,2.0,target,74.95799999999872,0.021345286693882273,sha256:7b4b4926f6810a16,kernel_ticket:pass:kernel_session_ticket|direction:pass:determined|risk:pass:within_caps|allowlist:FAIL:not_on_mint_allowlist|mode:pass:paper|contract:FAIL:hermes_integration_i0_ftn_never_actionable,"{""m1_correct_side_of_eq"": true, ""m2_false_breakout"": false, ""m4_fvg_in_displacement"": true, ""m3_iof_aligned"": false, ""m5_ipda20_discount"": false, ""m6_with_20d_swing"": true, ""m7_osok_profile"": true, ""m8_cbdr_tight"": false, ""m8_ny_continues_london"": false, ""m10_us500_confirms"": false, ""m11_smt_divergence"": false, ""m12_topdown_agree"": false, ""m13_bridge_window_fvg"": false}"
2025-11-07,US100,ny_am,True,REV,named_extreme_raid+htf_pd+mss,2025-11-07T07:15:00,bullish,25070.849,24973.338,allowlist:not_on_mint_allowlist,pdl,bearish,aligned,D_FVG_bull_2025-10-27,-1.0164084052055669,-1.0,stop,97.5109999999986,0.016408405205566787,sha256:9adf749a68717692,kernel_ticket:pass:kernel_session_ticket|direction:pass:determined|risk:pass:within_caps|allowlist:FAIL:not_on_mint_allowlist|mode:pass:paper|contract:FAIL:hermes_integration_i0_ftn_never_actionable,"{""m1_correct_side_of_eq"": true, ""m2_false_breakout"": true, ""m4_fvg_in_displacement"": true, ""m3_iof_aligned"": true, ""m5_ipda20_discount"": true, ""m6_with_20d_swing"": true, ""m7_osok_profile"": false, ""m8_cbdr_tight"": false, ""m8_ny_continues_london"": false, ""m10_us500_confirms"": false, ""m11_smt_divergence"": false, ""m12_topdown_agree"": false, ""m13_bridge_window_fvg"": false}"
2025-11-12,US100,ny_am,True,REV,named_extreme_raid+htf_pd+mss,2025-11-12T10:00:00,bearish,25491.249,25726.879,allowlist:not_on_mint_allowlist,pdh,bearish,aligned,D_FVG_bear_2025-11-05,-0.14191316895132114,-0.13512286211433097,time,235.63000000000102,0.006790306836990168,sha256:e58a95d3ca025344,kernel_ticket:pass:kernel_session_ticket|direction:pass:determined|risk:pass:within_caps|allowlist:FAIL:not_on_mint_allowlist|mode:pass:paper|contract:FAIL:hermes_integration_i0_ftn_never_actionable,"{""m1_correct_side_of_eq"": false, ""m2_false_breakout"": true, ""m4_fvg_in_displacement"": true, ""m3_iof_aligned"": true, ""m5_ipda20_discount"": true, ""m6_with_20d_swing"": false, ""m7_osok_profile"": true, ""m8_cbdr_tight"": true, ""m8_ny_continues_london"": false, ""m10_us500_confirms"": true, ""m11_smt_divergence"": false, ""m12_topdown_agree"": true, ""m13_bridge_window_fvg"": true}"
2025-11-13,US100,ny_am,True,REV,named_extreme_raid+htf_pd+mss,2025-11-13T09:45:00,bullish,25192.569,25187.229,allowlist:not_on_mint_allowlist,pdl,bearish,aligned,D_FVG_bull_2025-11-11,-1.2996254681647859,-1.0,stop,5.3400000000001455,0.29962546816478586,sha256:0388494df2737434,kernel_ticket:pass:kernel_session_ticket|direction:pass:determined|risk:pass:within_caps|allowlist:FAIL:not_on_mint_allowlist|mode:pass:paper|contract:FAIL:hermes_integration_i0_ftn_never_actionable,"{""m1_correct_side_of_eq"": true, ""m2_false_breakout"": false, ""m4_fvg_in_displacement"": false, ""m3_iof_aligned"": true, ""m5_ipda20_discount"": true, ""m6_with_20d_swing"": true, ""m7_osok_profile"": false, ""m8_cbdr_tight"": true, ""m8_ny_continues_london"": false, ""m10_us500_confirms"": false, ""m11_smt_divergence"": false, ""m12_topdown_agree"": false, ""m13_bridge_window_fvg"": false}"
2025-11-14,US100,london,True,REV,named_extreme_raid+htf_pd+mss,2025-11-14T02:15:00,bullish,24885.653,24879.153,allowlist:not_on_mint_allowlist,pdl,bearish,aligned,D_FVG_bull_2025-11-11,-1.2461538461538462,-1.0,stop,6.5,0.24615384615384617,sha256:8c8aa845c0c427fd,kernel_ticket:pass:kernel_session_ticket|direction:pass:determined|risk:pass:within_caps|allowlist:FAIL:not_on_mint_allowlist|mode:pass:paper|contract:FAIL:hermes_integration_i0_ftn_never_actionable,"{""m1_correct_side_of_eq"": true, ""m2_false_breakout"": true, ""m4_fvg_in_displacement"": true, ""m3_iof_aligned"": true, ""m5_ipda20_discount"": true, ""m6_with_20d_swing"": true, ""m7_osok_profile"": false, ""m8_cbdr_tight"": true, ""m8_ny_continues_london"": null, ""m10_us500_confirms"": false, ""m11_smt_divergence"": false, ""m12_topdown_agree"": false, ""m13_bridge_window_fvg"": false}"
2025-11-14,US100,ny_am,True,REV,named_extreme_raid+htf_pd+mss,2025-11-14T07:15:00,bullish,24657.381,24652.697,allowlist:not_on_mint_allowlist,pdl,bearish,aligned,D_FVG_bull_2025-10-21,1.6584116140052045,2.0,target,4.684000000001106,0.3415883859947955,sha256:7bac5c426d16fd28,kernel_ticket:pass:kernel_session_ticket|direction:pass:determined|risk:pass:within_caps|allowlist:FAIL:not_on_mint_allowlist|mode:pass:paper|contract:FAIL:hermes_integration_i0_ftn_never_actionable,"{""m1_correct_side_of_eq"": true, ""m2_false_breakout"": true, ""m4_fvg_in_displacement"": true, ""m3_iof_aligned"": true, ""m5_ipda20_discount"": true, ""m6_with_20d_swing"": true, ""m7_osok_profile"": false, ""m8_cbdr_tight"": true, ""m8_ny_continues_london"": false, ""m10_us500_confirms"": false, ""m11_smt_divergence"": false, ""m12_topdown_agree"": false, ""m13_bridge_window_fvg"": false}"
2025-11-17,US100,ny_am,True,REV,named_extreme_raid+htf_pd+mss,2025-11-17T10:00:00,bearish,25110.849,25274.529,allowlist:not_on_mint_allowlist,pdh,bullish,aligned,D_FVG_bull_2025-10-21,1.9902248289345064,2.0,target,163.6800000000003,0.009775171065493629,sha256:1936b1d7883ec9fd,kernel_ticket:pass:kernel_session_ticket|direction:pass:determined|risk:pass:within_caps|allowlist:FAIL:not_on_mint_allowlist|mode:pass:paper|contract:FAIL:hermes_integration_i0_ftn_never_actionable,"{""m1_correct_side_of_eq"": true, ""m2_false_breakout"": true, ""m4_fvg_in_displacement"": true, ""m3_iof_aligned"": true, ""m5_ipda20_discount"": false, ""m6_with_20d_swing"": false, ""m7_osok_profile"": true, ""m8_cbdr_tight"": false, ""m8_ny_continues_london"": false, ""m10_us500_confirms"": true, ""m11_smt_divergence"": false, ""m12_topdown_agree"": false, ""m13_bridge_window_fvg"": true}"
2025-11-18,US100,london,True,REV,named_extreme_raid+htf_pd+mss,2025-11-18T02:15:00,bullish,24551.425,24519.044,allowlist:not_on_mint_allowlist,pdl,bearish,aligned,D_FVG_bull_2025-10-21,1.950588307958367,2.0,target,32.380999999997584,0.04941169204163304,sha256:81af296ef3334ae4,kernel_ticket:pass:kernel_session_ticket|direction:pass:determined|risk:pass:within_caps|allowlist:FAIL:not_on_mint_allowlist|mode:pass:paper|contract:FAIL:hermes_integration_i0_ftn_never_actionable,"{""m1_correct_side_of_eq"": true, ""m2_false_breakout"": true, ""m4_fvg_in_displacement"": false, ""m3_iof_aligned"": true, ""m5_ipda20_discount"": true, ""m6_with_20d_swing"": false, ""m7_osok_profile"": true, ""m8_cbdr_tight"": false, ""m8_ny_continues_london"": null, ""m10_us500_confirms"": false, ""m11_smt_divergence"": false, ""m12_topdown_agree"": false, ""m13_bridge_window_fvg"": false}"
2025-11-18,US100,ny_am,True,REV,named_extreme_raid+htf_pd+mss,2025-11-18T10:00:00,bullish,24438.392,24436.469,allowlist:not_on_mint_allowlist,pdl,bearish,aligned,D_FVG_bull_2025-10-21,-1.8320332813317444,-1.0,stop,1.922999999998865,0.8320332813317444,sha256:3c33d719467d6025,kernel_ticket:pass:kernel_session_ticket|direction:pass:determined|risk:pass:within_caps|allowlist:FAIL:not_on_mint_allowlist|mode:pass:paper|contract:FAIL:hermes_integration_i0_ftn_never_actionable,"{""m1_correct_side_of_eq"": true, ""m2_false_breakout"": true, ""m4_fvg_in_displacement"": true, ""m3_iof_aligned"": true, ""m5_ipda20_discount"": true, ""m6_with_20d_swing"": false, ""m7_osok_profile"": true, ""m8_cbdr_tight"": false, ""m8_ny_continues_london"": true, ""m10_us500_confirms"": false, ""m11_smt_divergence"": false, ""m12_topdown_agree"": false, ""m13_bridge_window_fvg"": true}"
2025-11-21,US100,ny_am,True,REV,named_extreme_raid+htf_pd+mss,2025-11-21T07:15:00,bullish,23944.099,23830.011,allowlist:not_on_mint_allowlist,pdl,bearish,aligned,D_FVG_bear_2025-11-14,1.9859757380267864,2.0,target,114.08799999999974,0.014024261973213693,sha256:3d006252f0b580e7,kernel_ticket:pass:kernel_session_ticket|direction:pass:determined|risk:pass:within_caps|allowlist:FAIL:not_on_mint_allowlist|mode:pass:paper|contract:FAIL:hermes_integration_i0_ftn_never_actionable,"{""m1_correct_side_of_eq"": true, ""m2_false_breakout"": false, ""m4_fvg_in_displacement"": true, ""m3_iof_aligned"": true, ""m5_ipda20_discount"": true, ""m6_with_20d_swing"": false, ""m7_osok_profile"": false, ""m8_cbdr_tight"": false, ""m8_ny_continues_london"": false, ""m10_us500_confirms"": false, ""m11_smt_divergence"": false, ""m12_topdown_agree"": false, ""m13_bridge_window_fvg"": false}"
2025-11-26,US100,london,True,REV,named_extreme_raid+htf_pd+mss,2025-11-26T02:30:00,bearish,25167.381,25169.029,allowlist:not_on_mint_allowlist,pdh,bullish,aligned,D_FVG_bull_2025-11-25,1.029126213590707,2.0,target,1.6479999999974098,0.970873786409293,sha256:19fa953b5ece1fa5,kernel_ticket:pass:kernel_session_ticket|direction:pass:determined|risk:pass:within_caps|allowlist:FAIL:not_on_mint_allowlist|mode:pass:paper|contract:FAIL:hermes_integration_i0_ftn_never_actionable,"{""m1_correct_side_of_eq"": true, ""m2_false_breakout"": false, ""m4_fvg_in_displacement"": false, ""m3_iof_aligned"": true, ""m5_ipda20_discount"": true, ""m6_with_20d_swing"": true, ""m7_osok_profile"": true, ""m8_cbdr_tight"": true, ""m8_ny_continues_london"": null, ""m10_us500_confirms"": false, ""m11_smt_divergence"": false, ""m12_topdown_agree"": false, ""m13_bridge_window_fvg"": false}"
2025-12-03,US100,london,True,REV,named_extreme_raid+htf_pd+mss,2025-12-03T02:15:00,bearish,25620.305,25631.142,allowlist:not_on_mint_allowlist,pdh,bullish,qualified,D_FVG_bull_2025-11-11,1.8523576635600194,2.0,target,10.836999999999534,0.1476423364399805,sha256:73599098fce260a9,kernel_ticket:pass:kernel_session_ticket|direction:pass:determined|risk:pass:within_caps|allowlist:FAIL:not_on_mint_allowlist|mode:pass:paper|contract:FAIL:hermes_integration_i0_ftn_never_actionable,"{""m1_correct_side_of_eq"": true, ""m2_false_breakout"": false, ""m4_fvg_in_displacement"": true, ""m3_iof_aligned"": false, ""m5_ipda20_discount"": true, ""m6_with_20d_swing"": true, ""m7_osok_profile"": true, ""m8_cbdr_tight"": true, ""m8_ny_continues_london"": null, ""m10_us500_confirms"": true, ""m11_smt_divergence"": true, ""m12_topdown_agree"": false, ""m13_bridge_window_fvg"": false}"
2025-12-11,US100,ny_am,True,REV,named_extreme_raid+htf_pd+mss,2025-12-11T07:15:00,bullish,25616.261,25444.599,allowlist:not_on_mint_allowlist,pdl,bullish,aligned,D_FVG_bull_2025-11-11,-1.0093206417261829,-1.0,stop,171.66200000000026,0.009320641726182834,sha256:91eca69129582a4f,kernel_ticket:pass:kernel_session_ticket|direction:pass:determined|risk:pass:within_caps|allowlist:FAIL:not_on_mint_allowlist|mode:pass:paper|contract:FAIL:hermes_integration_i0_ftn_never_actionable,"{""m1_correct_side_of_eq"": true, ""m2_false_breakout"": false, ""m4_fvg_in_displacement"": true, ""m3_iof_aligned"": true, ""m5_ipda20_discount"": false, ""m6_with_20d_swing"": true, ""m7_osok_profile"": false, ""m8_cbdr_tight"": false, ""m8_ny_continues_london"": true, ""m10_us500_confirms"": true, ""m11_smt_divergence"": false, ""m12_topdown_agree"": true, ""m13_bridge_window_fvg"": false}"
2025-12-16,US100,london,True,REV,named_extreme_raid+htf_pd+mss,2025-12-16T02:15:00,bullish,24857.881,24836.719,allowlist:not_on_mint_allowlist,pdl,bearish,qualified,D_FVG_bull_2025-11-26,-1.0756072204895557,-1.0,stop,21.162000000000262,0.07560722048955582,sha256:e320d1ac20fe3591,kernel_ticket:pass:kernel_session_ticket|direction:pass:determined|risk:pass:within_caps|allowlist:FAIL:not_on_mint_allowlist|mode:pass:paper|contract:FAIL:hermes_integration_i0_ftn_never_actionable,"{""m1_correct_side_of_eq"": true, ""m2_false_breakout"": false, ""m4_fvg_in_displacement"": true, ""m3_iof_aligned"": false, ""m5_ipda20_discount"": false, ""m6_with_20d_swing"": true, ""m7_osok_profile"": true, ""m8_cbdr_tight"": false, ""m8_ny_continues_london"": null, ""m10_us500_confirms"": false, ""m11_smt_divergence"": false, ""m12_topdown_agree"": false, ""m13_bridge_window_fvg"": false}"
2025-12-17,US100,ny_am,True,REV,named_extreme_raid+htf_pd+mss,2025-12-17T08:15:00,bearish,25208.099,25259.066,allowlist:not_on_mint_allowlist,pdh,bullish,qualified,D_FVG_bull_2025-12-01,1.9686071379520085,2.0,target,50.96700000000055,0.0313928620479915,sha256:8a9442bb0ce1e4b2,kernel_ticket:pass:kernel_session_ticket|direction:pass:determined|risk:pass:within_caps|allowlist:FAIL:not_on_mint_allowlist|mode:pass:paper|contract:FAIL:hermes_integration_i0_ftn_never_actionable,"{""m1_correct_side_of_eq"": true, ""m2_false_breakout"": true, ""m4_fvg_in_displacement"": false, ""m3_iof_aligned"": false, ""m5_ipda20_discount"": true, ""m6_with_20d_swing"": false, ""m7_osok_profile"": true, ""m8_cbdr_tight"": false, ""m8_ny_continues_london"": false, ""m10_us500_confirms"": false, ""m11_smt_divergence"": true, ""m12_topdown_agree"": false, ""m13_bridge_window_fvg"": false}"
2025-12-19,US100,ny_am,True,REV,named_extreme_raid+htf_pd+mss,2025-12-19T10:00:00,bearish,25323.783,25338.447,allowlist:not_on_mint_allowlist,pdh,bullish,aligned,D_FVG_bull_2025-12-01,-1.1091107474086148,-1.0,stop,14.66400000000067,0.10911074740861477,sha256:968e2ad9a940dba6,kernel_ticket:pass:kernel_session_ticket|direction:pass:determined|risk:pass:within_caps|allowlist:FAIL:not_on_mint_allowlist|mode:pass:paper|contract:FAIL:hermes_integration_i0_ftn_never_actionable,"{""m1_correct_side_of_eq"": true, ""m2_false_breakout"": false, ""m4_fvg_in_displacement"": false, ""m3_iof_aligned"": true, ""m5_ipda20_discount"": true, ""m6_with_20d_swing"": false, ""m7_osok_profile"": false, ""m8_cbdr_tight"": true, ""m8_ny_continues_london"": false, ""m10_us500_confirms"": false, ""m11_smt_divergence"": false, ""m12_topdown_agree"": false, ""m13_bridge_window_fvg"": false}"
2025-12-22,US100,ny_am,True,REV,named_extreme_raid+htf_pd+mss,2025-12-22T07:15:00,bearish,25473.947,25488.414,allowlist:not_on_mint_allowlist,pdh,bullish,qualified,D_FVG_bull_2025-12-01,-1.110596530033866,-1.0,stop,14.467000000000553,0.11059653003386596,sha256:4a4ffc858deef107,kernel_ticket:pass:kernel_session_ticket|direction:pass:determined|risk:pass:within_caps|allowlist:FAIL:not_on_mint_allowlist|mode:pass:paper|contract:FAIL:hermes_integration_i0_ftn_never_actionable,"{""m1_correct_side_of_eq"": true, ""m2_false_breakout"": false, ""m4_fvg_in_displacement"": false, ""m3_iof_aligned"": false, ""m5_ipda20_discount"": true, ""m6_with_20d_swing"": false, ""m7_osok_profile"": true, ""m8_cbdr_tight"": true, ""m8_ny_continues_london"": false, ""m10_us500_confirms"": false, ""m11_smt_divergence"": false, ""m12_topdown_agree"": false, ""m13_bridge_window_fvg"": false}"
2025-12-23,US100,ny_am,True,REV,named_extreme_raid+htf_pd+mss,2025-12-23T09:00:00,bullish,25388.342,25375.897,allowlist:not_on_mint_allowlist,pdl,bullish,qualified,D_FVG_bull_2025-12-01,1.8714343109682574,2.0,target,12.444999999999709,0.12856568903174267,sha256:39d1a68dd1e2e2d0,kernel_ticket:pass:kernel_session_ticket|direction:pass:determined|risk:pass:within_caps|allowlist:FAIL:not_on_mint_allowlist|mode:pass:paper|contract:FAIL:hermes_integration_i0_ftn_never_actionable,"{""m1_correct_side_of_eq"": true, ""m2_false_breakout"": true, ""m4_fvg_in_displacement"": false, ""m3_iof_aligned"": false, ""m5_ipda20_discount"": false, ""m6_with_20d_swing"": true, ""m7_osok_profile"": true, ""m8_cbdr_tight"": true, ""m8_ny_continues_london"": true, ""m10_us500_confirms"": false, ""m11_smt_divergence"": true, ""m12_topdown_agree"": true, ""m13_bridge_window_fvg"": false}"
2025-12-26,US100,ny_am,True,REV,named_extreme_raid+htf_pd+mss,2025-12-26T07:15:00,bearish,25655.381,25672.899,allowlist:not_on_mint_allowlist,pdh,bullish,qualified,D_FVG_bull_2025-12-23,-1.0913346272405524,-1.0,stop,17.51800000000003,0.09133462724055243,sha256:79fe9cf8d6a784dc,kernel_ticket:pass:kernel_session_ticket|direction:pass:determined|risk:pass:within_caps|allowlist:FAIL:not_on_mint_allowlist|mode:pass:paper|contract:FAIL:hermes_integration_i0_ftn_never_actionable,"{""m1_correct_side_of_eq"": true, ""m2_false_breakout"": false, ""m4_fvg_in_displacement"": true, ""m3_iof_aligned"": false, ""m5_ipda20_discount"": true, ""m6_with_20d_swing"": false, ""m7_osok_profile"": false, ""m8_cbdr_tight"": true, ""m8_ny_continues_london"": false, ""m10_us500_confirms"": true, ""m11_smt_divergence"": false, ""m12_topdown_agree"": false, ""m13_bridge_window_fvg"": false}"
2025-12-29,US100,london,True,REV,named_extreme_raid+htf_pd+mss,2025-12-29T03:45:00,bullish,25540.892,25532.761,allowlist:not_on_mint_allowlist,pdl,bearish,aligned,D_FVG_bull_2025-12-26,-1.1967777641126256,-1.0,stop,8.131000000001222,0.1967777641126257,sha256:dc27c41316989563,kernel_ticket:pass:kernel_session_ticket|direction:pass:determined|risk:pass:within_caps|allowlist:FAIL:not_on_mint_allowlist|mode:pass:paper|contract:FAIL:hermes_integration_i0_ftn_never_actionable,"{""m1_correct_side_of_eq"": true, ""m2_false_breakout"": true, ""m4_fvg_in_displacement"": false, ""m3_iof_aligned"": true, ""m5_ipda20_discount"": false, ""m6_with_20d_swing"": true, ""m7_osok_profile"": true, ""m8_cbdr_tight"": true, ""m8_ny_continues_london"": null, ""m10_us500_confirms"": false, ""m11_smt_divergence"": false, ""m12_topdown_agree"": false, ""m13_bridge_window_fvg"": false}"
2025-12-29,US100,ny_am,True,REV,named_extreme_raid+htf_pd+mss,2025-12-29T07:15:00,bullish,25552.12,25515.511,allowlist:not_on_mint_allowlist,pdl,bearish,qualified,D_FVG_bull_2025-12-26,-1.043705099838837,-1.0,stop,36.60900000000038,0.043705099838837,sha256:7e612d3aeae8ff59,kernel_ticket:pass:kernel_session_ticket|direction:pass:determined|risk:pass:within_caps|allowlist:FAIL:not_on_mint_allowlist|mode:pass:paper|contract:FAIL:hermes_integration_i0_ftn_never_actionable,"{""m1_correct_side_of_eq"": true, ""m2_false_breakout"": true, ""m4_fvg_in_displacement"": true, ""m3_iof_aligned"": false, ""m5_ipda20_discount"": false, ""m6_with_20d_swing"": true, ""m7_osok_profile"": true, ""m8_cbdr_tight"": true, ""m8_ny_continues_london"": false, ""m10_us500_confirms"": false, ""m11_smt_divergence"": false, ""m12_topdown_agree"": false, ""m13_bridge_window_fvg"": false}"
2025-12-31,US100,london,True,REV,named_extreme_raid+htf_pd+mss,2025-12-31T02:15:00,bullish,25376.392,25369.838,allowlist:not_on_mint_allowlist,pdl,bearish,aligned,D_FVG_bull_2025-12-26,1.755874275251758,2.0,target,6.554000000000087,0.2441257247482421,sha256:60e17d4570828191,kernel_ticket:pass:kernel_session_ticket|direction:pass:determined|risk:pass:within_caps|allowlist:FAIL:not_on_mint_allowlist|mode:pass:paper|contract:FAIL:hermes_integration_i0_ftn_never_actionable,"{""m1_correct_side_of_eq"": true, ""m2_false_breakout"": false, ""m4_fvg_in_displacement"": false, ""m3_iof_aligned"": true, ""m5_ipda20_discount"": false, ""m6_with_20d_swing"": true, ""m7_osok_profile"": true, ""m8_cbdr_tight"": false, ""m8_ny_continues_london"": null, ""m10_us500_confirms"": false, ""m11_smt_divergence"": false, ""m12_topdown_agree"": false, ""m13_bridge_window_fvg"": false}"
2025-12-31,US100,ny_am,True,REV,named_extreme_raid+htf_pd+mss,2025-12-31T07:15:00,bullish,25399.044,25344.12,allowlist:not_on_mint_allowlist,pdl,bearish,qualified,D_FVG_bull_2025-12-26,-1.0291311630616837,-1.0,stop,54.92400000000271,0.029131163061683805,sha256:8af4cfdce42cd778,kernel_ticket:pass:kernel_session_ticket|direction:pass:determined|risk:pass:within_caps|allowlist:FAIL:not_on_mint_allowlist|mode:pass:paper|contract:FAIL:hermes_integration_i0_ftn_never_actionable,"{""m1_correct_side_of_eq"": true, ""m2_false_breakout"": false, ""m4_fvg_in_displacement"": true, ""m3_iof_aligned"": false, ""m5_ipda20_discount"": false, ""m6_with_20d_swing"": true, ""m7_osok_profile"": true, ""m8_cbdr_tight"": false, ""m8_ny_continues_london"": false, ""m10_us500_confirms"": false, ""m11_smt_divergence"": false, ""m12_topdown_agree"": false, ""m13_bridge_window_fvg"": false}"
2026-01-07,US100,ny_am,True,REV,named_extreme_raid+htf_pd+mss,2026-01-07T10:00:00,bearish,25675.275,25701.12,allowlist:not_on_mint_allowlist,pdh,bullish,aligned,D_FVG_bear_2025-12-30,-1.0619075256335908,-1.0,stop,25.844999999997526,0.06190752563359076,sha256:b74bf23003c1e9ed,kernel_ticket:pass:kernel_session_ticket|direction:pass:determined|risk:pass:within_caps|allowlist:FAIL:not_on_mint_allowlist|mode:pass:paper|contract:FAIL:hermes_integration_i0_ftn_never_actionable,"{""m1_correct_side_of_eq"": true, ""m2_false_breakout"": false, ""m4_fvg_in_displacement"": false, ""m3_iof_aligned"": true, ""m5_ipda20_discount"": true, ""m6_with_20d_swing"": false, ""m7_osok_profile"": true, ""m8_cbdr_tight"": true, ""m8_ny_continues_london"": true, ""m10_us500_confirms"": true, ""m11_smt_divergence"": false, ""m12_topdown_agree"": false, ""m13_bridge_window_fvg"": false}"
2026-01-08,US100,london,True,REV,named_extreme_raid+htf_pd+mss,2026-01-08T02:15:00,bullish,25539.853,25493.483,allowlist:not_on_mint_allowlist,pdl,bearish,aligned,D_FVG_bull_2025-12-26,1.9654949320681467,2.0,target,46.36999999999898,0.03450506793185325,sha256:31c8d3e3671556b7,kernel_ticket:pass:kernel_session_ticket|direction:pass:determined|risk:pass:within_caps|allowlist:FAIL:not_on_mint_allowlist|mode:pass:paper|contract:FAIL:hermes_integration_i0_ftn_never_actionable,"{""m1_correct_side_of_eq"": true, ""m2_false_breakout"": false, ""m4_fvg_in_displacement"": true, ""m3_iof_aligned"": true, ""m5_ipda20_discount"": false, ""m6_with_20d_swing"": false, ""m7_osok_profile"": false, ""m8_cbdr_tight"": false, ""m8_ny_continues_london"": null, ""m10_us500_confirms"": true, ""m11_smt_divergence"": false, ""m12_topdown_agree"": false, ""m13_bridge_window_fvg"": false}"
2026-01-08,US100,ny_am,True,REV,named_extreme_raid+htf_pd+mss,2026-01-08T10:00:00,bullish,25427.761,25421.425,allowlist:not_on_mint_allowlist,pdl,bearish,aligned,D_FVG_bull_2026-01-07,-1.2525252525252792,-1.0,stop,6.335999999999331,0.25252525252527924,sha256:c2fcf12ede918770,kernel_ticket:pass:kernel_session_ticket|direction:pass:determined|risk:pass:within_caps|allowlist:FAIL:not_on_mint_allowlist|mode:pass:paper|contract:FAIL:hermes_integration_i0_ftn_never_actionable,"{""m1_correct_side_of_eq"": true, ""m2_false_breakout"": false, ""m4_fvg_in_displacement"": true, ""m3_iof_aligned"": true, ""m5_ipda20_discount"": false, ""m6_with_20d_swing"": false, ""m7_osok_profile"": false, ""m8_cbdr_tight"": false, ""m8_ny_continues_london"": true, ""m10_us500_confirms"": true, ""m11_smt_divergence"": false, ""m12_topdown_agree"": false, ""m13_bridge_window_fvg"": true}"
2026-01-13,US100,ny_am,True,REV,named_extreme_raid+htf_pd+mss,2026-01-13T10:00:00,bearish,25782.425,25880.783,allowlist:not_on_mint_allowlist,pdh,bullish,qualified,D_FVG_bear_2025-12-30,0.4345350657801101,0.45080217165863545,time,98.35800000000017,0.01626710587852536,sha256:31fe89adedd4e3cb,kernel_ticket:pass:kernel_session_ticket|direction:pass:determined|risk:pass:within_caps|allowlist:FAIL:not_on_mint_allowlist|mode:pass:paper|contract:FAIL:hermes_integration_i0_ftn_never_actionable,"{""m1_correct_side_of_eq"": true, ""m2_false_breakout"": true, ""m4_fvg_in_displacement"": false, ""m3_iof_aligned"": false, ""m5_ipda20_discount"": true, ""m6_with_20d_swing"": false, ""m7_osok_profile"": true, ""m8_cbdr_tight"": false, ""m8_ny_continues_london"": true, ""m10_us500_confirms"": true, ""m11_smt_divergence"": false, ""m12_topdown_agree"": false, ""m13_bridge_window_fvg"": false}"
2026-01-14,US100,ny_am,True,REV,named_extreme_raid+htf_pd+mss,2026-01-14T09:30:00,bullish,25576.261,25537.055,allowlist:not_on_mint_allowlist,pdl,bearish,aligned,D_FVG_bear_2025-12-30,-1.040810080089784,-1.0,stop,39.20599999999831,0.040810080089783936,sha256:48300e580727c01a,kernel_ticket:pass:kernel_session_ticket|direction:pass:determined|risk:pass:within_caps|allowlist:FAIL:not_on_mint_allowlist|mode:pass:paper|contract:FAIL:hermes_integration_i0_ftn_never_actionable,"{""m1_correct_side_of_eq"": true, ""m2_false_breakout"": false, ""m4_fvg_in_displacement"": true, ""m3_iof_aligned"": true, ""m5_ipda20_discount"": false, ""m6_with_20d_swing"": true, ""m7_osok_profile"": true, ""m8_cbdr_tight"": true, ""m8_ny_continues_london"": false, ""m10_us500_confirms"": false, ""m11_smt_divergence"": false, ""m12_topdown_agree"": false, ""m13_bridge_window_fvg"": true}"
2026-01-20,US100,london,True,REV,named_extreme_raid+htf_pd+mss,2026-01-20T02:15:00,bullish,25136.708,25107.327,allowlist:not_on_mint_allowlist,pdl,bearish,aligned,D_FVG_bull_2025-12-22,-1.054456961982238,-1.0,stop,29.380999999997584,0.05445696198223789,sha256:4e7f33a8db608b75,kernel_ticket:pass:kernel_session_ticket|direction:pass:determined|risk:pass:within_caps|allowlist:FAIL:not_on_mint_allowlist|mode:pass:paper|contract:FAIL:hermes_integration_i0_ftn_never_actionable,"{""m1_correct_side_of_eq"": true, ""m2_false_breakout"": false, ""m4_fvg_in_displacement"": false, ""m3_iof_aligned"": true, ""m5_ipda20_discount"": true, ""m6_with_20d_swing"": true, ""m7_osok_profile"": true, ""m8_cbdr_tight"": true, ""m8_ny_continues_london"": null, ""m10_us500_confirms"": false, ""m11_smt_divergence"": false, ""m12_topdown_agree"": false, ""m13_bridge_window_fvg"": false}"
2026-01-20,US100,ny_am,True,REV,named_extreme_raid+htf_pd+mss,2026-01-20T07:15:00,bullish,25095.577,24943.849,allowlist:not_on_mint_allowlist,pdl,bearish,qualified,D_FVG_bull_2025-12-22,-0.6664557629442066,-0.6559105768216718,time,151.7280000000028,0.01054518612253487,sha256:3b4fa31ac91805bd,kernel_ticket:pass:kernel_session_ticket|direction:pass:determined|risk:pass:within_caps|allowlist:FAIL:not_on_mint_allowlist|mode:pass:paper|contract:FAIL:hermes_integration_i0_ftn_never_actionable,"{""m1_correct_side_of_eq"": true, ""m2_false_breakout"": false, ""m4_fvg_in_displacement"": true, ""m3_iof_aligned"": false, ""m5_ipda20_discount"": true, ""m6_with_20d_swing"": true, ""m7_osok_profile"": true, ""m8_cbdr_tight"": true, ""m8_ny_continues_london"": false, ""m10_us500_confirms"": false, ""m11_smt_divergence"": false, ""m12_topdown_agree"": false, ""m13_bridge_window_fvg"": false}"
2026-01-21,US100,ny_am,True,REV,named_extreme_raid+htf_pd+mss,2026-01-21T07:15:00,bullish,24915.311,24881.086,allowlist:not_on_mint_allowlist,pdl,bearish,aligned,D_FVG_bull_2025-12-22,1.9532505478451454,2.0,target,34.22500000000218,0.046749452154854584,sha256:e95964b6e95e8d70,kernel_ticket:pass:kernel_session_ticket|direction:pass:determined|risk:pass:within_caps|allowlist:FAIL:not_on_mint_allowlist|mode:pass:paper|contract:FAIL:hermes_integration_i0_ftn_never_actionable,"{""m1_correct_side_of_eq"": true, ""m2_false_breakout"": false, ""m4_fvg_in_displacement"": false, ""m3_iof_aligned"": true, ""m5_ipda20_discount"": true, ""m6_with_20d_swing"": true, ""m7_osok_profile"": true, ""m8_cbdr_tight"": false, ""m8_ny_continues_london"": false, ""m10_us500_confirms"": true, ""m11_smt_divergence"": false, ""m12_topdown_agree"": false, ""m13_bridge_window_fvg"": false}"
2026-01-22,US100,ny_am,True,REV,named_extreme_raid+htf_pd+mss,2026-01-22T07:15:00,bearish,25525.016,25574.233,allowlist:not_on_mint_allowlist,pdh,bullish,qualified,D_FVG_bull_2025-12-23,-1.0325090923867766,-1.0,stop,49.21700000000055,0.032509092386776565,sha256:6a8b1baf4cea2616,kernel_ticket:pass:kernel_session_ticket|direction:pass:determined|risk:pass:within_caps|allowlist:FAIL:not_on_mint_allowlist|mode:pass:paper|contract:FAIL:hermes_integration_i0_ftn_never_actionable,"{""m1_correct_side_of_eq"": true, ""m2_false_breakout"": false, ""m4_fvg_in_displacement"": false, ""m3_iof_aligned"": false, ""m5_ipda20_discount"": true, ""m6_with_20d_swing"": false, ""m7_osok_profile"": false, ""m8_cbdr_tight"": false, ""m8_ny_continues_london"": false, ""m10_us500_confirms"": false, ""m11_smt_divergence"": false, ""m12_topdown_agree"": false, ""m13_bridge_window_fvg"": false}"
2026-01-27,US100,london,True,REV,named_extreme_raid+htf_pd+mss,2026-01-27T02:15:00,bearish,25876.044,25900.719,allowlist:not_on_mint_allowlist,pdh,bullish,qualified,D_FVG_bear_2025-12-30,-1.0648429584599817,-1.0,stop,24.674999999999272,0.06484295845998166,sha256:ab01020c908e8026,kernel_ticket:pass:kernel_session_ticket|direction:pass:determined|risk:pass:within_caps|allowlist:FAIL:not_on_mint_allowlist|mode:pass:paper|contract:FAIL:hermes_integration_i0_ftn_never_actionable,"{""m1_correct_side_of_eq"": true, ""m2_false_breakout"": false, ""m4_fvg_in_displacement"": true, ""m3_iof_aligned"": false, ""m5_ipda20_discount"": true, ""m6_with_20d_swing"": false, ""m7_osok_profile"": true, ""m8_cbdr_tight"": true, ""m8_ny_continues_london"": null, ""m10_us500_confirms"": false, ""m11_smt_divergence"": false, ""m12_topdown_agree"": false, ""m13_bridge_window_fvg"": false}"
2026-01-27,US100,ny_am,True,REV,named_extreme_raid+htf_pd+mss,2026-01-27T07:15:00,bearish,25887.5,25915.279,allowlist:not_on_mint_allowlist,pdh,bullish,aligned,D_FVG_bear_2025-12-30,1.9424025342884885,2.0,target,27.778999999998632,0.05759746571151153,sha256:5bae41a27875d327,kernel_ticket:pass:kernel_session_ticket|direction:pass:determined|risk:pass:within_caps|allowlist:FAIL:not_on_mint_allowlist|mode:pass:paper|contract:FAIL:hermes_integration_i0_ftn_never_actionable,"{""m1_correct_side_of_eq"": true, ""m2_false_breakout"": false, ""m4_fvg_in_displacement"": true, ""m3_iof_aligned"": true, ""m5_ipda20_discount"": true, ""m6_with_20d_swing"": false, ""m7_osok_profile"": true, ""m8_cbdr_tight"": true, ""m8_ny_continues_london"": true, ""m10_us500_confirms"": false, ""m11_smt_divergence"": false, ""m12_topdown_agree"": false, ""m13_bridge_window_fvg"": false}"
2026-01-28,US100,london,True,REV,named_extreme_raid+htf_pd+mss,2026-01-28T02:15:00,bearish,26191.903,26220.0,allowlist:not_on_mint_allowlist,pdh,bullish,aligned,D_FVG_bull_2026-01-27,1.9430544186212082,2.0,target,28.09700000000157,0.05694558137879171,sha256:c367e2f38bee490b,kernel_ticket:pass:kernel_session_ticket|direction:pass:determined|risk:pass:within_caps|allowlist:FAIL:not_on_mint_allowlist|mode:pass:paper|contract:FAIL:hermes_integration_i0_ftn_never_actionable,"{""m1_correct_side_of_eq"": true, ""m2_false_breakout"": false, ""m4_fvg_in_displacement"": false, ""m3_iof_aligned"": true, ""m5_ipda20_discount"": true, ""m6_with_20d_swing"": false, ""m7_osok_profile"": true, ""m8_cbdr_tight"": false, ""m8_ny_continues_london"": null, ""m10_us500_confirms"": false, ""m11_smt_divergence"": false, ""m12_topdown_agree"": false, ""m13_bridge_window_fvg"": false}"
2026-01-28,US100,ny_am,True,REV,named_extreme_raid+htf_pd+mss,2026-01-28T07:15:00,bearish,26162.87,26220.0,allowlist:not_on_mint_allowlist,pdh,bullish,aligned,D_FVG_bull_2026-01-27,1.9719936985821815,2.0,target,57.13000000000102,0.02800630141781851,sha256:4a847c2b7db76de8,kernel_ticket:pass:kernel_session_ticket|direction:pass:determined|risk:pass:within_caps|allowlist:FAIL:not_on_mint_allowlist|mode:pass:paper|contract:FAIL:hermes_integration_i0_ftn_never_actionable,"{""m1_correct_side_of_eq"": true, ""m2_false_breakout"": false, ""m4_fvg_in_displacement"": true, ""m3_iof_aligned"": true, ""m5_ipda20_discount"": true, ""m6_with_20d_swing"": false, ""m7_osok_profile"": true, ""m8_cbdr_tight"": false, ""m8_ny_continues_london"": true, ""m10_us500_confirms"": true, ""m11_smt_divergence"": false, ""m12_topdown_agree"": false, ""m13_bridge_window_fvg"": false}"
2026-02-02,US100,london,True,REV,named_extreme_raid+htf_pd+mss,2026-02-02T03:45:00,bullish,25292.279,25067.279,allowlist:not_on_mint_allowlist,pdl,bearish,qualified,D_FVG_bull_2026-01-07,1.992888888888889,2.0,target,225.0,0.0071111111111111115,sha256:4d506952f9eb3329,kernel_ticket:pass:kernel_session_ticket|direction:pass:determined|risk:pass:within_caps|allowlist:FAIL:not_on_mint_allowlist|mode:pass:paper|contract:FAIL:hermes_integration_i0_ftn_never_actionable,"{""m1_correct_side_of_eq"": true, ""m2_false_breakout"": false, ""m4_fvg_in_displacement"": true, ""m3_iof_aligned"": false, ""m5_ipda20_discount"": true, ""m6_with_20d_swing"": true, ""m7_osok_profile"": true, ""m8_cbdr_tight"": false, ""m8_ny_continues_london"": null, ""m10_us500_confirms"": true, ""m11_smt_divergence"": false, ""m12_topdown_agree"": false, ""m13_bridge_window_fvg"": false}"
2026-02-03,US100,london,True,REV,named_extreme_raid+htf_pd+mss,2026-02-03T03:15:00,bearish,25909.342,25917.849,allowlist:not_on_mint_allowlist,pdh,bullish,aligned,D_FVG_bull_2026-01-28,1.8119195956270817,2.0,target,8.506999999997788,0.18808040437291831,sha256:067455fe6368dea9,kernel_ticket:pass:kernel_session_ticket|direction:pass:determined|risk:pass:within_caps|allowlist:FAIL:not_on_mint_allowlist|mode:pass:paper|contract:FAIL:hermes_integration_i0_ftn_never_actionable,"{""m1_correct_side_of_eq"": true, ""m2_false_breakout"": false, ""m4_fvg_in_displacement"": false, ""m3_iof_aligned"": true, ""m5_ipda20_discount"": true, ""m6_with_20d_swing"": false, ""m7_osok_profile"": true, ""m8_cbdr_tight"": false, ""m8_ny_continues_london"": null, ""m10_us500_confirms"": false, ""m11_smt_divergence"": false, ""m12_topdown_agree"": false, ""m13_bridge_window_fvg"": false}"
2026-02-05,US100,ny_am,True,REV,named_extreme_raid+htf_pd+mss,2026-02-05T08:00:00,bullish,24693.447,24607.469,allowlist:not_on_mint_allowlist,pdl,bearish,aligned,D_FVG_bull_2026-01-22,-1.0186094117099724,-1.0,stop,85.97799999999916,0.018609411709972504,sha256:6ab761b158a7bc10,kernel_ticket:pass:kernel_session_ticket|direction:pass:determined|risk:pass:within_caps|allowlist:FAIL:not_on_mint_allowlist|mode:pass:paper|contract:FAIL:hermes_integration_i0_ftn_never_actionable,"{""m1_correct_side_of_eq"": true, ""m2_false_breakout"": true, ""m4_fvg_in_displacement"": false, ""m3_iof_aligned"": true, ""m5_ipda20_discount"": true, ""m6_with_20d_swing"": false, ""m7_osok_profile"": false, ""m8_cbdr_tight"": false, ""m8_ny_continues_london"": false, ""m10_us500_confirms"": true, ""m11_smt_divergence"": false, ""m12_topdown_agree"": false, ""m13_bridge_window_fvg"": false}"
2026-02-11,US100,ny_am,True,REV,named_extreme_raid+htf_pd+mss,2026-02-11T07:15:00,bullish,25190.816,25063.783,allowlist:not_on_mint_allowlist,pdl,bearish,qualified,D_FVG_bull_2026-01-22,-1.0125951524407044,-1.0,stop,127.03299999999945,0.01259515244070444,sha256:38f3fc2a2a48c86f,kernel_ticket:pass:kernel_session_ticket|direction:pass:determined|risk:pass:within_caps|allowlist:FAIL:not_on_mint_allowlist|mode:pass:paper|contract:FAIL:hermes_integration_i0_ftn_never_actionable,"{""m1_correct_side_of_eq"": true, ""m2_false_breakout"": false, ""m4_fvg_in_displacement"": true, ""m3_iof_aligned"": false, ""m5_ipda20_discount"": false, ""m6_with_20d_swing"": false, ""m7_osok_profile"": true, ""m8_cbdr_tight"": true, ""m8_ny_continues_london"": false, ""m10_us500_confirms"": true, ""m11_smt_divergence"": false, ""m12_topdown_agree"": false, ""m13_bridge_window_fvg"": false}"
2026-02-13,US100,london,True,REV,named_extreme_raid+htf_pd+mss,2026-02-13T02:15:00,bullish,24662.686,24569.675,allowlist:not_on_mint_allowlist,pdl,bearish,qualified,D_FVG_bear_2026-02-05,-1.0172022663985976,-1.0,stop,93.01100000000224,0.0172022663985976,sha256:06b49d96dd963d98,kernel_ticket:pass:kernel_session_ticket|direction:pass:determined|risk:pass:within_caps|allowlist:FAIL:not_on_mint_allowlist|mode:pass:paper|contract:FAIL:hermes_integration_i0_ftn_never_actionable,"{""m1_correct_side_of_eq"": true, ""m2_false_breakout"": false, ""m4_fvg_in_displacement"": true, ""m3_iof_aligned"": false, ""m5_ipda20_discount"": true, ""m6_with_20d_swing"": false, ""m7_osok_profile"": false, ""m8_cbdr_tight"": false, ""m8_ny_continues_london"": null, ""m10_us500_confirms"": true, ""m11_smt_divergence"": false, ""m12_topdown_agree"": false, ""m13_bridge_window_fvg"": false}"
2026-02-13,US100,ny_am,True,REV,named_extreme_raid+htf_pd+mss,2026-02-13T10:00:00,bullish,24624.708,24505.631,allowlist:not_on_mint_allowlist,pdl,bearish,aligned,D_FVG_bear_2026-02-05,1.986563316173568,2.0,target,119.0769999999975,0.013436683826431919,sha256:8eb04f0fdb2aeeed,kernel_ticket:pass:kernel_session_ticket|direction:pass:determined|risk:pass:within_caps|allowlist:FAIL:not_on_mint_allowlist|mode:pass:paper|contract:FAIL:hermes_integration_i0_ftn_never_actionable,"{""m1_correct_side_of_eq"": true, ""m2_false_breakout"": false, ""m4_fvg_in_displacement"": true, ""m3_iof_aligned"": true, ""m5_ipda20_discount"": true, ""m6_with_20d_swing"": false, ""m7_osok_profile"": false, ""m8_cbdr_tight"": false, ""m8_ny_continues_london"": true, ""m10_us500_confirms"": false, ""m11_smt_divergence"": false, ""m12_topdown_agree"": false, ""m13_bridge_window_fvg"": true}"
2026-02-17,US100,london,True,REV,named_extreme_raid+htf_pd+mss,2026-02-17T02:15:00,bullish,24530.892,24487.881,allowlist:not_on_mint_allowlist,pdl,bearish,qualified,D_FVG_bear_2026-02-13,1.9628002138987688,2.0,target,43.0109999999986,0.037199786101231126,sha256:618d209cf0b76de7,kernel_ticket:pass:kernel_session_ticket|direction:pass:determined|risk:pass:within_caps|allowlist:FAIL:not_on_mint_allowlist|mode:pass:paper|contract:FAIL:hermes_integration_i0_ftn_never_actionable,"{""m1_correct_side_of_eq"": true, ""m2_false_breakout"": true, ""m4_fvg_in_displacement"": false, ""m3_iof_aligned"": false, ""m5_ipda20_discount"": true, ""m6_with_20d_swing"": false, ""m7_osok_profile"": true, ""m8_cbdr_tight"": false, ""m8_ny_continues_london"": null, ""m10_us500_confirms"": false, ""m11_smt_divergence"": true, ""m12_topdown_agree"": false, ""m13_bridge_window_fvg"": false}"
2026-02-17,US100,ny_am,True,REV,named_extreme_raid+htf_pd+mss,2026-02-17T07:15:00,bullish,24582.881,24487.881,allowlist:not_on_mint_allowlist,pdl,bearish,qualified,D_FVG_bear_2026-02-13,-1.016842105263158,-1.0,stop,95.0,0.016842105263157894,sha256:66efaecb76321fb9,kernel_ticket:pass:kernel_session_ticket|direction:pass:determined|risk:pass:within_caps|allowlist:FAIL:not_on_mint_allowlist|mode:pass:paper|contract:FAIL:hermes_integration_i0_ftn_never_actionable,"{""m1_correct_side_of_eq"": true, ""m2_false_breakout"": true, ""m4_fvg_in_displacement"": true, ""m3_iof_aligned"": false, ""m5_ipda20_discount"": true, ""m6_with_20d_swing"": false, ""m7_osok_profile"": true, ""m8_cbdr_tight"": false, ""m8_ny_continues_london"": true, ""m10_us500_confirms"": true, ""m11_smt_divergence"": true, ""m12_topdown_agree"": false, ""m13_bridge_window_fvg"": false}"
2026-02-20,US100,ny_am,True,REV,named_extreme_raid+htf_pd+mss,2026-02-20T09:00:00,bullish,24711.022,24663.544,allowlist:not_on_mint_allowlist,pdl,bearish,aligned,D_FVG_bear_2026-02-13,-1.0336998188634743,-1.0,stop,47.477999999999156,0.03369981886347421,sha256:225bb5688284a455,kernel_ticket:pass:kernel_session_ticket|direction:pass:determined|risk:pass:within_caps|allowlist:FAIL:not_on_mint_allowlist|mode:pass:paper|contract:FAIL:hermes_integration_i0_ftn_never_actionable,"{""m1_correct_side_of_eq"": true, ""m2_false_breakout"": true, ""m4_fvg_in_displacement"": false, ""m3_iof_aligned"": true, ""m5_ipda20_discount"": true, ""m6_with_20d_swing"": false, ""m7_osok_profile"": false, ""m8_cbdr_tight"": true, ""m8_ny_continues_london"": false, ""m10_us500_confirms"": true, ""m11_smt_divergence"": true, ""m12_topdown_agree"": false, ""m13_bridge_window_fvg"": false}"
2026-02-25,US100,ny_am,True,REV,named_extreme_raid+htf_pd+mss,2026-02-25T07:15:00,bearish,25061.249,25081.699,allowlist:not_on_mint_allowlist,pdh,bullish,aligned,D_FVG_bear_2026-02-13,-1.0782396088019532,-1.0,stop,20.450000000000728,0.07823960880195321,sha256:56b51eaf8db05112,kernel_ticket:pass:kernel_session_ticket|direction:pass:determined|risk:pass:within_caps|allowlist:FAIL:not_on_mint_allowlist|mode:pass:paper|contract:FAIL:hermes_integration_i0_ftn_never_actionable,"{""m1_correct_side_of_eq"": true, ""m2_false_breakout"": true, ""m4_fvg_in_displacement"": false, ""m3_iof_aligned"": true, ""m5_ipda20_discount"": false, ""m6_with_20d_swing"": true, ""m7_osok_profile"": true, ""m8_cbdr_tight"": true, ""m8_ny_continues_london"": false, ""m10_us500_confirms"": false, ""m11_smt_divergence"": false, ""m12_topdown_agree"": false, ""m13_bridge_window_fvg"": false}"
2026-02-26,US100,ny_am,True,REV,named_extreme_raid+htf_pd+mss,2026-02-26T09:15:00,bearish,25329.772,25368.899,allowlist:not_on_mint_allowlist,pdh,bullish,aligned,D_FVG_bear_2026-02-05,1.959107521660235,2.0,target,39.12700000000041,0.040892478339764955,sha256:24de1ff51d49cab5,kernel_ticket:pass:kernel_session_ticket|direction:pass:determined|risk:pass:within_caps|allowlist:FAIL:not_on_mint_allowlist|mode:pass:paper|contract:FAIL:hermes_integration_i0_ftn_never_actionable,"{""m1_correct_side_of_eq"": true, ""m2_false_breakout"": true, ""m4_fvg_in_displacement"": false, ""m3_iof_aligned"": true, ""m5_ipda20_discount"": true, ""m6_with_20d_swing"": true, ""m7_osok_profile"": false, ""m8_cbdr_tight"": true, ""m8_ny_continues_london"": false, ""m10_us500_confirms"": true, ""m11_smt_divergence"": false, ""m12_topdown_agree"": false, ""m13_bridge_window_fvg"": false}"
2026-02-27,US100,ny_am,True,REV,named_extreme_raid+htf_pd+mss,2026-02-27T09:00:00,bullish,24828.155,24752.111,allowlist:not_on_mint_allowlist,pdl,bearish,aligned,D_FVG_bear_2026-02-13,-1.0210404502656363,-1.0,stop,76.04399999999805,0.021040450265636227,sha256:0262a1de9493d174,kernel_ticket:pass:kernel_session_ticket|direction:pass:determined|risk:pass:within_caps|allowlist:FAIL:not_on_mint_allowlist|mode:pass:paper|contract:FAIL:hermes_integration_i0_ftn_never_actionable,"{""m1_correct_side_of_eq"": true, ""m2_false_breakout"": false, ""m4_fvg_in_displacement"": false, ""m3_iof_aligned"": true, ""m5_ipda20_discount"": true, ""m6_with_20d_swing"": false, ""m7_osok_profile"": false, ""m8_cbdr_tight"": true, ""m8_ny_continues_london"": false, ""m10_us500_confirms"": true, ""m11_smt_divergence"": false, ""m12_topdown_agree"": false, ""m13_bridge_window_fvg"": false}"
2026-03-02,US100,london,True,REV,named_extreme_raid+htf_pd+mss,2026-03-02T02:15:00,bullish,24500.997,24492.053,allowlist:not_on_mint_allowlist,pdl,bearish,aligned,D_FVG_bear_2026-02-13,1.821109123434695,2.0,target,8.943999999999505,0.17889087656530508,sha256:855a817c9f9817bd,kernel_ticket:pass:kernel_session_ticket|direction:pass:determined|risk:pass:within_caps|allowlist:FAIL:not_on_mint_allowlist|mode:pass:paper|contract:FAIL:hermes_integration_i0_ftn_never_actionable,"{""m1_correct_side_of_eq"": true, ""m2_false_breakout"": false, ""m4_fvg_in_displacement"": false, ""m3_iof_aligned"": true, ""m5_ipda20_discount"": true, ""m6_with_20d_swing"": false, ""m7_osok_profile"": true, ""m8_cbdr_tight"": true, ""m8_ny_continues_london"": null, ""m10_us500_confirms"": false, ""m11_smt_divergence"": false, ""m12_topdown_agree"": false, ""m13_bridge_window_fvg"": false}"
2026-03-06,US100,ny_am,True,REV,named_extreme_raid+htf_pd+mss,2026-03-06T09:00:00,bullish,24616.07,24588.114,allowlist:not_on_mint_allowlist,pdl,bearish,aligned,D_FVG_bear_2026-02-13,-1.0572327943911897,-1.0,stop,27.955999999998312,0.05723279439118961,sha256:82955ea3450cf41d,kernel_ticket:pass:kernel_session_ticket|direction:pass:determined|risk:pass:within_caps|allowlist:FAIL:not_on_mint_allowlist|mode:pass:paper|contract:FAIL:hermes_integration_i0_ftn_never_actionable,"{""m1_correct_side_of_eq"": true, ""m2_false_breakout"": false, ""m4_fvg_in_displacement"": false, ""m3_iof_aligned"": true, ""m5_ipda20_discount"": true, ""m6_with_20d_swing"": true, ""m7_osok_profile"": false, ""m8_cbdr_tight"": false, ""m8_ny_continues_london"": false, ""m10_us500_confirms"": false, ""m11_smt_divergence"": false, ""m12_topdown_agree"": false, ""m13_bridge_window_fvg"": false}"
2026-03-09,US100,ny_am,True,REV,named_extreme_raid+htf_pd+mss,2026-03-09T10:00:00,bullish,24344.522,24058.642,allowlist:not_on_mint_allowlist,pdl,bearish,aligned,D_FVG_bear_2026-02-13,1.994403246117252,2.0,target,285.880000000001,0.005596753882747986,sha256:8cc3946ed23e30ce,kernel_ticket:pass:kernel_session_ticket|direction:pass:determined|risk:pass:within_caps|allowlist:FAIL:not_on_mint_allowlist|mode:pass:paper|contract:FAIL:hermes_integration_i0_ftn_never_actionable,"{""m1_correct_side_of_eq"": true, ""m2_false_breakout"": false, ""m4_fvg_in_displacement"": true, ""m3_iof_aligned"": true, ""m5_ipda20_discount"": true, ""m6_with_20d_swing"": true, ""m7_osok_profile"": true, ""m8_cbdr_tight"": false, ""m8_ny_continues_london"": true, ""m10_us500_confirms"": true, ""m11_smt_divergence"": false, ""m12_topdown_agree"": false, ""m13_bridge_window_fvg"": true}"
2026-03-10,US100,ny_am,True,REV,named_extreme_raid+htf_pd+mss,2026-03-10T07:15:00,bearish,24981.125,25120.027,allowlist:not_on_mint_allowlist,pdh,bullish,qualified,D_FVG_bear_2026-02-13,-1.0115189126146493,-1.0,stop,138.90199999999822,0.011518912614649325,sha256:847929a2081decaa,kernel_ticket:pass:kernel_session_ticket|direction:pass:determined|risk:pass:within_caps|allowlist:FAIL:not_on_mint_allowlist|mode:pass:paper|contract:FAIL:hermes_integration_i0_ftn_never_actionable,"{""m1_correct_side_of_eq"": true, ""m2_false_breakout"": false, ""m4_fvg_in_displacement"": true, ""m3_iof_aligned"": false, ""m5_ipda20_discount"": true, ""m6_with_20d_swing"": true, ""m7_osok_profile"": true, ""m8_cbdr_tight"": false, ""m8_ny_continues_london"": false, ""m10_us500_confirms"": true, ""m11_smt_divergence"": false, ""m12_topdown_agree"": false, ""m13_bridge_window_fvg"": false}"
2026-03-12,US100,london,True,REV,named_extreme_raid+htf_pd+mss,2026-03-12T02:15:00,bullish,24732.719,24688.088,allowlist:not_on_mint_allowlist,pdl,bearish,qualified,D_FVG_bear_2026-02-13,1.9641504783670554,2.0,target,44.63100000000122,0.035849521632944734,sha256:63c035d4073b5bf3,kernel_ticket:pass:kernel_session_ticket|direction:pass:determined|risk:pass:within_caps|allowlist:FAIL:not_on_mint_allowlist|mode:pass:paper|contract:FAIL:hermes_integration_i0_ftn_never_actionable,"{""m1_correct_side_of_eq"": true, ""m2_false_breakout"": false, ""m4_fvg_in_displacement"": true, ""m3_iof_aligned"": false, ""m5_ipda20_discount"": false, ""m6_with_20d_swing"": false, ""m7_osok_profile"": false, ""m8_cbdr_tight"": false, ""m8_ny_continues_london"": null, ""m10_us500_confirms"": true, ""m11_smt_divergence"": false, ""m12_topdown_agree"": false, ""m13_bridge_window_fvg"": false}"
2026-03-12,US100,ny_am,True,REV,named_extreme_raid+htf_pd+mss,2026-03-12T10:00:00,bullish,24637.816,24611.316,allowlist:not_on_mint_allowlist,pdl,bearish,aligned,D_FVG_bear_2026-02-13,1.939622641509434,2.0,target,26.5,0.06037735849056604,sha256:03758386cc875da8,kernel_ticket:pass:kernel_session_ticket|direction:pass:determined|risk:pass:within_caps|allowlist:FAIL:not_on_mint_allowlist|mode:pass:paper|contract:FAIL:hermes_integration_i0_ftn_never_actionable,"{""m1_correct_side_of_eq"": true, ""m2_false_breakout"": false, ""m4_fvg_in_displacement"": true, ""m3_iof_aligned"": true, ""m5_ipda20_discount"": true, ""m6_with_20d_swing"": false, ""m7_osok_profile"": false, ""m8_cbdr_tight"": false, ""m8_ny_continues_london"": true, ""m10_us500_confirms"": false, ""m11_smt_divergence"": false, ""m12_topdown_agree"": false, ""m13_bridge_window_fvg"": true}"
2026-03-13,US100,london,True,REV,named_extreme_raid+htf_pd+mss,2026-03-13T03:00:00,bullish,24463.708,24459.327,allowlist:not_on_mint_allowlist,pdl,bearish,aligned,D_FVG_bear_2026-02-13,-1.3652134215934448,-1.0,stop,4.380999999997584,0.36521342159344494,sha256:f6b519fb5bec578b,kernel_ticket:pass:kernel_session_ticket|direction:pass:determined|risk:pass:within_caps|allowlist:FAIL:not_on_mint_allowlist|mode:pass:paper|contract:FAIL:hermes_integration_i0_ftn_never_actionable,"{""m1_correct_side_of_eq"": true, ""m2_false_breakout"": false, ""m4_fvg_in_displacement"": false, ""m3_iof_aligned"": true, ""m5_ipda20_discount"": true, ""m6_with_20d_swing"": false, ""m7_osok_profile"": false, ""m8_cbdr_tight"": true, ""m8_ny_continues_london"": null, ""m10_us500_confirms"": false, ""m11_smt_divergence"": false, ""m12_topdown_agree"": false, ""m13_bridge_window_fvg"": false}"
2026-03-13,US100,ny_am,True,REV,named_extreme_raid+htf_pd+mss,2026-03-13T07:15:00,bullish,24601.566,24379.775,allowlist:not_on_mint_allowlist,pdl,bearish,qualified,D_FVG_bear_2026-02-13,-1.0072139987646027,-1.0,stop,221.79099999999744,0.007213998764602795,sha256:0b0ce38abe4f49e7,kernel_ticket:pass:kernel_session_ticket|direction:pass:determined|risk:pass:within_caps|allowlist:FAIL:not_on_mint_allowlist|mode:pass:paper|contract:FAIL:hermes_integration_i0_ftn_never_actionable,"{""m1_correct_side_of_eq"": true, ""m2_false_breakout"": false, ""m4_fvg_in_displacement"": true, ""m3_iof_aligned"": false, ""m5_ipda20_discount"": true, ""m6_with_20d_swing"": false, ""m7_osok_profile"": false, ""m8_cbdr_tight"": true, ""m8_ny_continues_london"": false, ""m10_us500_confirms"": true, ""m11_smt_divergence"": false, ""m12_topdown_agree"": false, ""m13_bridge_window_fvg"": false}"
2026-03-17,US100,ny_am,True,REV,named_extreme_raid+htf_pd+mss,2026-03-17T10:00:00,bearish,24859.199,24883.37,allowlist:not_on_mint_allowlist,pdh,bullish,aligned,D_FVG_bear_2026-03-13,1.9338049729014066,2.0,target,24.170999999998457,0.06619502709859344,sha256:2b198ee53c4d00ed,kernel_ticket:pass:kernel_session_ticket|direction:pass:determined|risk:pass:within_caps|allowlist:FAIL:not_on_mint_allowlist|mode:pass:paper|contract:FAIL:hermes_integration_i0_ftn_never_actionable,"{""m1_correct_side_of_eq"": true, ""m2_false_breakout"": false, ""m4_fvg_in_displacement"": false, ""m3_iof_aligned"": true, ""m5_ipda20_discount"": true, ""m6_with_20d_swing"": true, ""m7_osok_profile"": true, ""m8_cbdr_tight"": false, ""m8_ny_continues_london"": false, ""m10_us500_confirms"": false, ""m11_smt_divergence"": false, ""m12_topdown_agree"": false, ""m13_bridge_window_fvg"": false}"
2026-03-18,US100,london,True,REV,named_extreme_raid+htf_pd+mss,2026-03-18T02:15:00,bearish,24946.686,24956.555,allowlist:not_on_mint_allowlist,pdh,bullish,aligned,D_FVG_bear_2026-03-13,-1.1621238220691255,-1.0,stop,9.868999999998778,0.16212382206912537,sha256:334075689c52c005,kernel_ticket:pass:kernel_session_ticket|direction:pass:determined|risk:pass:within_caps|allowlist:FAIL:not_on_mint_allowlist|mode:pass:paper|contract:FAIL:hermes_integration_i0_ftn_never_actionable,"{""m1_correct_side_of_eq"": true, ""m2_false_breakout"": false, ""m4_fvg_in_displacement"": false, ""m3_iof_aligned"": true, ""m5_ipda20_discount"": true, ""m6_with_20d_swing"": false, ""m7_osok_profile"": true, ""m8_cbdr_tight"": true, ""m8_ny_continues_london"": null, ""m10_us500_confirms"": false, ""m11_smt_divergence"": true, ""m12_topdown_agree"": false, ""m13_bridge_window_fvg"": false}"
2026-03-18,US100,ny_am,True,REV,named_extreme_raid+htf_pd+mss,2026-03-18T07:15:00,bearish,24936.719,24982.099,allowlist:not_on_mint_allowlist,pdh,bullish,qualified,D_FVG_bear_2026-03-13,1.9647421771705578,2.0,target,45.37999999999738,0.03525782282944232,sha256:01b027d8ce222baf,kernel_ticket:pass:kernel_session_ticket|direction:pass:determined|risk:pass:within_caps|allowlist:FAIL:not_on_mint_allowlist|mode:pass:paper|contract:FAIL:hermes_integration_i0_ftn_never_actionable,"{""m1_correct_side_of_eq"": true, ""m2_false_breakout"": false, ""m4_fvg_in_displacement"": true, ""m3_iof_aligned"": false, ""m5_ipda20_discount"": true, ""m6_with_20d_swing"": false, ""m7_osok_profile"": true, ""m8_cbdr_tight"": true, ""m8_ny_continues_london"": false, ""m10_us500_confirms"": false, ""m11_smt_divergence"": false, ""m12_topdown_agree"": false, ""m13_bridge_window_fvg"": false}"
2026-03-19,US100,london,True,REV,named_extreme_raid+htf_pd+mss,2026-03-19T02:15:00,bullish,24394.925,24354.153,allowlist:not_on_mint_allowlist,pdl,bearish,aligned,D_FVG_bear_2026-03-13,-1.0392426174825853,-1.0,stop,40.772000000000844,0.03924261748258528,sha256:feccf63a288dccb8,kernel_ticket:pass:kernel_session_ticket|direction:pass:determined|risk:pass:within_caps|allowlist:FAIL:not_on_mint_allowlist|mode:pass:paper|contract:FAIL:hermes_integration_i0_ftn_never_actionable,"{""m1_correct_side_of_eq"": true, ""m2_false_breakout"": true, ""m4_fvg_in_displacement"": false, ""m3_iof_aligned"": true, ""m5_ipda20_discount"": true, ""m6_with_20d_swing"": false, ""m7_osok_profile"": false, ""m8_cbdr_tight"": false, ""m8_ny_continues_london"": null, ""m10_us500_confirms"": false, ""m11_smt_divergence"": true, ""m12_topdown_agree"": false, ""m13_bridge_window_fvg"": false}"
2026-03-19,US100,ny_am,True,REV,named_extreme_raid+htf_pd+mss,2026-03-19T10:00:00,bullish,24280.569,24105.175,allowlist:not_on_mint_allowlist,pdl,bearish,qualified,D_FVG_bear_2026-03-13,0.39999087768111297,0.4091131965745757,time,175.39400000000023,0.009122318893462707,sha256:6087600db986dc40,kernel_ticket:pass:kernel_session_ticket|direction:pass:determined|risk:pass:within_caps|allowlist:FAIL:not_on_mint_allowlist|mode:pass:paper|contract:FAIL:hermes_integration_i0_ftn_never_actionable,"{""m1_correct_side_of_eq"": true, ""m2_false_breakout"": true, ""m4_fvg_in_displacement"": true, ""m3_iof_aligned"": false, ""m5_ipda20_discount"": true, ""m6_with_20d_swing"": false, ""m7_osok_profile"": false, ""m8_cbdr_tight"": false, ""m8_ny_continues_london"": false, ""m10_us500_confirms"": false, ""m11_smt_divergence"": false, ""m12_topdown_agree"": false, ""m13_bridge_window_fvg"": true}"
2026-03-20,US100,ny_am,True,REV,named_extreme_raid+htf_pd+mss,2026-03-20T07:15:00,bullish,24234.631,24101.283,allowlist:not_on_mint_allowlist,pdl,bearish,aligned,D_FVG_bear_2026-03-19,-1.011998680145184,-1.0,stop,133.34800000000178,0.011998680145183871,sha256:c2ea9571363e1c7d,kernel_ticket:pass:kernel_session_ticket|direction:pass:determined|risk:pass:within_caps|allowlist:FAIL:not_on_mint_allowlist|mode:pass:paper|contract:FAIL:hermes_integration_i0_ftn_never_actionable,"{""m1_correct_side_of_eq"": true, ""m2_false_breakout"": true, ""m4_fvg_in_displacement"": true, ""m3_iof_aligned"": true, ""m5_ipda20_discount"": true, ""m6_with_20d_swing"": false, ""m7_osok_profile"": false, ""m8_cbdr_tight"": false, ""m8_ny_continues_london"": false, ""m10_us500_confirms"": true, ""m11_smt_divergence"": false, ""m12_topdown_agree"": false, ""m13_bridge_window_fvg"": false}"
2026-03-23,US100,london,True,REV,named_extreme_raid+htf_pd+mss,2026-03-23T02:15:00,bullish,23722.958,23702.664,allowlist:not_on_mint_allowlist,pdl,bearish,aligned,D_FVG_bear_2026-03-19,-1.078841036759641,-1.0,stop,20.29399999999805,0.07884103675964096,sha256:d1e8f91fc1847bbd,kernel_ticket:pass:kernel_session_ticket|direction:pass:determined|risk:pass:within_caps|allowlist:FAIL:not_on_mint_allowlist|mode:pass:paper|contract:FAIL:hermes_integration_i0_ftn_never_actionable,"{""m1_correct_side_of_eq"": true, ""m2_false_breakout"": false, ""m4_fvg_in_displacement"": true, ""m3_iof_aligned"": true, ""m5_ipda20_discount"": true, ""m6_with_20d_swing"": false, ""m7_osok_profile"": true, ""m8_cbdr_tight"": false, ""m8_ny_continues_london"": null, ""m10_us500_confirms"": false, ""m11_smt_divergence"": false, ""m12_topdown_agree"": false, ""m13_bridge_window_fvg"": false}"
2026-03-23,US100,ny_am,True,REV,named_extreme_raid+htf_pd+mss,2026-03-23T07:15:00,bullish,23684.425,23560.033,allowlist:not_on_mint_allowlist,pdl,bearish,aligned,D_FVG_bear_2026-03-19,1.9871374364910928,2.0,target,124.39199999999983,0.012862563508907344,sha256:d1922f24c9c48bc8,kernel_ticket:pass:kernel_session_ticket|direction:pass:determined|risk:pass:within_caps|allowlist:FAIL:not_on_mint_allowlist|mode:pass:paper|contract:FAIL:hermes_integration_i0_ftn_never_actionable,"{""m1_correct_side_of_eq"": true, ""m2_false_breakout"": false, ""m4_fvg_in_displacement"": true, ""m3_iof_aligned"": true, ""m5_ipda20_discount"": true, ""m6_with_20d_swing"": false, ""m7_osok_profile"": true, ""m8_cbdr_tight"": false, ""m8_ny_continues_london"": false, ""m10_us500_confirms"": true, ""m11_smt_divergence"": false, ""m12_topdown_agree"": false, ""m13_bridge_window_fvg"": false}"
2026-03-25,US100,london,True,REV,named_extreme_raid+htf_pd+mss,2026-03-25T04:45:00,bearish,24279.376,24324.376,allowlist:not_on_mint_allowlist,pdh,bearish,qualified,D_FVG_bear_2026-03-19,-1.0355555555555556,-1.0,stop,45.0,0.035555555555555556,sha256:9e370ccbffde8b54,kernel_ticket:pass:kernel_session_ticket|direction:pass:determined|risk:pass:within_caps|allowlist:FAIL:not_on_mint_allowlist|mode:pass:paper|contract:FAIL:hermes_integration_i0_ftn_never_actionable,"{""m1_correct_side_of_eq"": true, ""m2_false_breakout"": false, ""m4_fvg_in_displacement"": false, ""m3_iof_aligned"": false, ""m5_ipda20_discount"": false, ""m6_with_20d_swing"": true, ""m7_osok_profile"": true, ""m8_cbdr_tight"": false, ""m8_ny_continues_london"": null, ""m10_us500_confirms"": true, ""m11_smt_divergence"": false, ""m12_topdown_agree"": true, ""m13_bridge_window_fvg"": false}"
2026-03-25,US100,ny_am,True,REV,named_extreme_raid+htf_pd+mss,2026-03-25T10:00:00,bearish,24156.589,24329.887,allowlist:not_on_mint_allowlist,pdh,bearish,aligned,D_FVG_bear_2026-03-19,-0.035511084951933246,-0.026278433680712514,time,173.29799999999886,0.009232651271220733,sha256:6c48e4ad54cea804,kernel_ticket:pass:kernel_session_ticket|direction:pass:determined|risk:pass:within_caps|allowlist:FAIL:not_on_mint_allowlist|mode:pass:paper|contract:FAIL:hermes_integration_i0_ftn_never_actionable,"{""m1_correct_side_of_eq"": true, ""m2_false_breakout"": false, ""m4_fvg_in_displacement"": true, ""m3_iof_aligned"": true, ""m5_ipda20_discount"": false, ""m6_with_20d_swing"": true, ""m7_osok_profile"": true, ""m8_cbdr_tight"": false, ""m8_ny_continues_london"": false, ""m10_us500_confirms"": true, ""m11_smt_divergence"": false, ""m12_topdown_agree"": true, ""m13_bridge_window_fvg"": true}"
2026-03-26,US100,london,True,REV,named_extreme_raid+htf_pd+mss,2026-03-26T02:30:00,bullish,24072.609,24020.319,allowlist:not_on_mint_allowlist,pdl,bearish,aligned,D_FVG_bear_2026-03-19,-1.0305985848154517,-1.0,stop,52.29000000000087,0.030598584815451777,sha256:9128ccf528b42572,kernel_ticket:pass:kernel_session_ticket|direction:pass:determined|risk:pass:within_caps|allowlist:FAIL:not_on_mint_allowlist|mode:pass:paper|contract:FAIL:hermes_integration_i0_ftn_never_actionable,"{""m1_correct_side_of_eq"": true, ""m2_false_breakout"": false, ""m4_fvg_in_displacement"": false, ""m3_iof_aligned"": true, ""m5_ipda20_discount"": true, ""m6_with_20d_swing"": false, ""m7_osok_profile"": false, ""m8_cbdr_tight"": true, ""m8_ny_continues_london"": null, ""m10_us500_confirms"": true, ""m11_smt_divergence"": false, ""m12_topdown_agree"": false, ""m13_bridge_window_fvg"": false}"
2026-03-26,US100,ny_am,True,REV,named_extreme_raid+htf_pd+mss,2026-03-26T07:15:00,bullish,23957.066,23900.414,allowlist:not_on_mint_allowlist,pdl,bearish,qualified,D_FVG_bear_2026-03-19,-1.0282426039680868,-1.0,stop,56.651999999998225,0.028242603968086744,sha256:5938039cc54f522e,kernel_ticket:pass:kernel_session_ticket|direction:pass:determined|risk:pass:within_caps|allowlist:FAIL:not_on_mint_allowlist|mode:pass:paper|contract:FAIL:hermes_integration_i0_ftn_never_actionable,"{""m1_correct_side_of_eq"": true, ""m2_false_breakout"": false, ""m4_fvg_in_displacement"": true, ""m3_iof_aligned"": false, ""m5_ipda20_discount"": true, ""m6_with_20d_swing"": false, ""m7_osok_profile"": false, ""m8_cbdr_tight"": true, ""m8_ny_continues_london"": false, ""m10_us500_confirms"": false, ""m11_smt_divergence"": false, ""m12_topdown_agree"": false, ""m13_bridge_window_fvg"": false}"
2026-03-27,US100,ny_am,True,REV,named_extreme_raid+htf_pd+mss,2026-03-27T07:15:00,bullish,23439.833,23417.866,allowlist:not_on_mint_allowlist,pdl,bearish,aligned,D_FVG_bear_2026-03-19,1.9271634724814393,2.0,target,21.966999999996915,0.07283652751856079,sha256:5c647999815c6655,kernel_ticket:pass:kernel_session_ticket|direction:pass:determined|risk:pass:within_caps|allowlist:FAIL:not_on_mint_allowlist|mode:pass:paper|contract:FAIL:hermes_integration_i0_ftn_never_actionable,"{""m1_correct_side_of_eq"": true, ""m2_false_breakout"": false, ""m4_fvg_in_displacement"": false, ""m3_iof_aligned"": true, ""m5_ipda20_discount"": true, ""m6_with_20d_swing"": false, ""m7_osok_profile"": false, ""m8_cbdr_tight"": true, ""m8_ny_continues_london"": false, ""m10_us500_confirms"": false, ""m11_smt_divergence"": false, ""m12_topdown_agree"": false, ""m13_bridge_window_fvg"": false}"
2026-04-01,US100,london,True,REV,named_extreme_raid+htf_pd+mss,2026-04-01T02:15:00,bearish,23899.433,23901.824,allowlist:not_on_mint_allowlist,pdh,bullish,aligned,D_FVG_bear_2026-03-30,-1.6691760769553547,-1.0,stop,2.3909999999996217,0.6691760769553547,sha256:1e7cda9b415000e9,kernel_ticket:pass:kernel_session_ticket|direction:pass:determined|risk:pass:within_caps|allowlist:FAIL:not_on_mint_allowlist|mode:pass:paper|contract:FAIL:hermes_integration_i0_ftn_never_actionable,"{""m1_correct_side_of_eq"": true, ""m2_false_breakout"": false, ""m4_fvg_in_displacement"": false, ""m3_iof_aligned"": true, ""m5_ipda20_discount"": false, ""m6_with_20d_swing"": true, ""m7_osok_profile"": true, ""m8_cbdr_tight"": false, ""m8_ny_continues_london"": null, ""m10_us500_confirms"": false, ""m11_smt_divergence"": false, ""m12_topdown_agree"": false, ""m13_bridge_window_fvg"": false}"
2026-04-01,US100,ny_am,True,REV,named_extreme_raid+htf_pd+mss,2026-04-01T07:15:00,bearish,23975.933,24001.672,allowlist:not_on_mint_allowlist,pdh,bullish,aligned,D_FVG_bear_2026-03-30,-1.062162477174721,-1.0,stop,25.73899999999776,0.06216247717472083,sha256:9a544ee4fdf8fa8f,kernel_ticket:pass:kernel_session_ticket|direction:pass:determined|risk:pass:within_caps|allowlist:FAIL:not_on_mint_allowlist|mode:pass:paper|contract:FAIL:hermes_integration_i0_ftn_never_actionable,"{""m1_correct_side_of_eq"": true, ""m2_false_breakout"": false, ""m4_fvg_in_displacement"": true, ""m3_iof_aligned"": true, ""m5_ipda20_discount"": false, ""m6_with_20d_swing"": true, ""m7_osok_profile"": true, ""m8_cbdr_tight"": false, ""m8_ny_continues_london"": false, ""m10_us500_confirms"": false, ""m11_smt_divergence"": false, ""m12_topdown_agree"": false, ""m13_bridge_window_fvg"": false}"
2026-04-02,US100,ny_am,True,REV,named_extreme_raid+htf_pd+mss,2026-04-02T07:15:00,bullish,23584.175,23576.262,allowlist:not_on_mint_allowlist,pdl,bullish,qualified,D_FVG_bear_2026-03-30,-1.2021989131808297,-1.0,stop,7.913000000000466,0.20219891318082978,sha256:1caef75d079dbe99,kernel_ticket:pass:kernel_session_ticket|direction:pass:determined|risk:pass:within_caps|allowlist:FAIL:not_on_mint_allowlist|mode:pass:paper|contract:FAIL:hermes_integration_i0_ftn_never_actionable,"{""m1_correct_side_of_eq"": true, ""m2_false_breakout"": false, ""m4_fvg_in_displacement"": true, ""m3_iof_aligned"": false, ""m5_ipda20_discount"": true, ""m6_with_20d_swing"": false, ""m7_osok_profile"": false, ""m8_cbdr_tight"": true, ""m8_ny_continues_london"": true, ""m10_us500_confirms"": false, ""m11_smt_divergence"": false, ""m12_topdown_agree"": false, ""m13_bridge_window_fvg"": false}"
2026-04-06,US100,london,True,REV,named_extreme_raid+htf_pd+mss,2026-04-06T02:15:00,bearish,24102.033,24105.399,allowlist:not_on_mint_allowlist,pdh,bullish,qualified,D_FVG_bear_2026-03-27,1.5246583481880147,2.0,target,3.3660000000018044,0.47534165181198523,sha256:4caeae9d4b6988b6,kernel_ticket:pass:kernel_session_ticket|direction:pass:determined|risk:pass:within_caps|allowlist:FAIL:not_on_mint_allowlist|mode:pass:paper|contract:FAIL:hermes_integration_i0_ftn_never_actionable,"{""m1_correct_side_of_eq"": true, ""m2_false_breakout"": false, ""m4_fvg_in_displacement"": true, ""m3_iof_aligned"": false, ""m5_ipda20_discount"": true, ""m6_with_20d_swing"": true, ""m7_osok_profile"": true, ""m8_cbdr_tight"": true, ""m8_ny_continues_london"": null, ""m10_us500_confirms"": false, ""m11_smt_divergence"": true, ""m12_topdown_agree"": false, ""m13_bridge_window_fvg"": false}"
2026-04-06,US100,ny_am,True,REV,named_extreme_raid+htf_pd+mss,2026-04-06T07:15:00,bearish,24115.892,24226.425,allowlist:not_on_mint_allowlist,pdh,bullish,qualified,D_FVG_bear_2026-03-27,-1.0144753150642796,-1.0,stop,110.53299999999945,0.01447531506427952,sha256:000368eaf472e977,kernel_ticket:pass:kernel_session_ticket|direction:pass:determined|risk:pass:within_caps|allowlist:FAIL:not_on_mint_allowlist|mode:pass:paper|contract:FAIL:hermes_integration_i0_ftn_never_actionable,"{""m1_correct_side_of_eq"": true, ""m2_false_breakout"": false, ""m4_fvg_in_displacement"": true, ""m3_iof_aligned"": false, ""m5_ipda20_discount"": true, ""m6_with_20d_swing"": true, ""m7_osok_profile"": true, ""m8_cbdr_tight"": true, ""m8_ny_continues_london"": false, ""m10_us500_confirms"": false, ""m11_smt_divergence"": false, ""m12_topdown_agree"": false, ""m13_bridge_window_fvg"": false}"
2026-04-08,US100,london,True,REV,named_extreme_raid+htf_pd+mss,2026-04-08T02:15:00,bearish,25026.699,25032.366,allowlist:not_on_mint_allowlist,pdh,bullish,aligned,D_FVG_bear_2026-03-13,1.7176636668431906,2.0,target,5.667000000001281,0.28233633315680934,sha256:b1972c6be145bce9,kernel_ticket:pass:kernel_session_ticket|direction:pass:determined|risk:pass:within_caps|allowlist:FAIL:not_on_mint_allowlist|mode:pass:paper|contract:FAIL:hermes_integration_i0_ftn_never_actionable,"{""m1_correct_side_of_eq"": true, ""m2_false_breakout"": false, ""m4_fvg_in_displacement"": true, ""m3_iof_aligned"": true, ""m5_ipda20_discount"": true, ""m6_with_20d_swing"": true, ""m7_osok_profile"": true, ""m8_cbdr_tight"": false, ""m8_ny_continues_london"": null, ""m10_us500_confirms"": false, ""m11_smt_divergence"": false, ""m12_topdown_agree"": false, ""m13_bridge_window_fvg"": false}"
2026-04-08,US100,ny_am,True,REV,named_extreme_raid+htf_pd+mss,2026-04-08T07:15:00,bearish,25029.203,25076.199,allowlist:not_on_mint_allowlist,pdh,bullish,aligned,D_FVG_bear_2026-03-13,-1.0340454506766539,-1.0,stop,46.995999999999185,0.034045450676653925,sha256:2a1c8ccbc76561d9,kernel_ticket:pass:kernel_session_ticket|direction:pass:determined|risk:pass:within_caps|allowlist:FAIL:not_on_mint_allowlist|mode:pass:paper|contract:FAIL:hermes_integration_i0_ftn_never_actionable,"{""m1_correct_side_of_eq"": true, ""m2_false_breakout"": false, ""m4_fvg_in_displacement"": true, ""m3_iof_aligned"": true, ""m5_ipda20_discount"": true, ""m6_with_20d_swing"": true, ""m7_osok_profile"": true, ""m8_cbdr_tight"": false, ""m8_ny_continues_london"": false, ""m10_us500_confirms"": false, ""m11_smt_divergence"": false, ""m12_topdown_agree"": false, ""m13_bridge_window_fvg"": false}"
2026-04-10,US100,ny_am,True,REV,named_extreme_raid+htf_pd+mss,2026-04-10T10:00:00,bearish,25154.848,25204.891,allowlist:not_on_mint_allowlist,pdh,bullish,aligned,D_FVG_bear_2026-03-13,-1.031972503646865,-1.0,stop,50.042999999997846,0.031972503646865075,sha256:0000fd2edf146ebc,kernel_ticket:pass:kernel_session_ticket|direction:pass:determined|risk:pass:within_caps|allowlist:FAIL:not_on_mint_allowlist|mode:pass:paper|contract:FAIL:hermes_integration_i0_ftn_never_actionable,"{""m1_correct_side_of_eq"": true, ""m2_false_breakout"": false, ""m4_fvg_in_displacement"": true, ""m3_iof_aligned"": true, ""m5_ipda20_discount"": true, ""m6_with_20d_swing"": false, ""m7_osok_profile"": false, ""m8_cbdr_tight"": true, ""m8_ny_continues_london"": true, ""m10_us500_confirms"": false, ""m11_smt_divergence"": false, ""m12_topdown_agree"": false, ""m13_bridge_window_fvg"": true}"
2026-04-13,US100,ny_am,True,REV,named_extreme_raid+htf_pd+mss,2026-04-13T07:15:00,bullish,24997.947,24886.522,allowlist:not_on_mint_allowlist,pdl,bullish,aligned,D_FVG_bear_2026-03-13,1.9856405654027371,2.0,target,111.42499999999927,0.014359434597262827,sha256:35f86a23acb126c3,kernel_ticket:pass:kernel_session_ticket|direction:pass:determined|risk:pass:within_caps|allowlist:FAIL:not_on_mint_allowlist|mode:pass:paper|contract:FAIL:hermes_integration_i0_ftn_never_actionable,"{""m1_correct_side_of_eq"": true, ""m2_false_breakout"": false, ""m4_fvg_in_displacement"": true, ""m3_iof_aligned"": true, ""m5_ipda20_discount"": false, ""m6_with_20d_swing"": true, ""m7_osok_profile"": true, ""m8_cbdr_tight"": true, ""m8_ny_continues_london"": true, ""m10_us500_confirms"": true, ""m11_smt_divergence"": false, ""m12_topdown_agree"": true, ""m13_bridge_window_fvg"": false}"
2026-04-14,US100,ny_am,True,REV,named_extreme_raid+htf_pd+mss,2026-04-14T07:15:00,bearish,25478.283,25514.175,allowlist:not_on_mint_allowlist,pdh,bullish,qualified,D_FVG_bull_2026-04-09,-1.0445781789813888,-1.0,stop,35.891999999999825,0.04457817898138883,sha256:de600670250c298b,kernel_ticket:pass:kernel_session_ticket|direction:pass:determined|risk:pass:within_caps|allowlist:FAIL:not_on_mint_allowlist|mode:pass:paper|contract:FAIL:hermes_integration_i0_ftn_never_actionable,"{""m1_correct_side_of_eq"": true, ""m2_false_breakout"": false, ""m4_fvg_in_displacement"": true, ""m3_iof_aligned"": false, ""m5_ipda20_discount"": true, ""m6_with_20d_swing"": false, ""m7_osok_profile"": true, ""m8_cbdr_tight"": false, ""m8_ny_continues_london"": false, ""m10_us500_confirms"": false, ""m11_smt_divergence"": false, ""m12_topdown_agree"": false, ""m13_bridge_window_fvg"": false}"
2026-04-15,US100,ny_am,True,REV,named_extreme_raid+htf_pd+mss,2026-04-15T10:00:00,bearish,25906.077,25907.279,allowlist:not_on_mint_allowlist,pdh,bullish,aligned,D_FVG_bull_2026-04-14,-2.331114808655018,-1.0,stop,1.201999999997497,1.3311148086550182,sha256:dd3760d57060f605,kernel_ticket:pass:kernel_session_ticket|direction:pass:determined|risk:pass:within_caps|allowlist:FAIL:not_on_mint_allowlist|mode:pass:paper|contract:FAIL:hermes_integration_i0_ftn_never_actionable,"{""m1_correct_side_of_eq"": true, ""m2_false_breakout"": false, ""m4_fvg_in_displacement"": true, ""m3_iof_aligned"": true, ""m5_ipda20_discount"": true, ""m6_with_20d_swing"": false, ""m7_osok_profile"": true, ""m8_cbdr_tight"": true, ""m8_ny_continues_london"": false, ""m10_us500_confirms"": false, ""m11_smt_divergence"": false, ""m12_topdown_agree"": false, ""m13_bridge_window_fvg"": true}"
2026-04-16,US100,london,True,REV,named_extreme_raid+htf_pd+mss,2026-04-16T02:15:00,bearish,26320.914,26324.588,allowlist:not_on_mint_allowlist,pdh,bullish,aligned,D_FVG_bull_2026-04-15,1.5645073489383763,2.0,target,3.6739999999990687,0.43549265106162377,sha256:9eb1c9f1eb5f6ed9,kernel_ticket:pass:kernel_session_ticket|direction:pass:determined|risk:pass:within_caps|allowlist:FAIL:not_on_mint_allowlist|mode:pass:paper|contract:FAIL:hermes_integration_i0_ftn_never_actionable,"{""m1_correct_side_of_eq"": true, ""m2_false_breakout"": false, ""m4_fvg_in_displacement"": false, ""m3_iof_aligned"": true, ""m5_ipda20_discount"": true, ""m6_with_20d_swing"": false, ""m7_osok_profile"": false, ""m8_cbdr_tight"": false, ""m8_ny_continues_london"": null, ""m10_us500_confirms"": false, ""m11_smt_divergence"": false, ""m12_topdown_agree"": false, ""m13_bridge_window_fvg"": false}"
2026-04-17,US100,ny_am,True,REV,named_extreme_raid+htf_pd+mss,2026-04-17T08:15:00,bearish,26437.588,26442.899,allowlist:not_on_mint_allowlist,pdh,bullish,aligned,D_FVG_bull_2026-04-16,1.6987384673320385,2.0,target,5.311000000001513,0.30126153266796163,sha256:705314c7467f7828,kernel_ticket:pass:kernel_session_ticket|direction:pass:determined|risk:pass:within_caps|allowlist:FAIL:not_on_mint_allowlist|mode:pass:paper|contract:FAIL:hermes_integration_i0_ftn_never_actionable,"{""m1_correct_side_of_eq"": true, ""m2_false_breakout"": true, ""m4_fvg_in_displacement"": false, ""m3_iof_aligned"": true, ""m5_ipda20_discount"": true, ""m6_with_20d_swing"": false, ""m7_osok_profile"": false, ""m8_cbdr_tight"": true, ""m8_ny_continues_london"": false, ""m10_us500_confirms"": false, ""m11_smt_divergence"": false, ""m12_topdown_agree"": false, ""m13_bridge_window_fvg"": false}"
2026-04-21,US100,london,True,REV,named_extreme_raid+htf_pd+mss,2026-04-21T02:15:00,bearish,26698.783,26703.279,allowlist:not_on_mint_allowlist,pdh,bullish,aligned,D_FVG_bull_2026-04-17,1.644128113878939,2.0,target,4.495999999999185,0.35587188612106097,sha256:9481448f3449aaee,kernel_ticket:pass:kernel_session_ticket|direction:pass:determined|risk:pass:within_caps|allowlist:FAIL:not_on_mint_allowlist|mode:pass:paper|contract:FAIL:hermes_integration_i0_ftn_never_actionable,"{""m1_correct_side_of_eq"": true, ""m2_false_breakout"": false, ""m4_fvg_in_displacement"": true, ""m3_iof_aligned"": true, ""m5_ipda20_discount"": true, ""m6_with_20d_swing"": false, ""m7_osok_profile"": true, ""m8_cbdr_tight"": true, ""m8_ny_continues_london"": null, ""m10_us500_confirms"": false, ""m11_smt_divergence"": false, ""m12_topdown_agree"": false, ""m13_bridge_window_fvg"": false}"
2026-04-21,US100,ny_am,True,REV,named_extreme_raid+htf_pd+mss,2026-04-21T07:15:00,bearish,26700.827,26729.697,allowlist:not_on_mint_allowlist,pdh,bullish,aligned,D_FVG_bull_2026-04-17,-1.055420852095603,-1.0,stop,28.86999999999898,0.05542085209560293,sha256:0c84f6218c5213b5,kernel_ticket:pass:kernel_session_ticket|direction:pass:determined|risk:pass:within_caps|allowlist:FAIL:not_on_mint_allowlist|mode:pass:paper|contract:FAIL:hermes_integration_i0_ftn_never_actionable,"{""m1_correct_side_of_eq"": true, ""m2_false_breakout"": false, ""m4_fvg_in_displacement"": true, ""m3_iof_aligned"": true, ""m5_ipda20_discount"": true, ""m6_with_20d_swing"": false, ""m7_osok_profile"": true, ""m8_cbdr_tight"": true, ""m8_ny_continues_london"": false, ""m10_us500_confirms"": false, ""m11_smt_divergence"": false, ""m12_topdown_agree"": false, ""m13_bridge_window_fvg"": false}"
2026-04-27,US100,ny_am,True,REV,named_extreme_raid+htf_pd+mss,2026-04-27T07:15:00,bearish,27349.316,27405.12,allowlist:not_on_mint_allowlist,pdh,bullish,aligned,D_FVG_bull_2026-04-17,1.971328220199269,2.0,target,55.80400000000009,0.028671779800731087,sha256:9b078f8e2ebc0c7a,kernel_ticket:pass:kernel_session_ticket|direction:pass:determined|risk:pass:within_caps|allowlist:FAIL:not_on_mint_allowlist|mode:pass:paper|contract:FAIL:hermes_integration_i0_ftn_never_actionable,"{""m1_correct_side_of_eq"": true, ""m2_false_breakout"": false, ""m4_fvg_in_displacement"": true, ""m3_iof_aligned"": true, ""m5_ipda20_discount"": true, ""m6_with_20d_swing"": false, ""m7_osok_profile"": true, ""m8_cbdr_tight"": true, ""m8_ny_continues_london"": true, ""m10_us500_confirms"": true, ""m11_smt_divergence"": false, ""m12_topdown_agree"": false, ""m13_bridge_window_fvg"": false}"
2026-05-01,US100,ny_am,True,REV,named_extreme_raid+htf_pd+mss,2026-05-01T10:00:00,bearish,27742.764,27744.297,allowlist:not_on_mint_allowlist,pdh,bullish,aligned,D_FVG_bull_2026-04-27,-2.043705153294571,-1.0,stop,1.532999999999447,1.043705153294571,sha256:32ad691f8f0db9b9,kernel_ticket:pass:kernel_session_ticket|direction:pass:determined|risk:pass:within_caps|allowlist:FAIL:not_on_mint_allowlist|mode:pass:paper|contract:FAIL:hermes_integration_i0_ftn_never_actionable,"{""m1_correct_side_of_eq"": true, ""m2_false_breakout"": false, ""m4_fvg_in_displacement"": true, ""m3_iof_aligned"": true, ""m5_ipda20_discount"": true, ""m6_with_20d_swing"": false, ""m7_osok_profile"": false, ""m8_cbdr_tight"": true, ""m8_ny_continues_london"": true, ""m10_us500_confirms"": false, ""m11_smt_divergence"": false, ""m12_topdown_agree"": false, ""m13_bridge_window_fvg"": true}"
2026-05-04,US100,london,True,REV,named_extreme_raid+htf_pd+mss,2026-05-04T02:15:00,bearish,27802.486,27845.322,allowlist:not_on_mint_allowlist,pdh,bullish,qualified,D_FVG_bull_2026-05-01,1.9626482397982998,2.0,target,42.83599999999933,0.03735176020170009,sha256:09664bdc8ca9a004,kernel_ticket:pass:kernel_session_ticket|direction:pass:determined|risk:pass:within_caps|allowlist:FAIL:not_on_mint_allowlist|mode:pass:paper|contract:FAIL:hermes_integration_i0_ftn_never_actionable,"{""m1_correct_side_of_eq"": true, ""m2_false_breakout"": false, ""m4_fvg_in_displacement"": false, ""m3_iof_aligned"": false, ""m5_ipda20_discount"": true, ""m6_with_20d_swing"": false, ""m7_osok_profile"": true, ""m8_cbdr_tight"": true, ""m8_ny_continues_london"": null, ""m10_us500_confirms"": false, ""m11_smt_divergence"": true, ""m12_topdown_agree"": false, ""m13_bridge_window_fvg"": false}"
2026-05-04,US100,ny_am,True,REV,named_extreme_raid+htf_pd+mss,2026-05-04T10:00:00,bearish,27775.366,27845.322,allowlist:not_on_mint_allowlist,pdh,bullish,aligned,D_FVG_bull_2026-05-01,1.977128480759334,2.0,target,69.95599999999831,0.022871519240666115,sha256:6a28b43909ae5799,kernel_ticket:pass:kernel_session_ticket|direction:pass:determined|risk:pass:within_caps|allowlist:FAIL:not_on_mint_allowlist|mode:pass:paper|contract:FAIL:hermes_integration_i0_ftn_never_actionable,"{""m1_correct_side_of_eq"": true, ""m2_false_breakout"": false, ""m4_fvg_in_displacement"": true, ""m3_iof_aligned"": true, ""m5_ipda20_discount"": true, ""m6_with_20d_swing"": false, ""m7_osok_profile"": true, ""m8_cbdr_tight"": true, ""m8_ny_continues_london"": true, ""m10_us500_confirms"": true, ""m11_smt_divergence"": true, ""m12_topdown_agree"": false, ""m13_bridge_window_fvg"": true}"
2026-05-06,US100,london,True,REV,named_extreme_raid+htf_pd+mss,2026-05-06T02:15:00,bearish,28214.779,28250.392,allowlist:not_on_mint_allowlist,pdh,bullish,aligned,D_FVG_bull_2026-05-04,-1.0449274141465181,-1.0,stop,35.61300000000119,0.044927414146518026,sha256:ae72b79d7324a621,kernel_ticket:pass:kernel_session_ticket|direction:pass:determined|risk:pass:within_caps|allowlist:FAIL:not_on_mint_allowlist|mode:pass:paper|contract:FAIL:hermes_integration_i0_ftn_never_actionable,"{""m1_correct_side_of_eq"": true, ""m2_false_breakout"": false, ""m4_fvg_in_displacement"": false, ""m3_iof_aligned"": true, ""m5_ipda20_discount"": true, ""m6_with_20d_swing"": false, ""m7_osok_profile"": true, ""m8_cbdr_tight"": false, ""m8_ny_continues_london"": null, ""m10_us500_confirms"": false, ""m11_smt_divergence"": false, ""m12_topdown_agree"": false, ""m13_bridge_window_fvg"": false}"
2026-05-06,US100,ny_am,True,REV,named_extreme_raid+htf_pd+mss,2026-05-06T07:15:00,bearish,28501.697,28515.392,allowlist:not_on_mint_allowlist,pdh,bullish,aligned,D_FVG_bull_2026-05-04,1.8831690397955434,2.0,target,13.694999999999709,0.11683096020445667,sha256:79dfa02f234a876b,kernel_ticket:pass:kernel_session_ticket|direction:pass:determined|risk:pass:within_caps|allowlist:FAIL:not_on_mint_allowlist|mode:pass:paper|contract:FAIL:hermes_integration_i0_ftn_never_actionable,"{""m1_correct_side_of_eq"": true, ""m2_false_breakout"": false, ""m4_fvg_in_displacement"": true, ""m3_iof_aligned"": true, ""m5_ipda20_discount"": true, ""m6_with_20d_swing"": false, ""m7_osok_profile"": true, ""m8_cbdr_tight"": false, ""m8_ny_continues_london"": false, ""m10_us500_confirms"": false, ""m11_smt_divergence"": false, ""m12_topdown_agree"": false, ""m13_bridge_window_fvg"": false}"
2026-05-07,US100,london,True,REV,named_extreme_raid+htf_pd+mss,2026-05-07T03:30:00,bearish,28653.664,28689.327,allowlist:not_on_mint_allowlist,pdh,bullish,aligned,D_FVG_bull_2026-05-06,-1.0448644253147514,-1.0,stop,35.663000000000466,0.0448644253147514,sha256:30499e7f61216b0b,kernel_ticket:pass:kernel_session_ticket|direction:pass:determined|risk:pass:within_caps|allowlist:FAIL:not_on_mint_allowlist|mode:pass:paper|contract:FAIL:hermes_integration_i0_ftn_never_actionable,"{""m1_correct_side_of_eq"": true, ""m2_false_breakout"": false, ""m4_fvg_in_displacement"": false, ""m3_iof_aligned"": true, ""m5_ipda20_discount"": true, ""m6_with_20d_swing"": false, ""m7_osok_profile"": false, ""m8_cbdr_tight"": false, ""m8_ny_continues_london"": null, ""m10_us500_confirms"": true, ""m11_smt_divergence"": false, ""m12_topdown_agree"": false, ""m13_bridge_window_fvg"": false}"
2026-05-07,US100,ny_am,True,REV,named_extreme_raid+htf_pd+mss,2026-05-07T07:15:00,bearish,28604.649,28699.279,allowlist:not_on_mint_allowlist,pdh,bullish,qualified,D_FVG_bull_2026-05-06,-1.0169079573074082,-1.0,stop,94.62999999999738,0.016907957307408267,sha256:96dae822b4c93473,kernel_ticket:pass:kernel_session_ticket|direction:pass:determined|risk:pass:within_caps|allowlist:FAIL:not_on_mint_allowlist|mode:pass:paper|contract:FAIL:hermes_integration_i0_ftn_never_actionable,"{""m1_correct_side_of_eq"": true, ""m2_false_breakout"": false, ""m4_fvg_in_displacement"": true, ""m3_iof_aligned"": false, ""m5_ipda20_discount"": true, ""m6_with_20d_swing"": false, ""m7_osok_profile"": false, ""m8_cbdr_tight"": false, ""m8_ny_continues_london"": false, ""m10_us500_confirms"": true, ""m11_smt_divergence"": false, ""m12_topdown_agree"": false, ""m13_bridge_window_fvg"": false}"
2026-05-08,US100,ny_am,True,REV,named_extreme_raid+htf_pd+mss,2026-05-08T09:00:00,bearish,28799.544,28863.925,allowlist:not_on_mint_allowlist,pdh,bullish,aligned,D_FVG_bull_2026-05-07,-1.0248520526242224,-1.0,stop,64.38099999999758,0.024852052624222364,sha256:8a5f59f694c1cda6,kernel_ticket:pass:kernel_session_ticket|direction:pass:determined|risk:pass:within_caps|allowlist:FAIL:not_on_mint_allowlist|mode:pass:paper|contract:FAIL:hermes_integration_i0_ftn_never_actionable,"{""m1_correct_side_of_eq"": true, ""m2_false_breakout"": false, ""m4_fvg_in_displacement"": false, ""m3_iof_aligned"": true, ""m5_ipda20_discount"": true, ""m6_with_20d_swing"": false, ""m7_osok_profile"": false, ""m8_cbdr_tight"": false, ""m8_ny_continues_london"": false, ""m10_us500_confirms"": true, ""m11_smt_divergence"": false, ""m12_topdown_agree"": false, ""m13_bridge_window_fvg"": false}"
2026-05-12,US100,london,True,REV,named_extreme_raid+htf_pd+mss,2026-05-12T03:15:00,bullish,29108.261,29067.338,allowlist:not_on_mint_allowlist,pdl,bullish,qualified,D_FVG_bull_2026-05-07,-1.0390978178530421,-1.0,stop,40.922999999998865,0.039097817853042165,sha256:f62ba653ada8bfc9,kernel_ticket:pass:kernel_session_ticket|direction:pass:determined|risk:pass:within_caps|allowlist:FAIL:not_on_mint_allowlist|mode:pass:paper|contract:FAIL:hermes_integration_i0_ftn_never_actionable,"{""m1_correct_side_of_eq"": true, ""m2_false_breakout"": false, ""m4_fvg_in_displacement"": false, ""m3_iof_aligned"": false, ""m5_ipda20_discount"": false, ""m6_with_20d_swing"": true, ""m7_osok_profile"": true, ""m8_cbdr_tight"": true, ""m8_ny_continues_london"": null, ""m10_us500_confirms"": true, ""m11_smt_divergence"": true, ""m12_topdown_agree"": true, ""m13_bridge_window_fvg"": false}"
2026-05-14,US100,ny_am,True,REV,named_extreme_raid+htf_pd+mss,2026-05-14T10:00:00,bearish,29434.349,29578.381,allowlist:not_on_mint_allowlist,pdh,bullish,aligned,D_FVG_bull_2026-05-11,-1.0111086425238833,-1.0,stop,144.03200000000288,0.01110864252388336,sha256:77ff2acf5274f245,kernel_ticket:pass:kernel_session_ticket|direction:pass:determined|risk:pass:within_caps|allowlist:FAIL:not_on_mint_allowlist|mode:pass:paper|contract:FAIL:hermes_integration_i0_ftn_never_actionable,"{""m1_correct_side_of_eq"": true, ""m2_false_breakout"": false, ""m4_fvg_in_displacement"": true, ""m3_iof_aligned"": true, ""m5_ipda20_discount"": true, ""m6_with_20d_swing"": false, ""m7_osok_profile"": false, ""m8_cbdr_tight"": false, ""m8_ny_continues_london"": true, ""m10_us500_confirms"": false, ""m11_smt_divergence"": false, ""m12_topdown_agree"": false, ""m13_bridge_window_fvg"": true}"
2026-05-19,US100,ny_am,True,REV,named_extreme_raid+htf_pd+mss,2026-05-19T09:45:00,bullish,28813.958,28705.62,allowlist:not_on_mint_allowlist,pdl,bearish,qualified,D_FVG_bull_2026-05-11,-1.014768594583618,-1.0,stop,108.33799999999974,0.014768594583617973,sha256:b5499ae3f75e2062,kernel_ticket:pass:kernel_session_ticket|direction:pass:determined|risk:pass:within_caps|allowlist:FAIL:not_on_mint_allowlist|mode:pass:paper|contract:FAIL:hermes_integration_i0_ftn_never_actionable,"{""m1_correct_side_of_eq"": true, ""m2_false_breakout"": true, ""m4_fvg_in_displacement"": false, ""m3_iof_aligned"": false, ""m5_ipda20_discount"": false, ""m6_with_20d_swing"": true, ""m7_osok_profile"": true, ""m8_cbdr_tight"": false, ""m8_ny_continues_london"": true, ""m10_us500_confirms"": false, ""m11_smt_divergence"": false, ""m12_topdown_agree"": false, ""m13_bridge_window_fvg"": false}"
2026-05-21,US100,london,True,REV,named_extreme_raid+htf_pd+mss,2026-05-21T02:15:00,bearish,29273.131,29349.827,allowlist:not_on_mint_allowlist,pdh,bullish,qualified,D_FVG_bull_2026-05-11,1.9791384166058203,2.0,target,76.69599999999991,0.020861583394179643,sha256:99544ff2662864f8,kernel_ticket:pass:kernel_session_ticket|direction:pass:determined|risk:pass:within_caps|allowlist:FAIL:not_on_mint_allowlist|mode:pass:paper|contract:FAIL:hermes_integration_i0_ftn_never_actionable,"{""m1_correct_side_of_eq"": true, ""m2_false_breakout"": false, ""m4_fvg_in_displacement"": true, ""m3_iof_aligned"": false, ""m5_ipda20_discount"": true, ""m6_with_20d_swing"": false, ""m7_osok_profile"": false, ""m8_cbdr_tight"": false, ""m8_ny_continues_london"": null, ""m10_us500_confirms"": true, ""m11_smt_divergence"": true, ""m12_topdown_agree"": false, ""m13_bridge_window_fvg"": false}"
2026-05-21,US100,ny_am,True,REV,named_extreme_raid+htf_pd+mss,2026-05-21T07:15:00,bearish,29159.5,29372.805,allowlist:not_on_mint_allowlist,pdh,bullish,qualified,D_FVG_bull_2026-05-11,-1.0075009962260613,-1.0,stop,213.3050000000003,0.007500996226061264,sha256:e4925a4b3ba4132f,kernel_ticket:pass:kernel_session_ticket|direction:pass:determined|risk:pass:within_caps|allowlist:FAIL:not_on_mint_allowlist|mode:pass:paper|contract:FAIL:hermes_integration_i0_ftn_never_actionable,"{""m1_correct_side_of_eq"": true, ""m2_false_breakout"": false, ""m4_fvg_in_displacement"": true, ""m3_iof_aligned"": false, ""m5_ipda20_discount"": true, ""m6_with_20d_swing"": false, ""m7_osok_profile"": false, ""m8_cbdr_tight"": false, ""m8_ny_continues_london"": false, ""m10_us500_confirms"": true, ""m11_smt_divergence"": false, ""m12_topdown_agree"": false, ""m13_bridge_window_fvg"": false}"
2026-05-22,US100,london,True,REV,named_extreme_raid+htf_pd+mss,2026-05-22T02:15:00,bearish,29483.599,29529.827,allowlist:not_on_mint_allowlist,pdh,bullish,qualified,D_FVG_bear_2026-05-18,-1.0346110582331034,-1.0,stop,46.228000000002794,0.034611058233103384,sha256:befb86b4ca8afd9b,kernel_ticket:pass:kernel_session_ticket|direction:pass:determined|risk:pass:within_caps|allowlist:FAIL:not_on_mint_allowlist|mode:pass:paper|contract:FAIL:hermes_integration_i0_ftn_never_actionable,"{""m1_correct_side_of_eq"": true, ""m2_false_breakout"": false, ""m4_fvg_in_displacement"": false, ""m3_iof_aligned"": false, ""m5_ipda20_discount"": true, ""m6_with_20d_swing"": false, ""m7_osok_profile"": false, ""m8_cbdr_tight"": false, ""m8_ny_continues_london"": null, ""m10_us500_confirms"": true, ""m11_smt_divergence"": false, ""m12_topdown_agree"": false, ""m13_bridge_window_fvg"": false}"
2026-05-22,US100,ny_am,True,REV,named_extreme_raid+htf_pd+mss,2026-05-22T10:00:00,bearish,29563.22,29638.783,allowlist:not_on_mint_allowlist,pdh,bullish,aligned,D_FVG_bear_2026-05-18,-1.0211743842886074,-1.0,stop,75.56299999999828,0.02117438428860734,sha256:39959ad7a9998281,kernel_ticket:pass:kernel_session_ticket|direction:pass:determined|risk:pass:within_caps|allowlist:FAIL:not_on_mint_allowlist|mode:pass:paper|contract:FAIL:hermes_integration_i0_ftn_never_actionable,"{""m1_correct_side_of_eq"": true, ""m2_false_breakout"": false, ""m4_fvg_in_displacement"": true, ""m3_iof_aligned"": true, ""m5_ipda20_discount"": true, ""m6_with_20d_swing"": false, ""m7_osok_profile"": false, ""m8_cbdr_tight"": false, ""m8_ny_continues_london"": false, ""m10_us500_confirms"": false, ""m11_smt_divergence"": false, ""m12_topdown_agree"": false, ""m13_bridge_window_fvg"": true}"
2026-05-26,US100,ny_am,True,REV,named_extreme_raid+htf_pd+mss,2026-05-26T07:15:00,bearish,29766.905,29842.058,allowlist:not_on_mint_allowlist,pdh,bullish,aligned,D_FVG_bear_2026-05-18,-1.0212899019333885,-1.0,stop,75.15300000000207,0.021289901933388634,sha256:c69dfd6f99fd2259,kernel_ticket:pass:kernel_session_ticket|direction:pass:determined|risk:pass:within_caps|allowlist:FAIL:not_on_mint_allowlist|mode:pass:paper|contract:FAIL:hermes_integration_i0_ftn_never_actionable,"{""m1_correct_side_of_eq"": true, ""m2_false_breakout"": false, ""m4_fvg_in_displacement"": true, ""m3_iof_aligned"": true, ""m5_ipda20_discount"": true, ""m6_with_20d_swing"": false, ""m7_osok_profile"": true, ""m8_cbdr_tight"": true, ""m8_ny_continues_london"": false, ""m10_us500_confirms"": true, ""m11_smt_divergence"": false, ""m12_topdown_agree"": false, ""m13_bridge_window_fvg"": false}"
2026-05-27,US100,ny_am,True,REV,named_extreme_raid+htf_pd+mss,2026-05-27T07:15:00,bearish,30197.142,30203.077,allowlist:not_on_mint_allowlist,pdh,bullish,aligned,D_FVG_bull_2026-05-26,1.7304128053918033,2.0,target,5.93500000000131,0.26958719460819663,sha256:0e784b8e014fa024,kernel_ticket:pass:kernel_session_ticket|direction:pass:determined|risk:pass:within_caps|allowlist:FAIL:not_on_mint_allowlist|mode:pass:paper|contract:FAIL:hermes_integration_i0_ftn_never_actionable,"{""m1_correct_side_of_eq"": true, ""m2_false_breakout"": true, ""m4_fvg_in_displacement"": true, ""m3_iof_aligned"": true, ""m5_ipda20_discount"": true, ""m6_with_20d_swing"": false, ""m7_osok_profile"": true, ""m8_cbdr_tight"": true, ""m8_ny_continues_london"": false, ""m10_us500_confirms"": false, ""m11_smt_divergence"": false, ""m12_topdown_agree"": false, ""m13_bridge_window_fvg"": false}"
2026-05-29,US100,london,True,REV,named_extreme_raid+htf_pd+mss,2026-05-29T03:15:00,bearish,30251.639,30278.024,allowlist:not_on_mint_allowlist,pdh,bullish,aligned,D_FVG_bull_2026-05-27,1.9393594845556235,2.0,target,26.385000000002037,0.0606405154443766,sha256:14560f5c526b43e1,kernel_ticket:pass:kernel_session_ticket|direction:pass:determined|risk:pass:within_caps|allowlist:FAIL:not_on_mint_allowlist|mode:pass:paper|contract:FAIL:hermes_integration_i0_ftn_never_actionable,"{""m1_correct_side_of_eq"": true, ""m2_false_breakout"": false, ""m4_fvg_in_displacement"": false, ""m3_iof_aligned"": true, ""m5_ipda20_discount"": true, ""m6_with_20d_swing"": false, ""m7_osok_profile"": false, ""m8_cbdr_tight"": true, ""m8_ny_continues_london"": null, ""m10_us500_confirms"": true, ""m11_smt_divergence"": false, ""m12_topdown_agree"": false, ""m13_bridge_window_fvg"": false}"
2026-05-29,US100,ny_am,True,REV,named_extreme_raid+htf_pd+mss,2026-05-29T07:15:00,bearish,30288.654,30296.329,allowlist:not_on_mint_allowlist,pdh,bullish,aligned,D_FVG_bull_2026-05-27,-1.2084690553745139,-1.0,stop,7.67500000000291,0.2084690553745138,sha256:ee63e9f29762db3d,kernel_ticket:pass:kernel_session_ticket|direction:pass:determined|risk:pass:within_caps|allowlist:FAIL:not_on_mint_allowlist|mode:pass:paper|contract:FAIL:hermes_integration_i0_ftn_never_actionable,"{""m1_correct_side_of_eq"": true, ""m2_false_breakout"": false, ""m4_fvg_in_displacement"": true, ""m3_iof_aligned"": true, ""m5_ipda20_discount"": true, ""m6_with_20d_swing"": false, ""m7_osok_profile"": false, ""m8_cbdr_tight"": true, ""m8_ny_continues_london"": true, ""m10_us500_confirms"": false, ""m11_smt_divergence"": false, ""m12_topdown_agree"": false, ""m13_bridge_window_fvg"": false}"
2026-06-01,US100,london,True,REV,named_extreme_raid+htf_pd+mss,2026-06-01T02:15:00,bearish,30514.647,30530.799,allowlist:not_on_mint_allowlist,pdh,bullish,aligned,D_FVG_bull_2026-05-27,1.9009410599306478,2.0,target,16.151999999998225,0.09905894006935215,sha256:cfb0349c0cd1adb0,kernel_ticket:pass:kernel_session_ticket|direction:pass:determined|risk:pass:within_caps|allowlist:FAIL:not_on_mint_allowlist|mode:pass:paper|contract:FAIL:hermes_integration_i0_ftn_never_actionable,"{""m1_correct_side_of_eq"": true, ""m2_false_breakout"": false, ""m4_fvg_in_displacement"": false, ""m3_iof_aligned"": true, ""m5_ipda20_discount"": true, ""m6_with_20d_swing"": false, ""m7_osok_profile"": true, ""m8_cbdr_tight"": true, ""m8_ny_continues_london"": null, ""m10_us500_confirms"": false, ""m11_smt_divergence"": false, ""m12_topdown_agree"": false, ""m13_bridge_window_fvg"": false}"
2026-06-03,US100,ny_am,True,REV,named_extreme_raid+htf_pd+mss,2026-06-03T07:15:00,bearish,30727.653,30737.566,allowlist:not_on_mint_allowlist,pdh,bullish,aligned,D_FVG_bull_2026-05-27,-1.1614042166851533,-1.0,stop,9.913000000000466,0.16140421668515334,sha256:d633624079713740,kernel_ticket:pass:kernel_session_ticket|direction:pass:determined|risk:pass:within_caps|allowlist:FAIL:not_on_mint_allowlist|mode:pass:paper|contract:FAIL:hermes_integration_i0_ftn_never_actionable,"{""m1_correct_side_of_eq"": true, ""m2_false_breakout"": false, ""m4_fvg_in_displacement"": false, ""m3_iof_aligned"": true, ""m5_ipda20_discount"": true, ""m6_with_20d_swing"": false, ""m7_osok_profile"": true, ""m8_cbdr_tight"": true, ""m8_ny_continues_london"": false, ""m10_us500_confirms"": true, ""m11_smt_divergence"": true, ""m12_topdown_agree"": false, ""m13_bridge_window_fvg"": false}"
2026-06-04,US100,ny_am,True,PIP20,window=ny_expansion+interp_trigger,2026-06-04T07:15:00,bearish,30188.469,30208.469,allowlist:not_on_mint_allowlist,pdl,bearish,aligned,,-1.08,-1.0,stop,20.0,0.08,sha256:7ef5f379b19f7a40,kernel_ticket:pass:kernel_session_ticket|direction:pass:determined|risk:pass:within_caps|allowlist:FAIL:not_on_mint_allowlist|mode:pass:paper|contract:FAIL:hermes_integration_i0_ftn_never_actionable,"{""m1_correct_side_of_eq"": false, ""m2_false_breakout"": false, ""m4_fvg_in_displacement"": true, ""m3_iof_aligned"": true, ""m5_ipda20_discount"": true, ""m6_with_20d_swing"": false, ""m7_osok_profile"": false, ""m8_cbdr_tight"": false, ""m8_ny_continues_london"": true, ""m10_us500_confirms"": true, ""m11_smt_divergence"": false, ""m12_topdown_agree"": false, ""m13_bridge_window_fvg"": false}"
2026-06-09,US100,ny_am,True,REV,named_extreme_raid+htf_pd+mss,2026-06-09T09:45:00,bearish,29727.925,29731.142,allowlist:not_on_mint_allowlist,pdh,bullish,aligned,D_FVG_bull_2026-05-26,-1.4973577867577634,-1.0,stop,3.217000000000553,0.4973577867577635,sha256:241ed3aeee71c9c5,kernel_ticket:pass:kernel_session_ticket|direction:pass:determined|risk:pass:within_caps|allowlist:FAIL:not_on_mint_allowlist|mode:pass:paper|contract:FAIL:hermes_integration_i0_ftn_never_actionable,"{""m1_correct_side_of_eq"": true, ""m2_false_breakout"": true, ""m4_fvg_in_displacement"": false, ""m3_iof_aligned"": true, ""m5_ipda20_discount"": true, ""m6_with_20d_swing"": false, ""m7_osok_profile"": true, ""m8_cbdr_tight"": false, ""m8_ny_continues_london"": false, ""m10_us500_confirms"": false, ""m11_smt_divergence"": true, ""m12_topdown_agree"": false, ""m13_bridge_window_fvg"": false}"
2026-06-12,US100,ny_am,True,REV,named_extreme_raid+htf_pd+mss,2026-06-12T07:15:00,bearish,29562.009,29641.576,allowlist:not_on_mint_allowlist,pdh,bullish,qualified,D_FVG_bear_2026-05-18,1.9798911609084175,2.0,target,79.56700000000274,0.020108839091582505,sha256:e48ba5dfe44d888e,kernel_ticket:pass:kernel_session_ticket|direction:pass:determined|risk:pass:within_caps|allowlist:FAIL:not_on_mint_allowlist|mode:pass:paper|contract:FAIL:hermes_integration_i0_ftn_never_actionable,"{""m1_correct_side_of_eq"": true, ""m2_false_breakout"": false, ""m4_fvg_in_displacement"": true, ""m3_iof_aligned"": false, ""m5_ipda20_discount"": true, ""m6_with_20d_swing"": false, ""m7_osok_profile"": false, ""m8_cbdr_tight"": false, ""m8_ny_continues_london"": false, ""m10_us500_confirms"": false, ""m11_smt_divergence"": false, ""m12_topdown_agree"": false, ""m13_bridge_window_fvg"": false}"
2026-06-15,US100,london,True,REV,named_extreme_raid+htf_pd+mss,2026-06-15T02:15:00,bearish,30207.375,30218.831,allowlist:not_on_mint_allowlist,pdh,bullish,aligned,D_FVG_bear_2026-06-08,-1.1396648044692943,-1.0,stop,11.455999999998312,0.13966480446929433,sha256:1a17827215d3e3af,kernel_ticket:pass:kernel_session_ticket|direction:pass:determined|risk:pass:within_caps|allowlist:FAIL:not_on_mint_allowlist|mode:pass:paper|contract:FAIL:hermes_integration_i0_ftn_never_actionable,"{""m1_correct_side_of_eq"": true, ""m2_false_breakout"": false, ""m4_fvg_in_displacement"": false, ""m3_iof_aligned"": true, ""m5_ipda20_discount"": true, ""m6_with_20d_swing"": false, ""m7_osok_profile"": true, ""m8_cbdr_tight"": true, ""m8_ny_continues_london"": null, ""m10_us500_confirms"": false, ""m11_smt_divergence"": false, ""m12_topdown_agree"": false, ""m13_bridge_window_fvg"": false}"
2026-06-15,US100,ny_am,True,REV,named_extreme_raid+htf_pd+mss,2026-06-15T07:15:00,bearish,30263.275,30297.82,allowlist:not_on_mint_allowlist,pdh,bullish,aligned,D_FVG_bear_2026-06-08,-1.046316398899988,-1.0,stop,34.544999999998254,0.04631639889998787,sha256:7fda24c308a32316,kernel_ticket:pass:kernel_session_ticket|direction:pass:determined|risk:pass:within_caps|allowlist:FAIL:not_on_mint_allowlist|mode:pass:paper|contract:FAIL:hermes_integration_i0_ftn_never_actionable,"{""m1_correct_side_of_eq"": true, ""m2_false_breakout"": false, ""m4_fvg_in_displacement"": true, ""m3_iof_aligned"": true, ""m5_ipda20_discount"": true, ""m6_with_20d_swing"": false, ""m7_osok_profile"": true, ""m8_cbdr_tight"": true, ""m8_ny_continues_london"": false, ""m10_us500_confirms"": false, ""m11_smt_divergence"": false, ""m12_topdown_agree"": false, ""m13_bridge_window_fvg"": false}"
2026-06-16,US100,ny_am,True,REV,named_extreme_raid+htf_pd+mss,2026-06-16T07:15:00,bearish,30637.527,30642.187,allowlist:not_on_mint_allowlist,pdh,bullish,aligned,D_FVG_bear_2026-06-05,1.6566523605152788,2.0,target,4.6600000000034925,0.34334763948472125,sha256:6a547b605fb60675,kernel_ticket:pass:kernel_session_ticket|direction:pass:determined|risk:pass:within_caps|allowlist:FAIL:not_on_mint_allowlist|mode:pass:paper|contract:FAIL:hermes_integration_i0_ftn_never_actionable,"{""m1_correct_side_of_eq"": true, ""m2_false_breakout"": false, ""m4_fvg_in_displacement"": true, ""m3_iof_aligned"": true, ""m5_ipda20_discount"": true, ""m6_with_20d_swing"": false, ""m7_osok_profile"": true, ""m8_cbdr_tight"": true, ""m8_ny_continues_london"": false, ""m10_us500_confirms"": false, ""m11_smt_divergence"": true, ""m12_topdown_agree"": false, ""m13_bridge_window_fvg"": false}"
2026-06-18,US100,ny_am,True,REV,named_extreme_raid+htf_pd+mss,2026-06-18T10:00:00,bearish,30159.75,30295.398,allowlist:not_on_mint_allowlist,pdh,bearish,aligned,D_FVG_bear_2026-06-05,-1.0117952347251709,-1.0,stop,135.64800000000105,0.01179523472517094,sha256:1907d1863618ab7b,kernel_ticket:pass:kernel_session_ticket|direction:pass:determined|risk:pass:within_caps|allowlist:FAIL:not_on_mint_allowlist|mode:pass:paper|contract:FAIL:hermes_integration_i0_ftn_never_actionable,"{""m1_correct_side_of_eq"": true, ""m2_false_breakout"": false, ""m4_fvg_in_displacement"": false, ""m3_iof_aligned"": true, ""m5_ipda20_discount"": true, ""m6_with_20d_swing"": false, ""m7_osok_profile"": false, ""m8_cbdr_tight"": false, ""m8_ny_continues_london"": false, ""m10_us500_confirms"": true, ""m11_smt_divergence"": true, ""m12_topdown_agree"": false, ""m13_bridge_window_fvg"": false}"
2026-06-22,US100,london,True,REV,named_extreme_raid+htf_pd+mss,2026-06-22T04:15:00,bearish,30416.342,30470.099,allowlist:not_on_mint_allowlist,pdh,bullish,aligned,D_FVG_bear_2026-06-08,-1.0297635656751691,-1.0,stop,53.75699999999779,0.02976356567516911,sha256:e1b8890f6b46d224,kernel_ticket:pass:kernel_session_ticket|direction:pass:determined|risk:pass:within_caps|allowlist:FAIL:not_on_mint_allowlist|mode:pass:paper|contract:FAIL:hermes_integration_i0_ftn_never_actionable,"{""m1_correct_side_of_eq"": true, ""m2_false_breakout"": true, ""m4_fvg_in_displacement"": false, ""m3_iof_aligned"": true, ""m5_ipda20_discount"": true, ""m6_with_20d_swing"": false, ""m7_osok_profile"": true, ""m8_cbdr_tight"": true, ""m8_ny_continues_london"": null, ""m10_us500_confirms"": true, ""m11_smt_divergence"": true, ""m12_topdown_agree"": false, ""m13_bridge_window_fvg"": false}"
2026-06-22,US100,ny_am,True,REV,named_extreme_raid+htf_pd+mss,2026-06-22T07:15:00,bearish,30413.511,30518.354,allowlist:not_on_mint_allowlist,pdh,bullish,aligned,D_FVG_bear_2026-06-08,-1.0152609139379833,-1.0,stop,104.84300000000076,0.015260913937983352,sha256:b45fc2b964f343c6,kernel_ticket:pass:kernel_session_ticket|direction:pass:determined|risk:pass:within_caps|allowlist:FAIL:not_on_mint_allowlist|mode:pass:paper|contract:FAIL:hermes_integration_i0_ftn_never_actionable,"{""m1_correct_side_of_eq"": true, ""m2_false_breakout"": true, ""m4_fvg_in_displacement"": true, ""m3_iof_aligned"": true, ""m5_ipda20_discount"": true, ""m6_with_20d_swing"": false, ""m7_osok_profile"": true, ""m8_cbdr_tight"": true, ""m8_ny_continues_london"": false, ""m10_us500_confirms"": true, ""m11_smt_divergence"": true, ""m12_topdown_agree"": false, ""m13_bridge_window_fvg"": false}"
2026-06-23,US100,ny_am,True,REV,named_extreme_raid+htf_pd+mss,2026-06-23T10:00:00,bullish,29633.298,29306.779,allowlist:not_on_mint_allowlist,pdl,bullish,aligned,D_FVG_bull_2026-05-22,-1.0049001742624473,-1.0,stop,326.51900000000023,0.004900174262447205,sha256:403ccafd3d500845,kernel_ticket:pass:kernel_session_ticket|direction:pass:determined|risk:pass:within_caps|allowlist:FAIL:not_on_mint_allowlist|mode:pass:paper|contract:FAIL:hermes_integration_i0_ftn_never_actionable,"{""m1_correct_side_of_eq"": true, ""m2_false_breakout"": true, ""m4_fvg_in_displacement"": true, ""m3_iof_aligned"": true, ""m5_ipda20_discount"": false, ""m6_with_20d_swing"": true, ""m7_osok_profile"": true, ""m8_cbdr_tight"": true, ""m8_ny_continues_london"": false, ""m10_us500_confirms"": false, ""m11_smt_divergence"": false, ""m12_topdown_agree"": true, ""m13_bridge_window_fvg"": true}"
2026-06-25,US100,london,True,REV,named_extreme_raid+htf_pd+mss,2026-06-25T03:30:00,bearish,29872.209,29887.521,allowlist:not_on_mint_allowlist,pdh,bullish,aligned,D_FVG_bull_2026-05-27,-1.104493207941472,-1.0,stop,15.312000000001717,0.10449320794147209,sha256:6cc907e02643a542,kernel_ticket:pass:kernel_session_ticket|direction:pass:determined|risk:pass:within_caps|allowlist:FAIL:not_on_mint_allowlist|mode:pass:paper|contract:FAIL:hermes_integration_i0_ftn_never_actionable,"{""m1_correct_side_of_eq"": true, ""m2_false_breakout"": false, ""m4_fvg_in_displacement"": false, ""m3_iof_aligned"": true, ""m5_ipda20_discount"": true, ""m6_with_20d_swing"": true, ""m7_osok_profile"": false, ""m8_cbdr_tight"": false, ""m8_ny_continues_london"": null, ""m10_us500_confirms"": false, ""m11_smt_divergence"": true, ""m12_topdown_agree"": false, ""m13_bridge_window_fvg"": false}"
2026-06-25,US100,ny_am,True,REV,named_extreme_raid+htf_pd+mss,2026-06-25T07:15:00,bearish,29849.458,29919.789,allowlist:not_on_mint_allowlist,pdh,bullish,aligned,D_FVG_bull_2026-05-27,-1.0227495698909437,-1.0,stop,70.33100000000195,0.022749569890943618,sha256:63deec0ab3df84d3,kernel_ticket:pass:kernel_session_ticket|direction:pass:determined|risk:pass:within_caps|allowlist:FAIL:not_on_mint_allowlist|mode:pass:paper|contract:FAIL:hermes_integration_i0_ftn_never_actionable,"{""m1_correct_side_of_eq"": true, ""m2_false_breakout"": false, ""m4_fvg_in_displacement"": true, ""m3_iof_aligned"": true, ""m5_ipda20_discount"": true, ""m6_with_20d_swing"": true, ""m7_osok_profile"": false, ""m8_cbdr_tight"": false, ""m8_ny_continues_london"": false, ""m10_us500_confirms"": false, ""m11_smt_divergence"": true, ""m12_topdown_agree"": false, ""m13_bridge_window_fvg"": false}"
2026-06-26,US100,london,True,REV,named_extreme_raid+htf_pd+mss,2026-06-26T02:15:00,bullish,29026.275,28953.52,allowlist:not_on_mint_allowlist,pdl,bearish,qualified,D_FVG_bull_2026-06-15,1.9780083843034846,2.0,target,72.75500000000102,0.021991615696515397,sha256:fc3bd1419274e859,kernel_ticket:pass:kernel_session_ticket|direction:pass:determined|risk:pass:within_caps|allowlist:FAIL:not_on_mint_allowlist|mode:pass:paper|contract:FAIL:hermes_integration_i0_ftn_never_actionable,"{""m1_correct_side_of_eq"": true, ""m2_false_breakout"": true, ""m4_fvg_in_displacement"": true, ""m3_iof_aligned"": false, ""m5_ipda20_discount"": true, ""m6_with_20d_swing"": false, ""m7_osok_profile"": false, ""m8_cbdr_tight"": false, ""m8_ny_continues_london"": null, ""m10_us500_confirms"": false, ""m11_smt_divergence"": false, ""m12_topdown_agree"": false, ""m13_bridge_window_fvg"": false}"
2026-06-30,US100,ny_am,True,REV,named_extreme_raid+htf_pd+mss,2026-06-30T10:00:00,bearish,30089.11,30090.11,allowlist:not_on_mint_allowlist,pdh,bullish,aligned,D_FVG_bull_2026-06-16,-2.6,-1.0,stop,1.0,1.6,sha256:5b7ad81246d10ab3,kernel_ticket:pass:kernel_session_ticket|direction:pass:determined|risk:pass:within_caps|allowlist:FAIL:not_on_mint_allowlist|mode:pass:paper|contract:FAIL:hermes_integration_i0_ftn_never_actionable,"{""m1_correct_side_of_eq"": true, ""m2_false_breakout"": false, ""m4_fvg_in_displacement"": true, ""m3_iof_aligned"": true, ""m5_ipda20_discount"": true, ""m6_with_20d_swing"": true, ""m7_osok_profile"": true, ""m8_cbdr_tight"": true, ""m8_ny_continues_london"": true, ""m10_us500_confirms"": false, ""m11_smt_divergence"": false, ""m12_topdown_agree"": false, ""m13_bridge_window_fvg"": true}"
2026-07-02,US100,london,True,REV,named_extreme_raid+htf_pd+mss,2026-07-02T03:00:00,bullish,29665.033,29630.91,allowlist:not_on_mint_allowlist,pdl,bearish,aligned,D_FVG_bull_2026-06-16,-1.0468891949711343,-1.0,stop,34.12299999999959,0.046889194971134404,sha256:b63fc9b5ec1c728b,kernel_ticket:pass:kernel_session_ticket|direction:pass:determined|risk:pass:within_caps|allowlist:FAIL:not_on_mint_allowlist|mode:pass:paper|contract:FAIL:hermes_integration_i0_ftn_never_actionable,"{""m1_correct_side_of_eq"": true, ""m2_false_breakout"": false, ""m4_fvg_in_displacement"": false, ""m3_iof_aligned"": true, ""m5_ipda20_discount"": false, ""m6_with_20d_swing"": false, ""m7_osok_profile"": false, ""m8_cbdr_tight"": true, ""m8_ny_continues_london"": null, ""m10_us500_confirms"": false, ""m11_smt_divergence"": true, ""m12_topdown_agree"": false, ""m13_bridge_window_fvg"": false}"
2026-07-02,US100,ny_am,True,REV,named_extreme_raid+htf_pd+mss,2026-07-02T07:15:00,bullish,29750.925,29562.409,allowlist:not_on_mint_allowlist,pdl,bearish,qualified,D_FVG_bear_2026-06-05,-1.0084873432493793,-1.0,stop,188.51599999999962,0.008487343249379381,sha256:4b295e7cec9f0d74,kernel_ticket:pass:kernel_session_ticket|direction:pass:determined|risk:pass:within_caps|allowlist:FAIL:not_on_mint_allowlist|mode:pass:paper|contract:FAIL:hermes_integration_i0_ftn_never_actionable,"{""m1_correct_side_of_eq"": true, ""m2_false_breakout"": false, ""m4_fvg_in_displacement"": true, ""m3_iof_aligned"": false, ""m5_ipda20_discount"": false, ""m6_with_20d_swing"": false, ""m7_osok_profile"": false, ""m8_cbdr_tight"": true, ""m8_ny_continues_london"": false, ""m10_us500_confirms"": true, ""m11_smt_divergence"": true, ""m12_topdown_agree"": false, ""m13_bridge_window_fvg"": false}"
2026-07-08,US100,london,True,REV,named_extreme_raid+htf_pd+mss,2026-07-08T04:45:00,bullish,28789.881,28727.131,allowlist:not_on_mint_allowlist,pdl,bearish,qualified,D_FVG_bull_2026-06-30,-1.0254980079681275,-1.0,stop,62.75,0.02549800796812749,sha256:5d96817e1c85e88c,kernel_ticket:pass:kernel_session_ticket|direction:pass:determined|risk:pass:within_caps|allowlist:FAIL:not_on_mint_allowlist|mode:pass:paper|contract:FAIL:hermes_integration_i0_ftn_never_actionable,"{""m1_correct_side_of_eq"": true, ""m2_false_breakout"": false, ""m4_fvg_in_displacement"": false, ""m3_iof_aligned"": false, ""m5_ipda20_discount"": true, ""m6_with_20d_swing"": true, ""m7_osok_profile"": true, ""m8_cbdr_tight"": false, ""m8_ny_continues_london"": null, ""m10_us500_confirms"": false, ""m11_smt_divergence"": false, ""m12_topdown_agree"": false, ""m13_bridge_window_fvg"": false}"
2026-07-08,US100,ny_am,True,REV,named_extreme_raid+htf_pd+mss,2026-07-08T07:15:00,bullish,28771.922,28676.065,allowlist:not_on_mint_allowlist,pdl,bearish,qualified,D_FVG_bull_2026-06-30,1.983308469908301,2.0,target,95.85699999999997,0.0166915300916991,sha256:877cf5b471298e66,kernel_ticket:pass:kernel_session_ticket|direction:pass:determined|risk:pass:within_caps|allowlist:FAIL:not_on_mint_allowlist|mode:pass:paper|contract:FAIL:hermes_integration_i0_ftn_never_actionable,"{""m1_correct_side_of_eq"": true, ""m2_false_breakout"": false, ""m4_fvg_in_displacement"": true, ""m3_iof_aligned"": false, ""m5_ipda20_discount"": true, ""m6_with_20d_swing"": true, ""m7_osok_profile"": true, ""m8_cbdr_tight"": false, ""m8_ny_continues_london"": false, ""m10_us500_confirms"": false, ""m11_smt_divergence"": false, ""m12_topdown_agree"": false, ""m13_bridge_window_fvg"": false}"
2026-07-09,US100,london,True,REV,named_extreme_raid+htf_pd+mss,2026-07-09T03:45:00,bearish,29460.108,29463.008,allowlist:not_on_mint_allowlist,pdh,bullish,aligned,D_FVG_bear_2026-07-08,-1.5517241379307576,-1.0,stop,2.900000000001455,0.5517241379307577,sha256:76d0bd011dfa6a2e,kernel_ticket:pass:kernel_session_ticket|direction:pass:determined|risk:pass:within_caps|allowlist:FAIL:not_on_mint_allowlist|mode:pass:paper|contract:FAIL:hermes_integration_i0_ftn_never_actionable,"{""m1_correct_side_of_eq"": true, ""m2_false_breakout"": false, ""m4_fvg_in_displacement"": false, ""m3_iof_aligned"": true, ""m5_ipda20_discount"": true, ""m6_with_20d_swing"": true, ""m7_osok_profile"": false, ""m8_cbdr_tight"": true, ""m8_ny_continues_london"": null, ""m10_us500_confirms"": false, ""m11_smt_divergence"": true, ""m12_topdown_agree"": false, ""m13_bridge_window_fvg"": false}"
2026-07-09,US100,ny_am,True,REV,named_extreme_raid+htf_pd+mss,2026-07-09T07:45:00,bearish,29463.431,29515.12,allowlist:not_on_mint_allowlist,pdh,bullish,qualified,D_FVG_bear_2026-07-08,-1.030954361663024,-1.0,stop,51.68899999999849,0.03095436166302399,sha256:c195ea411a6d37df,kernel_ticket:pass:kernel_session_ticket|direction:pass:determined|risk:pass:within_caps|allowlist:FAIL:not_on_mint_allowlist|mode:pass:paper|contract:FAIL:hermes_integration_i0_ftn_never_actionable,"{""m1_correct_side_of_eq"": true, ""m2_false_breakout"": false, ""m4_fvg_in_displacement"": true, ""m3_iof_aligned"": false, ""m5_ipda20_discount"": true, ""m6_with_20d_swing"": true, ""m7_osok_profile"": false, ""m8_cbdr_tight"": true, ""m8_ny_continues_london"": false, ""m10_us500_confirms"": true, ""m11_smt_divergence"": true, ""m12_topdown_agree"": false, ""m13_bridge_window_fvg"": false}"
2026-07-13,US100,ny_am,True,REV,named_extreme_raid+htf_pd+mss,2026-07-13T07:15:00,bullish,29556.272,29333.831,allowlist:not_on_mint_allowlist,pdl,bullish,qualified,D_FVG_bull_2026-07-10,-1.0071929185716662,-1.0,stop,222.44100000000253,0.007192918571666113,sha256:0166dfffb02abd56,kernel_ticket:pass:kernel_session_ticket|direction:pass:determined|risk:pass:within_caps|allowlist:FAIL:not_on_mint_allowlist|mode:pass:paper|contract:FAIL:hermes_integration_i0_ftn_never_actionable,"{""m1_correct_side_of_eq"": true, ""m2_false_breakout"": false, ""m4_fvg_in_displacement"": true, ""m3_iof_aligned"": false, ""m5_ipda20_discount"": false, ""m6_with_20d_swing"": true, ""m7_osok_profile"": true, ""m8_cbdr_tight"": true, ""m8_ny_continues_london"": true, ""m10_us500_confirms"": true, ""m11_smt_divergence"": true, ""m12_topdown_agree"": true, ""m13_bridge_window_fvg"": false}"
2026-07-15,US100,london,True,REV,named_extreme_raid+htf_pd+mss,2026-07-15T02:15:00,bearish,29842.398,29859.31,allowlist:not_on_mint_allowlist,pdh,bullish,aligned,D_FVG_bull_2026-06-30,1.90539262062441,2.0,target,16.912000000000262,0.09460737937558984,sha256:dfde0a5f022484de,kernel_ticket:pass:kernel_session_ticket|direction:pass:determined|risk:pass:within_caps|allowlist:FAIL:not_on_mint_allowlist|mode:pass:paper|contract:FAIL:hermes_integration_i0_ftn_never_actionable,"{""m1_correct_side_of_eq"": true, ""m2_false_breakout"": false, ""m4_fvg_in_displacement"": false, ""m3_iof_aligned"": true, ""m5_ipda20_discount"": true, ""m6_with_20d_swing"": true, ""m7_osok_profile"": true, ""m8_cbdr_tight"": true, ""m8_ny_continues_london"": null, ""m10_us500_confirms"": false, ""m11_smt_divergence"": false, ""m12_topdown_agree"": false, ""m13_bridge_window_fvg"": false}"
2026-07-16,US100,ny_am,True,REV,named_extreme_raid+htf_pd+mss,2026-07-16T09:15:00,bullish,29255.497,29167.075,allowlist:not_on_mint_allowlist,pdl,bearish,aligned,D_FVG_bear_2026-07-08,-1.0180950442197645,-1.0,stop,88.42199999999866,0.018095044219764586,sha256:069f98cec39eca15,kernel_ticket:pass:kernel_session_ticket|direction:pass:determined|risk:pass:within_caps|allowlist:FAIL:not_on_mint_allowlist|mode:pass:paper|contract:FAIL:hermes_integration_i0_ftn_never_actionable,"{""m1_correct_side_of_eq"": true, ""m2_false_breakout"": true, ""m4_fvg_in_displacement"": false, ""m3_iof_aligned"": true, ""m5_ipda20_discount"": true, ""m6_with_20d_swing"": false, ""m7_osok_profile"": false, ""m8_cbdr_tight"": true, ""m8_ny_continues_london"": false, ""m10_us500_confirms"": false, ""m11_smt_divergence"": true, ""m12_topdown_agree"": false, ""m13_bridge_window_fvg"": false}"
2026-07-17,US100,london,True,REV,named_extreme_raid+htf_pd+mss,2026-07-17T02:15:00,bullish,28569.62,28534.631,allowlist:not_on_mint_allowlist,pdl,bearish,aligned,D_FVG_bear_2026-07-08,-1.0457286575780989,-1.0,stop,34.98899999999776,0.0457286575780989,sha256:71f2b23edcc6644c,kernel_ticket:pass:kernel_session_ticket|direction:pass:determined|risk:pass:within_caps|allowlist:FAIL:not_on_mint_allowlist|mode:pass:paper|contract:FAIL:hermes_integration_i0_ftn_never_actionable,"{""m1_correct_side_of_eq"": true, ""m2_false_breakout"": false, ""m4_fvg_in_displacement"": false, ""m3_iof_aligned"": true, ""m5_ipda20_discount"": true, ""m6_with_20d_swing"": false, ""m7_osok_profile"": false, ""m8_cbdr_tight"": false, ""m8_ny_continues_london"": null, ""m10_us500_confirms"": false, ""m11_smt_divergence"": false, ""m12_topdown_agree"": false, ""m13_bridge_window_fvg"": false}"
2026-07-17,US100,ny_am,True,REV,named_extreme_raid+htf_pd+mss,2026-07-17T07:15:00,bullish,28569.976,28361.389,allowlist:not_on_mint_allowlist,pdl,bearish,qualified,D_FVG_bear_2026-07-08,-1.0076706602041354,-1.0,stop,208.58699999999953,0.007670660204135462,sha256:228352fe1d90c1d1,kernel_ticket:pass:kernel_session_ticket|direction:pass:determined|risk:pass:within_caps|allowlist:FAIL:not_on_mint_allowlist|mode:pass:paper|contract:FAIL:hermes_integration_i0_ftn_never_actionable,"{""m1_correct_side_of_eq"": true, ""m2_false_breakout"": false, ""m4_fvg_in_displacement"": true, ""m3_iof_aligned"": false, ""m5_ipda20_discount"": true, ""m6_with_20d_swing"": false, ""m7_osok_profile"": false, ""m8_cbdr_tight"": false, ""m8_ny_continues_london"": false, ""m10_us500_confirms"": false, ""m11_smt_divergence"": false, ""m12_topdown_agree"": false, ""m13_bridge_window_fvg"": false}"
2026-07-21,US100,ny_am,True,REV,named_extreme_raid+htf_pd+mss,2026-07-21T10:00:00,bearish,28981.421,29076.409,allowlist:not_on_mint_allowlist,pdh,bearish,aligned,D_FVG_bear_2026-07-17,-1.0168442329557417,-1.0,stop,94.9880000000012,0.016844232955741566,sha256:a6cdf1d67391776d,kernel_ticket:pass:kernel_session_ticket|direction:pass:determined|risk:pass:within_caps|allowlist:FAIL:not_on_mint_allowlist|mode:pass:paper|contract:FAIL:hermes_integration_i0_ftn_never_actionable,"{""m1_correct_side_of_eq"": true, ""m2_false_breakout"": true, ""m4_fvg_in_displacement"": true, ""m3_iof_aligned"": true, ""m5_ipda20_discount"": false, ""m6_with_20d_swing"": true, ""m7_osok_profile"": true, ""m8_cbdr_tight"": false, ""m8_ny_continues_london"": false, ""m10_us500_confirms"": true, ""m11_smt_divergence"": true, ""m12_topdown_agree"": true, ""m13_bridge_window_fvg"": true}"
2026-07-23,US100,london,True,REV,named_extreme_raid+htf_pd+mss,2026-07-23T03:45:00,bullish,28773.519,28769.91,allowlist:not_on_mint_allowlist,pdl,bearish,aligned,D_FVG_bear_2026-07-17,-1.443336104183938,-1.0,stop,3.6090000000003783,0.44333610418393804,sha256:6b614fde19152c59,kernel_ticket:pass:kernel_session_ticket|direction:pass:determined|risk:pass:within_caps|allowlist:FAIL:not_on_mint_allowlist|mode:pass:paper|contract:FAIL:hermes_integration_i0_ftn_never_actionable,"{""m1_correct_side_of_eq"": true, ""m2_false_breakout"": true, ""m4_fvg_in_displacement"": false, ""m3_iof_aligned"": true, ""m5_ipda20_discount"": true, ""m6_with_20d_swing"": false, ""m7_osok_profile"": false, ""m8_cbdr_tight"": false, ""m8_ny_continues_london"": null, ""m10_us500_confirms"": false, ""m11_smt_divergence"": false, ""m12_topdown_agree"": false, ""m13_bridge_window_fvg"": false}"
2026-07-23,US100,ny_am,True,REV,named_extreme_raid+htf_pd+mss,2026-07-23T07:15:00,bullish,28890.353,28754.054,allowlist:not_on_mint_allowlist,pdl,bearish,qualified,D_FVG_bear_2026-07-17,-1.011738897570782,-1.0,stop,136.29899999999907,0.011738897570781965,sha256:f2714debdff67f57,kernel_ticket:pass:kernel_session_ticket|direction:pass:determined|risk:pass:within_caps|allowlist:FAIL:not_on_mint_allowlist|mode:pass:paper|contract:FAIL:hermes_integration_i0_ftn_never_actionable,"{""m1_correct_side_of_eq"": true, ""m2_false_breakout"": true, ""m4_fvg_in_displacement"": true, ""m3_iof_aligned"": false, ""m5_ipda20_discount"": true, ""m6_with_20d_swing"": false, ""m7_osok_profile"": false, ""m8_cbdr_tight"": false, ""m8_ny_continues_london"": true, ""m10_us500_confirms"": true, ""m11_smt_divergence"": false, ""m12_topdown_agree"": false, ""m13_bridge_window_fvg"": false}"
2026-07-27,US100,ny_am,True,REV,named_extreme_raid+htf_pd+mss,2026-07-27T10:00:00,bearish,28193.409,28610.589,allowlist:not_on_mint_allowlist,pdh,bearish,aligned,D_FVG_bear_2026-07-24,0.3655975837767843,0.36943285871805664,time,417.1800000000003,0.00383527494127235,sha256:78251c43f6e96850,kernel_ticket:pass:kernel_session_ticket|direction:pass:determined|risk:pass:within_caps|allowlist:FAIL:not_on_mint_allowlist|mode:pass:paper|contract:FAIL:hermes_integration_i0_ftn_never_actionable,"{""m1_correct_side_of_eq"": false, ""m2_false_breakout"": false, ""m4_fvg_in_displacement"": true, ""m3_iof_aligned"": true, ""m5_ipda20_discount"": false, ""m6_with_20d_swing"": true, ""m7_osok_profile"": true, ""m8_cbdr_tight"": false, ""m8_ny_continues_london"": false, ""m10_us500_confirms"": true, ""m11_smt_divergence"": false, ""m12_topdown_agree"": true, ""m13_bridge_window_fvg"": true}"
2026-07-28,US100,london,True,REV,named_extreme_raid+htf_pd+mss,2026-07-28T04:15:00,bullish,27737.01,27686.832,allowlist:not_on_mint_allowlist,pdl,bearish,aligned,D_FVG_bear_2026-07-24,1.9681135158834548,2.0,target,50.177999999999884,0.031886484116545176,sha256:a6f4d53b0e68bd16,kernel_ticket:pass:kernel_session_ticket|direction:pass:determined|risk:pass:within_caps|allowlist:FAIL:not_on_mint_allowlist|mode:pass:paper|contract:FAIL:hermes_integration_i0_ftn_never_actionable,"{""m1_correct_side_of_eq"": true, ""m2_false_breakout"": false, ""m4_fvg_in_displacement"": false, ""m3_iof_aligned"": true, ""m5_ipda20_discount"": true, ""m6_with_20d_swing"": false, ""m7_osok_profile"": true, ""m8_cbdr_tight"": false, ""m8_ny_continues_london"": null, ""m10_us500_confirms"": true, ""m11_smt_divergence"": true, ""m12_topdown_agree"": false, ""m13_bridge_window_fvg"": false}"
2026-07-28,US100,ny_am,True,REV,named_extreme_raid+htf_pd+mss,2026-07-28T10:00:00,bullish,27515.976,27494.421,allowlist:not_on_mint_allowlist,pdl,bearish,aligned,D_FVG_bear_2026-07-24,1.9257712827650206,2.0,target,21.55500000000029,0.07422871723497929,sha256:7a0da33d1250fa63,kernel_ticket:pass:kernel_session_ticket|direction:pass:determined|risk:pass:within_caps|allowlist:FAIL:not_on_mint_allowlist|mode:pass:paper|contract:FAIL:hermes_integration_i0_ftn_never_actionable,"{""m1_correct_side_of_eq"": true, ""m2_false_breakout"": false, ""m4_fvg_in_displacement"": true, ""m3_iof_aligned"": true, ""m5_ipda20_discount"": true, ""m6_with_20d_swing"": false, ""m7_osok_profile"": true, ""m8_cbdr_tight"": false, ""m8_ny_continues_london"": true, ""m10_us500_confirms"": false, ""m11_smt_divergence"": true, ""m12_topdown_agree"": false, ""m13_bridge_window_fvg"": true}"
2026-08-04,US100,london,True,REV,named_extreme_raid+htf_pd+mss,2026-08-04T03:15:00,bearish,28946.375,28978.554,allowlist:not_on_mint_allowlist,pdh,bullish,qualified,D_FVG_bear_2026-07-24,-1.049721868299201,-1.0,stop,32.17900000000009,0.04972186829920121,sha256:bbf21715506bd6e5,kernel_ticket:pass:kernel_session_ticket|direction:pass:determined|risk:pass:within_caps|allowlist:FAIL:not_on_mint_allowlist|mode:pass:paper|contract:FAIL:hermes_integration_i0_ftn_never_actionable,"{""m1_correct_side_of_eq"": true, ""m2_false_breakout"": false, ""m4_fvg_in_displacement"": true, ""m3_iof_aligned"": false, ""m5_ipda20_discount"": true, ""m6_with_20d_swing"": true, ""m7_osok_profile"": true, ""m8_cbdr_tight"": true, ""m8_ny_continues_london"": null, ""m10_us500_confirms"": false, ""m11_smt_divergence"": false, ""m12_topdown_agree"": false, ""m13_bridge_window_fvg"": false}"
2026-08-04,US100,ny_am,True,REV,named_extreme_raid+htf_pd+mss,2026-08-04T07:15:00,bearish,29021.131,29027.453,allowlist:not_on_mint_allowlist,pdh,bullish,aligned,D_FVG_bear_2026-07-24,-1.253084466940837,-1.0,stop,6.322000000000116,0.25308446694083686,sha256:392d29d5369e45b6,kernel_ticket:pass:kernel_session_ticket|direction:pass:determined|risk:pass:within_caps|allowlist:FAIL:not_on_mint_allowlist|mode:pass:paper|contract:FAIL:hermes_integration_i0_ftn_never_actionable,"{""m1_correct_side_of_eq"": true, ""m2_false_breakout"": false, ""m4_fvg_in_displacement"": true, ""m3_iof_aligned"": true, ""m5_ipda20_discount"": true, ""m6_with_20d_swing"": true, ""m7_osok_profile"": true, ""m8_cbdr_tight"": true, ""m8_ny_continues_london"": true, ""m10_us500_confirms"": false, ""m11_smt_divergence"": false, ""m12_topdown_agree"": false, ""m13_bridge_window_fvg"": false}"
2026-08-05,US100,london,True,REV,named_extreme_raid+htf_pd+mss,2026-08-05T02:30:00,bearish,29804.497,29865.553,allowlist:not_on_mint_allowlist,pdh,bullish,aligned,D_FVG_bull_2026-07-10,1.9737945492662476,2.0,target,61.056000000000495,0.02620545073375241,sha256:0feb1ca940fc6b41,kernel_ticket:pass:kernel_session_ticket|direction:pass:determined|risk:pass:within_caps|allowlist:FAIL:not_on_mint_allowlist|mode:pass:paper|contract:FAIL:hermes_integration_i0_ftn_never_actionable,"{""m1_correct_side_of_eq"": true, ""m2_false_breakout"": false, ""m4_fvg_in_displacement"": false, ""m3_iof_aligned"": true, ""m5_ipda20_discount"": true, ""m6_with_20d_swing"": false, ""m7_osok_profile"": true, ""m8_cbdr_tight"": true, ""m8_ny_continues_london"": null, ""m10_us500_confirms"": true, ""m11_smt_divergence"": false, ""m12_topdown_agree"": false, ""m13_bridge_window_fvg"": false}"
2026-08-05,US100,ny_am,True,REV,named_extreme_raid+htf_pd+mss,2026-08-05T10:00:00,bearish,29924.053,29948.189,allowlist:not_on_mint_allowlist,pdh,bullish,aligned,D_FVG_bull_2026-07-10,1.9337089824328766,2.0,target,24.135999999998603,0.0662910175671235,sha256:490cb4602d6d48b9,kernel_ticket:pass:kernel_session_ticket|direction:pass:determined|risk:pass:within_caps|allowlist:FAIL:not_on_mint_allowlist|mode:pass:paper|contract:FAIL:hermes_integration_i0_ftn_never_actionable,"{""m1_correct_side_of_eq"": true, ""m2_false_breakout"": false, ""m4_fvg_in_displacement"": true, ""m3_iof_aligned"": true, ""m5_ipda20_discount"": true, ""m6_with_20d_swing"": false, ""m7_osok_profile"": true, ""m8_cbdr_tight"": true, ""m8_ny_continues_london"": true, ""m10_us500_confirms"": false, ""m11_smt_divergence"": false, ""m12_topdown_agree"": false, ""m13_bridge_window_fvg"": true}"
2026-08-06,US100,ny_am,True,REV,named_extreme_raid+htf_pd+mss,2026-08-06T07:15:00,bullish,29296.443,29241.531,allowlist:not_on_mint_allowlist,pdl,bearish,aligned,D_FVG_bull_2026-07-10,-1.029137529137529,-1.0,stop,54.91200000000026,0.029137529137529,sha256:0af5883a58d40897,kernel_ticket:pass:kernel_session_ticket|direction:pass:determined|risk:pass:within_caps|allowlist:FAIL:not_on_mint_allowlist|mode:pass:paper|contract:FAIL:hermes_integration_i0_ftn_never_actionable,"{""m1_correct_side_of_eq"": true, ""m2_false_breakout"": false, ""m4_fvg_in_displacement"": false, ""m3_iof_aligned"": true, ""m5_ipda20_discount"": false, ""m6_with_20d_swing"": true, ""m7_osok_profile"": false, ""m8_cbdr_tight"": false, ""m8_ny_continues_london"": false, ""m10_us500_confirms"": false, ""m11_smt_divergence"": true, ""m12_topdown_agree"": false, ""m13_bridge_window_fvg"": false}"
2026-08-10,US100,london,True,REV,named_extreme_raid+htf_pd+mss,2026-08-10T02:30:00,bearish,29801.042,29850.265,allowlist:not_on_mint_allowlist,pdh,bullish,aligned,D_FVG_bull_2026-08-05,-1.0325051297157846,-1.0,stop,49.22299999999814,0.0325051297157845,sha256:50e34133e5debeba,kernel_ticket:pass:kernel_session_ticket|direction:pass:determined|risk:pass:within_caps|allowlist:FAIL:not_on_mint_allowlist|mode:pass:paper|contract:FAIL:hermes_integration_i0_ftn_never_actionable,"{""m1_correct_side_of_eq"": true, ""m2_false_breakout"": false, ""m4_fvg_in_displacement"": false, ""m3_iof_aligned"": true, ""m5_ipda20_discount"": true, ""m6_with_20d_swing"": true, ""m7_osok_profile"": true, ""m8_cbdr_tight"": true, ""m8_ny_continues_london"": null, ""m10_us500_confirms"": true, ""m11_smt_divergence"": false, ""m12_topdown_agree"": false, ""m13_bridge_window_fvg"": false}"
2026-08-10,US100,ny_am,True,REV,named_extreme_raid+htf_pd+mss,2026-08-10T07:15:00,bearish,29763.854,29871.699,allowlist:not_on_mint_allowlist,pdh,bullish,qualified,D_FVG_bull_2026-08-05,1.2276971579581692,1.2425332653344963,time,107.84500000000116,0.014836107376326978,sha256:f73416faf21f1e05,kernel_ticket:pass:kernel_session_ticket|direction:pass:determined|risk:pass:within_caps|allowlist:FAIL:not_on_mint_allowlist|mode:pass:paper|contract:FAIL:hermes_integration_i0_ftn_never_actionable,"{""m1_correct_side_of_eq"": true, ""m2_false_breakout"": false, ""m4_fvg_in_displacement"": true, ""m3_iof_aligned"": false, ""m5_ipda20_discount"": true, ""m6_with_20d_swing"": true, ""m7_osok_profile"": true, ""m8_cbdr_tight"": true, ""m8_ny_continues_london"": false, ""m10_us500_confirms"": true, ""m11_smt_divergence"": false, ""m12_topdown_agree"": false, ""m13_bridge_window_fvg"": false}"
2026-08-13,US100,ny_am,True,REV,named_extreme_raid+htf_pd+mss,2026-08-13T10:00:00,bearish,30073.589,30078.589,allowlist:not_on_mint_allowlist,pdh,bullish,aligned,D_FVG_bull_2026-08-10,-1.32,-1.0,stop,5.0,0.32,sha256:d18703083e4e5e47,kernel_ticket:pass:kernel_session_ticket|direction:pass:determined|risk:pass:within_caps|allowlist:FAIL:not_on_mint_allowlist|mode:pass:paper|contract:FAIL:hermes_integration_i0_ftn_never_actionable,"{""m1_correct_side_of_eq"": true, ""m2_false_breakout"": false, ""m4_fvg_in_displacement"": false, ""m3_iof_aligned"": true, ""m5_ipda20_discount"": true, ""m6_with_20d_swing"": false, ""m7_osok_profile"": false, ""m8_cbdr_tight"": true, ""m8_ny_continues_london"": true, ""m10_us500_confirms"": false, ""m11_smt_divergence"": false, ""m12_topdown_agree"": false, ""m13_bridge_window_fvg"": false}"
2026-08-14,US100,ny_am,True,REV,named_extreme_raid+htf_pd+mss,2026-08-14T08:15:00,bearish,30139.409,30183.064,allowlist:not_on_mint_allowlist,pdh,bullish,aligned,D_FVG_bull_2026-08-10,-1.0366510136295968,-1.0,stop,43.654999999998836,0.03665101362959667,sha256:e5fa06c80f59dff4,kernel_ticket:pass:kernel_session_ticket|direction:pass:determined|risk:pass:within_caps|allowlist:FAIL:not_on_mint_allowlist|mode:pass:paper|contract:FAIL:hermes_integration_i0_ftn_never_actionable,"{""m1_correct_side_of_eq"": true, ""m2_false_breakout"": true, ""m4_fvg_in_displacement"": false, ""m3_iof_aligned"": true, ""m5_ipda20_discount"": true, ""m6_with_20d_swing"": false, ""m7_osok_profile"": false, ""m8_cbdr_tight"": true, ""m8_ny_continues_london"": false, ""m10_us500_confirms"": true, ""m11_smt_divergence"": true, ""m12_topdown_agree"": false, ""m13_bridge_window_fvg"": false}"
2026-08-18,US100,london,True,REV,named_extreme_raid+htf_pd+mss,2026-08-18T02:15:00,bullish,29743.376,29692.321,allowlist:not_on_mint_allowlist,pdl,bearish,aligned,D_FVG_bull_2026-08-14,-1.0313387523259228,-1.0,stop,51.05500000000029,0.03133875232592285,sha256:067d87d15c4b8939,kernel_ticket:pass:kernel_session_ticket|direction:pass:determined|risk:pass:within_caps|allowlist:FAIL:not_on_mint_allowlist|mode:pass:paper|contract:FAIL:hermes_integration_i0_ftn_never_actionable,"{""m1_correct_side_of_eq"": true, ""m2_false_breakout"": false, ""m4_fvg_in_displacement"": false, ""m3_iof_aligned"": true, ""m5_ipda20_discount"": false, ""m6_with_20d_swing"": true, ""m7_osok_profile"": true, ""m8_cbdr_tight"": true, ""m8_ny_continues_london"": null, ""m10_us500_confirms"": false, ""m11_smt_divergence"": false, ""m12_topdown_agree"": false, ""m13_bridge_window_fvg"": false}"
2026-08-18,US100,ny_am,True,REV,named_extreme_raid+htf_pd+mss,2026-08-18T07:15:00,bullish,29675.753,29593.92,allowlist:not_on_mint_allowlist,pdl,bearish,qualified,D_FVG_bull_2026-08-14,-1.0195520144684902,-1.0,stop,81.83300000000236,0.019552014468490145,sha256:e4cac9977e88cb5b,kernel_ticket:pass:kernel_session_ticket|direction:pass:determined|risk:pass:within_caps|allowlist:FAIL:not_on_mint_allowlist|mode:pass:paper|contract:FAIL:hermes_integration_i0_ftn_never_actionable,"{""m1_correct_side_of_eq"": true, ""m2_false_breakout"": false, ""m4_fvg_in_displacement"": true, ""m3_iof_aligned"": false, ""m5_ipda20_discount"": false, ""m6_with_20d_swing"": true, ""m7_osok_profile"": true, ""m8_cbdr_tight"": true, ""m8_ny_continues_london"": false, ""m10_us500_confirms"": false, ""m11_smt_divergence"": false, ""m12_topdown_agree"": false, ""m13_bridge_window_fvg"": false}"
2026-08-19,US100,london,True,REV,named_extreme_raid+htf_pd+mss,2026-08-19T02:30:00,bullish,29394.508,29342.219,allowlist:not_on_mint_allowlist,pdl,bearish,aligned,D_FVG_bull_2026-08-10,1.9694008300024866,2.0,target,52.28900000000067,0.03059916999751343,sha256:d0d5a564bef6fc82,kernel_ticket:pass:kernel_session_ticket|direction:pass:determined|risk:pass:within_caps|allowlist:FAIL:not_on_mint_allowlist|mode:pass:paper|contract:FAIL:hermes_integration_i0_ftn_never_actionable,"{""m1_correct_side_of_eq"": true, ""m2_false_breakout"": true, ""m4_fvg_in_displacement"": false, ""m3_iof_aligned"": true, ""m5_ipda20_discount"": false, ""m6_with_20d_swing"": true, ""m7_osok_profile"": true, ""m8_cbdr_tight"": true, ""m8_ny_continues_london"": null, ""m10_us500_confirms"": true, ""m11_smt_divergence"": false, ""m12_topdown_agree"": false, ""m13_bridge_window_fvg"": false}"
2026-08-19,US100,ny_am,True,REV,named_extreme_raid+htf_pd+mss,2026-08-19T10:00:00,bullish,29406.776,29319.954,allowlist:not_on_mint_allowlist,pdl,bearish,aligned,D_FVG_bull_2026-08-10,-1.0184285089032734,-1.0,stop,86.82200000000012,0.01842850890327334,sha256:f50232ca9835604c,kernel_ticket:pass:kernel_session_ticket|direction:pass:determined|risk:pass:within_caps|allowlist:FAIL:not_on_mint_allowlist|mode:pass:paper|contract:FAIL:hermes_integration_i0_ftn_never_actionable,"{""m1_correct_side_of_eq"": true, ""m2_false_breakout"": true, ""m4_fvg_in_displacement"": true, ""m3_iof_aligned"": true, ""m5_ipda20_discount"": false, ""m6_with_20d_swing"": true, ""m7_osok_profile"": true, ""m8_cbdr_tight"": true, ""m8_ny_continues_london"": true, ""m10_us500_confirms"": true, ""m11_smt_divergence"": false, ""m12_topdown_agree"": false, ""m13_bridge_window_fvg"": true}"
2026-08-20,US100,ny_am,True,REV,named_extreme_raid+htf_pd+mss,2026-08-20T08:15:00,bullish,29180.119,29170.408,allowlist:not_on_mint_allowlist,pdl,bearish,aligned,D_FVG_bull_2026-08-10,1.8352383894552455,2.0,target,9.71099999999933,0.16476161054475444,sha256:165a0aee22ef4170,kernel_ticket:pass:kernel_session_ticket|direction:pass:determined|risk:pass:within_caps|allowlist:FAIL:not_on_mint_allowlist|mode:pass:paper|contract:FAIL:hermes_integration_i0_ftn_never_actionable,"{""m1_correct_side_of_eq"": true, ""m2_false_breakout"": false, ""m4_fvg_in_displacement"": false, ""m3_iof_aligned"": true, ""m5_ipda20_discount"": false, ""m6_with_20d_swing"": true, ""m7_osok_profile"": false, ""m8_cbdr_tight"": false, ""m8_ny_continues_london"": false, ""m10_us500_confirms"": false, ""m11_smt_divergence"": false, ""m12_topdown_agree"": false, ""m13_bridge_window_fvg"": false}"
2026-08-24,US100,ny_am,True,REV,named_extreme_raid+htf_pd+mss,2026-08-24T07:15:00,bullish,29091.486,29039.209,allowlist:not_on_mint_allowlist,pdl,bullish,qualified,D_FVG_bull_2026-08-04,1.9693938060715048,2.0,target,52.27700000000186,0.03060619392849519,sha256:affdf6ebc5fdedb4,kernel_ticket:pass:kernel_session_ticket|direction:pass:determined|risk:pass:within_caps|allowlist:FAIL:not_on_mint_allowlist|mode:pass:paper|contract:FAIL:hermes_integration_i0_ftn_never_actionable,"{""m1_correct_side_of_eq"": true, ""m2_false_breakout"": true, ""m4_fvg_in_displacement"": true, ""m3_iof_aligned"": false, ""m5_ipda20_discount"": false, ""m6_with_20d_swing"": true, ""m7_osok_profile"": true, ""m8_cbdr_tight"": true, ""m8_ny_continues_london"": true, ""m10_us500_confirms"": false, ""m11_smt_divergence"": true, ""m12_topdown_agree"": false, ""m13_bridge_window_fvg"": false}"
2026-08-27,US100,ny_am,True,REV,named_extreme_raid+htf_pd+mss,2026-08-27T07:15:00,bearish,29552.198,29597.41,allowlist:not_on_mint_allowlist,pdh,bullish,qualified,D_FVG_bull_2026-08-05,1.964611165177386,2.0,target,45.211999999999534,0.03538883482261383,sha256:7890edecaab4c60f,kernel_ticket:pass:kernel_session_ticket|direction:pass:determined|risk:pass:within_caps|allowlist:FAIL:not_on_mint_allowlist|mode:pass:paper|contract:FAIL:hermes_integration_i0_ftn_never_actionable,"{""m1_correct_side_of_eq"": true, ""m2_false_breakout"": false, ""m4_fvg_in_displacement"": true, ""m3_iof_aligned"": false, ""m5_ipda20_discount"": true, ""m6_with_20d_swing"": false, ""m7_osok_profile"": false, ""m8_cbdr_tight"": false, ""m8_ny_continues_london"": false, ""m10_us500_confirms"": false, ""m11_smt_divergence"": false, ""m12_topdown_agree"": false, ""m13_bridge_window_fvg"": false}"
2026-08-31,US100,ny_am,True,REV,named_extreme_raid+htf_pd+mss,2026-08-31T07:15:00,bullish,29385.819,29279.531,allowlist:not_on_mint_allowlist,pdl,bearish,qualified,D_FVG_bull_2026-08-10,0.580931055246134,0.5959844949571079,time,106.28800000000047,0.015053439710973893,sha256:8e40d27cde4a8deb,kernel_ticket:pass:kernel_session_ticket|direction:pass:determined|risk:pass:within_caps|allowlist:FAIL:not_on_mint_allowlist|mode:pass:paper|contract:FAIL:hermes_integration_i0_ftn_never_actionable,"{""m1_correct_side_of_eq"": true, ""m2_false_breakout"": false, ""m4_fvg_in_displacement"": true, ""m3_iof_aligned"": false, ""m5_ipda20_discount"": false, ""m6_with_20d_swing"": true, ""m7_osok_profile"": true, ""m8_cbdr_tight"": true, ""m8_ny_continues_london"": true, ""m10_us500_confirms"": true, ""m11_smt_divergence"": false, ""m12_topdown_agree"": false, ""m13_bridge_window_fvg"": false}"
2026-09-02,US100,ny_am,True,REV,named_extreme_raid+htf_pd+mss,2026-09-02T07:15:00,bullish,28971.221,28880.309,allowlist:not_on_mint_allowlist,pdl,bearish,qualified,D_FVG_bull_2026-08-28,1.9824005631819783,2.0,target,90.91200000000026,0.017599436818021775,sha256:7f21afa980c26ec2,kernel_ticket:pass:kernel_session_ticket|direction:pass:determined|risk:pass:within_caps|allowlist:FAIL:not_on_mint_allowlist|mode:pass:paper|contract:FAIL:hermes_integration_i0_ftn_never_actionable,"{""m1_correct_side_of_eq"": true, ""m2_false_breakout"": false, ""m4_fvg_in_displacement"": false, ""m3_iof_aligned"": false, ""m5_ipda20_discount"": true, ""m6_with_20d_swing"": false, ""m7_osok_profile"": true, ""m8_cbdr_tight"": false, ""m8_ny_continues_london"": false, ""m10_us500_confirms"": true, ""m11_smt_divergence"": false, ""m12_topdown_agree"": false, ""m13_bridge_window_fvg"": false}"
2026-09-03,US100,ny_am,True,REV,named_extreme_raid+htf_pd+mss,2026-09-03T10:00:00,bearish,29288.476,29331.021,allowlist:not_on_mint_allowlist,pdh,bullish,aligned,D_FVG_bear_2026-09-02,1.9623927606064184,2.0,target,42.54500000000189,0.03760723939358159,sha256:cf1da97b4264a21e,kernel_ticket:pass:kernel_session_ticket|direction:pass:determined|risk:pass:within_caps|allowlist:FAIL:not_on_mint_allowlist|mode:pass:paper|contract:FAIL:hermes_integration_i0_ftn_never_actionable,"{""m1_correct_side_of_eq"": true, ""m2_false_breakout"": false, ""m4_fvg_in_displacement"": true, ""m3_iof_aligned"": true, ""m5_ipda20_discount"": false, ""m6_with_20d_swing"": true, ""m7_osok_profile"": false, ""m8_cbdr_tight"": true, ""m8_ny_continues_london"": false, ""m10_us500_confirms"": false, ""m11_smt_divergence"": false, ""m12_topdown_agree"": false, ""m13_bridge_window_fvg"": true}"
2026-09-04,US100,london,True,REV,named_extreme_raid+htf_pd+mss,2026-09-04T02:45:00,bearish,29561.575,29602.599,allowlist:not_on_mint_allowlist,pdh,bullish,aligned,D_FVG_bull_2026-08-28,-1.0390015600624047,-1.0,stop,41.02399999999761,0.039001560062404766,sha256:cf88e3de6efbab00,kernel_ticket:pass:kernel_session_ticket|direction:pass:determined|risk:pass:within_caps|allowlist:FAIL:not_on_mint_allowlist|mode:pass:paper|contract:FAIL:hermes_integration_i0_ftn_never_actionable,"{""m1_correct_side_of_eq"": true, ""m2_false_breakout"": false, ""m4_fvg_in_displacement"": false, ""m3_iof_aligned"": true, ""m5_ipda20_discount"": true, ""m6_with_20d_swing"": false, ""m7_osok_profile"": false, ""m8_cbdr_tight"": true, ""m8_ny_continues_london"": null, ""m10_us500_confirms"": true, ""m11_smt_divergence"": false, ""m12_topdown_agree"": false, ""m13_bridge_window_fvg"": false}"
2026-09-04,US100,ny_am,True,REV,named_extreme_raid+htf_pd+mss,2026-09-04T07:15:00,bearish,29617.221,29661.054,allowlist:not_on_mint_allowlist,pdh,bullish,aligned,D_FVG_bull_2026-08-10,1.9634978212762064,2.0,target,43.83299999999872,0.036502178723793646,sha256:7c198e1cdee200b5,kernel_ticket:pass:kernel_session_ticket|direction:pass:determined|risk:pass:within_caps|allowlist:FAIL:not_on_mint_allowlist|mode:pass:paper|contract:FAIL:hermes_integration_i0_ftn_never_actionable,"{""m1_correct_side_of_eq"": true, ""m2_false_breakout"": false, ""m4_fvg_in_displacement"": true, ""m3_iof_aligned"": true, ""m5_ipda20_discount"": true, ""m6_with_20d_swing"": false, ""m7_osok_profile"": false, ""m8_cbdr_tight"": true, ""m8_ny_continues_london"": false, ""m10_us500_confirms"": true, ""m11_smt_divergence"": false, ""m12_topdown_agree"": false, ""m13_bridge_window_fvg"": false}"
2026-09-09,US100,ny_am,True,REV,named_extreme_raid+htf_pd+mss,2026-09-09T07:15:00,bullish,29382.543,29343.054,allowlist:not_on_mint_allowlist,pdl,bearish,aligned,D_FVG_bear_2026-08-19,-1.040517612499682,-1.0,stop,39.4890000000014,0.040517612499682026,sha256:d5734c1f80acf1cf,kernel_ticket:pass:kernel_session_ticket|direction:pass:determined|risk:pass:within_caps|allowlist:FAIL:not_on_mint_allowlist|mode:pass:paper|contract:FAIL:hermes_integration_i0_ftn_never_actionable,"{""m1_correct_side_of_eq"": true, ""m2_false_breakout"": false, ""m4_fvg_in_displacement"": false, ""m3_iof_aligned"": true, ""m5_ipda20_discount"": true, ""m6_with_20d_swing"": false, ""m7_osok_profile"": true, ""m8_cbdr_tight"": true, ""m8_ny_continues_london"": false, ""m10_us500_confirms"": false, ""m11_smt_divergence"": false, ""m12_topdown_agree"": false, ""m13_bridge_window_fvg"": false}"
2026-09-10,US100,ny_am,True,REV,named_extreme_raid+htf_pd+mss,2026-09-10T08:00:00,bullish,29238.253,29237.253,allowlist:not_on_mint_allowlist,pdl,bearish,aligned,D_FVG_bull_2026-08-28,0.3999999999999999,2.0,target,1.0,1.6,sha256:37184baffee2a906,kernel_ticket:pass:kernel_session_ticket|direction:pass:determined|risk:pass:within_caps|allowlist:FAIL:not_on_mint_allowlist|mode:pass:paper|contract:FAIL:hermes_integration_i0_ftn_never_actionable,"{""m1_correct_side_of_eq"": true, ""m2_false_breakout"": true, ""m4_fvg_in_displacement"": false, ""m3_iof_aligned"": true, ""m5_ipda20_discount"": true, ""m6_with_20d_swing"": false, ""m7_osok_profile"": false, ""m8_cbdr_tight"": true, ""m8_ny_continues_london"": false, ""m10_us500_confirms"": false, ""m11_smt_divergence"": true, ""m12_topdown_agree"": false, ""m13_bridge_window_fvg"": false}"
2026-09-14,US100,ny_am,True,PIP20,window=ny_expansion+interp_trigger,2026-09-14T10:00:00,bullish,28989.408,28969.408,allowlist:not_on_mint_allowlist,pdl,bullish,aligned,,1.92,2.0,target,20.0,0.08,sha256:800fa7ef7e89e32c,kernel_ticket:pass:kernel_session_ticket|direction:pass:determined|risk:pass:within_caps|allowlist:FAIL:not_on_mint_allowlist|mode:pass:paper|contract:FAIL:hermes_integration_i0_ftn_never_actionable,"{""m1_correct_side_of_eq"": true, ""m2_false_breakout"": false, ""m4_fvg_in_displacement"": true, ""m3_iof_aligned"": true, ""m5_ipda20_discount"": true, ""m6_with_20d_swing"": false, ""m7_osok_profile"": true, ""m8_cbdr_tight"": true, ""m8_ny_continues_london"": false, ""m10_us500_confirms"": false, ""m11_smt_divergence"": true, ""m12_topdown_agree"": false, ""m13_bridge_window_fvg"": true}"
2026-09-18,US100,london,True,REV,named_extreme_raid+htf_pd+mss,2026-09-18T02:15:00,bearish,29585.408,29588.365,allowlist:not_on_mint_allowlist,pdh,bullish,aligned,D_FVG_bull_2026-08-28,-1.541088941494364,-1.0,stop,2.9570000000021537,0.5410889414943642,sha256:fd09ca2dc936940e,kernel_ticket:pass:kernel_session_ticket|direction:pass:determined|risk:pass:within_caps|allowlist:FAIL:not_on_mint_allowlist|mode:pass:paper|contract:FAIL:hermes_integration_i0_ftn_never_actionable,"{""m1_correct_side_of_eq"": true, ""m2_false_breakout"": false, ""m4_fvg_in_displacement"": false, ""m3_iof_aligned"": true, ""m5_ipda20_discount"": true, ""m6_with_20d_swing"": true, ""m7_osok_profile"": false, ""m8_cbdr_tight"": true, ""m8_ny_continues_london"": null, ""m10_us500_confirms"": false, ""m11_smt_divergence"": false, ""m12_topdown_agree"": false, ""m13_bridge_window_fvg"": false}"
2026-09-21,US100,london,True,REV,named_extreme_raid+htf_pd+mss,2026-09-21T02:15:00,bearish,29824.119,29833.786,allowlist:not_on_mint_allowlist,pdh,bullish,aligned,D_FVG_bull_2026-08-28,-1.1655115340850095,-1.0,stop,9.66700000000128,0.16551153408500963,sha256:50846382450447fa,kernel_ticket:pass:kernel_session_ticket|direction:pass:determined|risk:pass:within_caps|allowlist:FAIL:not_on_mint_allowlist|mode:pass:paper|contract:FAIL:hermes_integration_i0_ftn_never_actionable,"{""m1_correct_side_of_eq"": true, ""m2_false_breakout"": false, ""m4_fvg_in_displacement"": false, ""m3_iof_aligned"": true, ""m5_ipda20_discount"": true, ""m6_with_20d_swing"": false, ""m7_osok_profile"": true, ""m8_cbdr_tight"": false, ""m8_ny_continues_london"": null, ""m10_us500_confirms"": false, ""m11_smt_divergence"": false, ""m12_topdown_agree"": false, ""m13_bridge_window_fvg"": false}"
2026-09-21,US100,ny_am,True,REV,named_extreme_raid+htf_pd+mss,2026-09-21T07:15:00,bearish,29944.743,29978.02,allowlist:not_on_mint_allowlist,pdh,bullish,aligned,D_FVG_bull_2026-08-28,-1.0480812573248763,-1.0,stop,33.27700000000186,0.04808125732487636,sha256:0dbaf1b4c42569cc,kernel_ticket:pass:kernel_session_ticket|direction:pass:determined|risk:pass:within_caps|allowlist:FAIL:not_on_mint_allowlist|mode:pass:paper|contract:FAIL:hermes_integration_i0_ftn_never_actionable,"{""m1_correct_side_of_eq"": true, ""m2_false_breakout"": false, ""m4_fvg_in_displacement"": false, ""m3_iof_aligned"": true, ""m5_ipda20_discount"": true, ""m6_with_20d_swing"": false, ""m7_osok_profile"": true, ""m8_cbdr_tight"": false, ""m8_ny_continues_london"": false, ""m10_us500_confirms"": false, ""m11_smt_divergence"": false, ""m12_topdown_agree"": false, ""m13_bridge_window_fvg"": false}"
2026-09-22,US100,ny_am,True,REV,named_extreme_raid+htf_pd+mss,2026-09-22T07:15:00,bearish,30490.275,30571.464,allowlist:not_on_mint_allowlist,pdh,bullish,qualified,D_FVG_bull_2026-09-21,-1.0197071031790024,-1.0,stop,81.18899999999849,0.01970710317900245,sha256:8cf189ec5c9bcda3,kernel_ticket:pass:kernel_session_ticket|direction:pass:determined|risk:pass:within_caps|allowlist:FAIL:not_on_mint_allowlist|mode:pass:paper|contract:FAIL:hermes_integration_i0_ftn_never_actionable,"{""m1_correct_side_of_eq"": true, ""m2_false_breakout"": true, ""m4_fvg_in_displacement"": true, ""m3_iof_aligned"": false, ""m5_ipda20_discount"": true, ""m6_with_20d_swing"": false, ""m7_osok_profile"": true, ""m8_cbdr_tight"": false, ""m8_ny_continues_london"": true, ""m10_us500_confirms"": true, ""m11_smt_divergence"": true, ""m12_topdown_agree"": false, ""m13_bridge_window_fvg"": false}"
2026-09-23,US100,london,True,REV,named_extreme_raid+htf_pd+mss,2026-09-23T03:00:00,bearish,30752.586,30798.01,allowlist:not_on_mint_allowlist,pdh,bullish,aligned,D_FVG_bull_2026-09-22,1.9647763296935534,2.0,target,45.42399999999907,0.03522367030644666,sha256:7ca8530a510503ac,kernel_ticket:pass:kernel_session_ticket|direction:pass:determined|risk:pass:within_caps|allowlist:FAIL:not_on_mint_allowlist|mode:pass:paper|contract:FAIL:hermes_integration_i0_ftn_never_actionable,"{""m1_correct_side_of_eq"": true, ""m2_false_breakout"": false, ""m4_fvg_in_displacement"": false, ""m3_iof_aligned"": true, ""m5_ipda20_discount"": true, ""m6_with_20d_swing"": false, ""m7_osok_profile"": true, ""m8_cbdr_tight"": true, ""m8_ny_continues_london"": null, ""m10_us500_confirms"": true, ""m11_smt_divergence"": true, ""m12_topdown_agree"": false, ""m13_bridge_window_fvg"": false}"
2026-09-25,US100,ny_am,True,PIP20,window=ny_expansion+interp_trigger,2026-09-25T10:00:00,bearish,30616.276,30636.276,allowlist:not_on_mint_allowlist,pdh,bearish,qualified,,1.92,2.0,target,20.0,0.08,sha256:0b45f4876fc59b0d,kernel_ticket:pass:kernel_session_ticket|direction:pass:determined|risk:pass:within_caps|allowlist:FAIL:not_on_mint_allowlist|mode:pass:paper|contract:FAIL:hermes_integration_i0_ftn_never_actionable,"{""m1_correct_side_of_eq"": true, ""m2_false_breakout"": false, ""m4_fvg_in_displacement"": true, ""m3_iof_aligned"": false, ""m5_ipda20_discount"": true, ""m6_with_20d_swing"": false, ""m7_osok_profile"": false, ""m8_cbdr_tight"": false, ""m8_ny_continues_london"": false, ""m10_us500_confirms"": false, ""m11_smt_divergence"": false, ""m12_topdown_agree"": false, ""m13_bridge_window_fvg"": true}"
