date,symbol,session,ticket,module,reason,entry_time,direction,entry,stop,blocked_by,raid_level,iof_state,iof_confidence,origin_pd_array,R,R_gross,exit,risk_pts,cost_R,fingerprint,gates,features,cost_model,fill_in,fill_out,exit_time,spread_measured,book_source,book_dd_pct,book_daily_loss_pct,calendar,m8_cbdr,m8_london_gate
2025-09-29,US500,ny_am,True,REV,named_extreme_raid+htf_pd+mss,2025-09-29T07:15:00,bearish,6672.748,6683.799,allowlist:not_on_mint_allowlist,pdh,bullish,aligned,D_FVG_bull_2025-09-12,1.9683286580399646,,target,11.051000000000386,,sha256:4986be80cd4793b0,kernel_ticket:pass:kernel_session_ticket|direction:pass:determined|risk:pass:within_caps|allowlist:FAIL:not_on_mint_allowlist|mode:pass:paper|contract:FAIL:hermes_integration_i0_ftn_never_actionable,"{""m1_correct_side_of_eq"": true, ""m2_false_breakout"": false, ""m4_fvg_in_displacement"": false, ""m3_iof_aligned"": true, ""m5_ipda20_discount"": true, ""m6_with_20d_swing"": false, ""m7_osok_profile"": true, ""m8_cbdr_tight"": true, ""m8_ny_continues_london"": false, ""m10_us500_confirms"": null, ""m11_smt_divergence"": null, ""m12_topdown_agree"": false, ""m13_bridge_window_fvg"": false}",correct_side,6672.498,6650.745999999999,2025-09-29T13:03:00,0.704,scorer_flat_book,0.0,0.0,,ideal,allowed
2025-09-30,US500,london,True,REV,named_extreme_raid+htf_pd+mss,2025-09-30T04:00:00,bullish,6649.954,6640.833,allowlist:not_on_mint_allowlist,pdl,bullish,qualified,D_FVG_bull_2025-09-12,1.8854292292510721,,target,9.121000000000095,,sha256:2bf12c03490359cb,kernel_ticket:pass:kernel_session_ticket|direction:pass:determined|risk:pass:within_caps|allowlist:FAIL:not_on_mint_allowlist|mode:pass:paper|contract:FAIL:hermes_integration_i0_ftn_never_actionable,"{""m1_correct_side_of_eq"": true, ""m2_false_breakout"": true, ""m4_fvg_in_displacement"": false, ""m3_iof_aligned"": false, ""m5_ipda20_discount"": false, ""m6_with_20d_swing"": true, ""m7_osok_profile"": true, ""m8_cbdr_tight"": true, ""m8_ny_continues_london"": null, ""m10_us500_confirms"": null, ""m11_smt_divergence"": null, ""m12_topdown_agree"": false, ""m13_bridge_window_fvg"": false}",correct_side,6650.899,6668.096,2025-09-30T14:45:00,0.695,scorer_flat_book,0.0,0.0,,ideal,allowed
2025-09-30,US500,ny_am,True,REV,named_extreme_raid+htf_pd+mss,2025-09-30T10:00:00,bullish,6655.533,6640.833,allowlist:not_on_mint_allowlist,pdl,bullish,qualified,D_FVG_bull_2025-09-12,1.944353741496587,,target,14.700000000000728,,sha256:4607883df565b8f0,kernel_ticket:pass:kernel_session_ticket|direction:pass:determined|risk:pass:within_caps|allowlist:FAIL:not_on_mint_allowlist|mode:pass:paper|contract:FAIL:hermes_integration_i0_ftn_never_actionable,"{""m1_correct_side_of_eq"": true, ""m2_false_breakout"": true, ""m4_fvg_in_displacement"": true, ""m3_iof_aligned"": false, ""m5_ipda20_discount"": false, ""m6_with_20d_swing"": true, ""m7_osok_profile"": true, ""m8_cbdr_tight"": true, ""m8_ny_continues_london"": false, ""m10_us500_confirms"": null, ""m11_smt_divergence"": null, ""m12_topdown_agree"": false, ""m13_bridge_window_fvg"": true}",correct_side,6656.251,6684.833000000001,2025-09-30T15:50:00,0.468,scorer_flat_book,0.0,0.0,,ideal,allowed
2025-10-01,US500,ny_am,True,REV,named_extreme_raid+htf_pd+mss,2025-10-01T10:00:00,bullish,6662.151,6627.454,allowlist:not_on_mint_allowlist,pdl,bullish,aligned,D_FVG_bull_2025-09-12,1.3614433524512242,,time,34.697000000000116,,sha256:abd8f128dd9cc021,kernel_ticket:pass:kernel_session_ticket|direction:pass:determined|risk:pass:within_caps|allowlist:FAIL:not_on_mint_allowlist|mode:pass:paper|contract:FAIL:hermes_integration_i0_ftn_never_actionable,"{""m1_correct_side_of_eq"": true, ""m2_false_breakout"": false, ""m4_fvg_in_displacement"": true, ""m3_iof_aligned"": true, ""m5_ipda20_discount"": false, ""m6_with_20d_swing"": true, ""m7_osok_profile"": true, ""m8_cbdr_tight"": false, ""m8_ny_continues_london"": false, ""m10_us500_confirms"": null, ""m11_smt_divergence"": null, ""m12_topdown_agree"": false, ""m13_bridge_window_fvg"": true}",correct_side,6662.851,6710.089,2025-10-01T15:59:00,0.45,scorer_flat_book,0.0,0.0,,ideal,allowed
2025-10-03,US500,ny_am,True,REV,named_extreme_raid+htf_pd+mss,2025-10-03T07:15:00,bearish,6731.451,6740.499,allowlist:not_on_mint_allowlist,pdh,bullish,qualified,D_FVG_bull_2025-10-02,-1.0552608311229015,,stop,9.047999999999774,,sha256:9e55573431d6a895,kernel_ticket:pass:kernel_session_ticket|direction:pass:determined|risk:pass:within_caps|allowlist:FAIL:not_on_mint_allowlist|mode:pass:paper|contract:FAIL:hermes_integration_i0_ftn_never_actionable,"{""m1_correct_side_of_eq"": true, ""m2_false_breakout"": true, ""m4_fvg_in_displacement"": true, ""m3_iof_aligned"": false, ""m5_ipda20_discount"": true, ""m6_with_20d_swing"": false, ""m7_osok_profile"": false, ""m8_cbdr_tight"": true, ""m8_ny_continues_london"": false, ""m10_us500_confirms"": null, ""m11_smt_divergence"": null, ""m12_topdown_agree"": false, ""m13_bridge_window_fvg"": false}",correct_side,6731.201,6740.749,2025-10-03T09:53:00,0.704,scorer_flat_book,0.0,0.0,,ideal,allowed
2025-10-07,US500,ny_am,True,REV,named_extreme_raid+htf_pd+mss,2025-10-07T09:15:00,bearish,6750.139,6755.842,allowlist:not_on_mint_allowlist,pdh,bullish,aligned,D_FVG_bull_2025-10-02,1.9386287918638623,,target,5.70299999999952,,sha256:2d3536012c90bf85,kernel_ticket:pass:kernel_session_ticket|direction:pass:determined|risk:pass:within_caps|allowlist:FAIL:not_on_mint_allowlist|mode:pass:paper|contract:FAIL:hermes_integration_i0_ftn_never_actionable,"{""m1_correct_side_of_eq"": true, ""m2_false_breakout"": false, ""m4_fvg_in_displacement"": false, ""m3_iof_aligned"": true, ""m5_ipda20_discount"": true, ""m6_with_20d_swing"": false, ""m7_osok_profile"": true, ""m8_cbdr_tight"": true, ""m8_ny_continues_london"": false, ""m10_us500_confirms"": null, ""m11_smt_divergence"": null, ""m12_topdown_agree"": false, ""m13_bridge_window_fvg"": false}",correct_side,6749.889,6738.833000000001,2025-10-07T10:27:00,0.662,scorer_flat_book,0.0,0.0,,ideal,allowed
2025-10-17,US500,london,True,REV,named_extreme_raid+htf_pd+mss,2025-10-17T02:15:00,bullish,6590.799,6579.454,allowlist:not_on_mint_allowlist,pdl,bearish,aligned,D_FVG_bull_2025-10-02,-1.1029528426619337,,stop,11.345000000000255,,sha256:76aae678fceee299,kernel_ticket:pass:kernel_session_ticket|direction:pass:determined|risk:pass:within_caps|allowlist:FAIL:not_on_mint_allowlist|mode:pass:paper|contract:FAIL:hermes_integration_i0_ftn_never_actionable,"{""m1_correct_side_of_eq"": true, ""m2_false_breakout"": false, ""m4_fvg_in_displacement"": false, ""m3_iof_aligned"": true, ""m5_ipda20_discount"": true, ""m6_with_20d_swing"": false, ""m7_osok_profile"": false, ""m8_cbdr_tight"": false, ""m8_ny_continues_london"": null, ""m10_us500_confirms"": null, ""m11_smt_divergence"": null, ""m12_topdown_agree"": false, ""m13_bridge_window_fvg"": false}",correct_side,6591.717,6579.204,2025-10-17T02:36:00,0.668,scorer_flat_book,0.0,0.0,,ideal,allowed
2025-10-17,US500,ny_am,True,REV,named_extreme_raid+htf_pd+mss,2025-10-17T07:15:00,bullish,6614.551,6532.099,allowlist:not_on_mint_allowlist,pdl,bearish,qualified,D_FVG_bull_2025-10-02,0.6014772231116251,,time,82.45200000000023,,sha256:ccd71eb95575c7f3,kernel_ticket:pass:kernel_session_ticket|direction:pass:determined|risk:pass:within_caps|allowlist:FAIL:not_on_mint_allowlist|mode:pass:paper|contract:FAIL:hermes_integration_i0_ftn_never_actionable,"{""m1_correct_side_of_eq"": true, ""m2_false_breakout"": false, ""m4_fvg_in_displacement"": true, ""m3_iof_aligned"": false, ""m5_ipda20_discount"": true, ""m6_with_20d_swing"": false, ""m7_osok_profile"": false, ""m8_cbdr_tight"": false, ""m8_ny_continues_london"": false, ""m10_us500_confirms"": null, ""m11_smt_divergence"": null, ""m12_topdown_agree"": false, ""m13_bridge_window_fvg"": false}",correct_side,6615.511,6665.104,2025-10-17T15:59:00,0.71,scorer_flat_book,0.0,0.0,,ideal,allowed
2025-10-20,US500,ny_am,True,REV,named_extreme_raid+htf_pd+mss,2025-10-20T10:00:00,bearish,6709.436,6717.651,allowlist:not_on_mint_allowlist,pdh,bullish,aligned,D_FVG_bull_2025-10-02,-1.0608642726719404,,stop,8.215000000000146,,sha256:6b4e2400ab470291,kernel_ticket:pass:kernel_session_ticket|direction:pass:determined|risk:pass:within_caps|allowlist:FAIL:not_on_mint_allowlist|mode:pass:paper|contract:FAIL:hermes_integration_i0_ftn_never_actionable,"{""m1_correct_side_of_eq"": true, ""m2_false_breakout"": false, ""m4_fvg_in_displacement"": false, ""m3_iof_aligned"": true, ""m5_ipda20_discount"": true, ""m6_with_20d_swing"": false, ""m7_osok_profile"": true, ""m8_cbdr_tight"": false, ""m8_ny_continues_london"": true, ""m10_us500_confirms"": null, ""m11_smt_divergence"": null, ""m12_topdown_agree"": false, ""m13_bridge_window_fvg"": false}",correct_side,6709.186,6717.901,2025-10-20T10:04:00,0.465,scorer_flat_book,0.0,0.0,,ideal,allowed
2025-10-27,US500,ny_am,True,REV,named_extreme_raid+htf_pd+mss,2025-10-27T07:15:00,bearish,6850.742,6855.751,allowlist:not_on_mint_allowlist,pdh,bullish,qualified,D_FVG_bull_2025-10-21,-1.0998203234178476,,stop,5.0090000000000146,,sha256:0a8ee89e26f56ab2,kernel_ticket:pass:kernel_session_ticket|direction:pass:determined|risk:pass:within_caps|allowlist:FAIL:not_on_mint_allowlist|mode:pass:paper|contract:FAIL:hermes_integration_i0_ftn_never_actionable,"{""m1_correct_side_of_eq"": true, ""m2_false_breakout"": false, ""m4_fvg_in_displacement"": true, ""m3_iof_aligned"": false, ""m5_ipda20_discount"": true, ""m6_with_20d_swing"": false, ""m7_osok_profile"": true, ""m8_cbdr_tight"": true, ""m8_ny_continues_london"": true, ""m10_us500_confirms"": null, ""m11_smt_divergence"": null, ""m12_topdown_agree"": false, ""m13_bridge_window_fvg"": false}",correct_side,6850.492,6856.001,2025-10-27T10:03:00,0.704,scorer_flat_book,0.0,0.0,,ideal,allowed
2025-11-04,US500,ny_am,True,REV,named_extreme_raid+htf_pd+mss,2025-11-04T10:00:00,bullish,6808.054,6755.833,allowlist:not_on_mint_allowlist,pdl,bullish,aligned,D_FVG_bull_2025-10-21,-0.660672909365962,,time,52.22100000000046,,sha256:18ff19c373bc2bc9,kernel_ticket:pass:kernel_session_ticket|direction:pass:determined|risk:pass:within_caps|allowlist:FAIL:not_on_mint_allowlist|mode:pass:paper|contract:FAIL:hermes_integration_i0_ftn_never_actionable,"{""m1_correct_side_of_eq"": true, ""m2_false_breakout"": false, ""m4_fvg_in_displacement"": true, ""m3_iof_aligned"": true, ""m5_ipda20_discount"": false, ""m6_with_20d_swing"": true, ""m7_osok_profile"": true, ""m8_cbdr_tight"": false, ""m8_ny_continues_london"": false, ""m10_us500_confirms"": null, ""m11_smt_divergence"": null, ""m12_topdown_agree"": true, ""m13_bridge_window_fvg"": true}",correct_side,6808.805,6774.304,2025-11-04T15:59:00,0.501,scorer_flat_book,0.0,0.0,,ideal,adr_spent
2025-11-05,US500,ny_am,True,REV,named_extreme_raid+htf_pd+mss,2025-11-05T07:15:00,bullish,6757.351,6742.636,allowlist:not_on_mint_allowlist,pdl,bearish,qualified,D_FVG_bull_2025-10-28,1.9283724091062826,,target,14.714999999999236,,sha256:3de982efc508c033,kernel_ticket:pass:kernel_session_ticket|direction:pass:determined|risk:pass:within_caps|allowlist:FAIL:not_on_mint_allowlist|mode:pass:paper|contract:FAIL:hermes_integration_i0_ftn_never_actionable,"{""m1_correct_side_of_eq"": true, ""m2_false_breakout"": true, ""m4_fvg_in_displacement"": true, ""m3_iof_aligned"": false, ""m5_ipda20_discount"": false, ""m6_with_20d_swing"": true, ""m7_osok_profile"": true, ""m8_cbdr_tight"": false, ""m8_ny_continues_london"": false, ""m10_us500_confirms"": null, ""m11_smt_divergence"": null, ""m12_topdown_agree"": false, ""m13_bridge_window_fvg"": false}",correct_side,6758.305,6786.680999999998,2025-11-05T09:51:00,0.704,scorer_flat_book,0.0,0.0,,ideal,allowed
2025-11-07,US500,ny_am,True,REV,named_extreme_raid+htf_pd+mss,2025-11-07T07:15:00,bullish,6709.351,6688.645,allowlist:not_on_mint_allowlist,pdl,bearish,aligned,D_FVG_bull_2025-10-27,-1.0580025113493705,,stop,20.70599999999922,,sha256:7c1b0945f3a3c919,kernel_ticket:pass:kernel_session_ticket|direction:pass:determined|risk:pass:within_caps|allowlist:FAIL:not_on_mint_allowlist|mode:pass:paper|contract:FAIL:hermes_integration_i0_ftn_never_actionable,"{""m1_correct_side_of_eq"": true, ""m2_false_breakout"": false, ""m4_fvg_in_displacement"": true, ""m3_iof_aligned"": true, ""m5_ipda20_discount"": true, ""m6_with_20d_swing"": false, ""m7_osok_profile"": false, ""m8_cbdr_tight"": false, ""m8_ny_continues_london"": false, ""m10_us500_confirms"": null, ""m11_smt_divergence"": null, ""m12_topdown_agree"": false, ""m13_bridge_window_fvg"": false}",correct_side,6710.302,6688.395,2025-11-07T07:49:00,0.701,scorer_flat_book,0.0,0.0,,ideal,allowed
2025-11-10,US500,london,True,REV,named_extreme_raid+htf_pd+mss,2025-11-10T02:15:00,bearish,6777.799,6783.336,allowlist:not_on_mint_allowlist,pdh,bullish,qualified,D_FVG_bull_2025-10-21,-1.090301607368607,,stop,5.537000000000262,,sha256:1030e3073aae161d,kernel_ticket:pass:kernel_session_ticket|direction:pass:determined|risk:pass:within_caps|allowlist:FAIL:not_on_mint_allowlist|mode:pass:paper|contract:FAIL:hermes_integration_i0_ftn_never_actionable,"{""m1_correct_side_of_eq"": true, ""m2_false_breakout"": false, ""m4_fvg_in_displacement"": false, ""m3_iof_aligned"": false, ""m5_ipda20_discount"": true, ""m6_with_20d_swing"": false, ""m7_osok_profile"": true, ""m8_cbdr_tight"": false, ""m8_ny_continues_london"": null, ""m10_us500_confirms"": null, ""m11_smt_divergence"": null, ""m12_topdown_agree"": false, ""m13_bridge_window_fvg"": false}",correct_side,6777.549,6783.586,2025-11-10T03:34:00,0.662,scorer_flat_book,0.0,0.0,,wide,wide_cbdr
2025-11-10,US500,ny_am,True,REV,named_extreme_raid+htf_pd+mss,2025-11-10T07:15:00,bearish,6791.033,6798.848,allowlist:not_on_mint_allowlist,pdh,bullish,aligned,D_FVG_bull_2025-10-21,-1.0639795265515068,,stop,7.8149999999996,,sha256:20935566cd84aefd,kernel_ticket:pass:kernel_session_ticket|direction:pass:determined|risk:pass:within_caps|allowlist:FAIL:not_on_mint_allowlist|mode:pass:paper|contract:FAIL:hermes_integration_i0_ftn_never_actionable,"{""m1_correct_side_of_eq"": true, ""m2_false_breakout"": false, ""m4_fvg_in_displacement"": true, ""m3_iof_aligned"": true, ""m5_ipda20_discount"": true, ""m6_with_20d_swing"": false, ""m7_osok_profile"": true, ""m8_cbdr_tight"": false, ""m8_ny_continues_london"": false, ""m10_us500_confirms"": null, ""m11_smt_divergence"": null, ""m12_topdown_agree"": false, ""m13_bridge_window_fvg"": false}",correct_side,6790.783,6799.098,2025-11-10T09:31:00,0.722,scorer_flat_book,0.0,0.0,,wide,wide_cbdr
2025-11-12,US500,ny_am,True,REV,named_extreme_raid+htf_pd+mss,2025-11-12T07:15:00,bearish,6869.436,6877.754,allowlist:not_on_mint_allowlist,pdh,bullish,qualified,D_FVG_bull_2025-10-28,1.9579225775426359,,target,8.318000000000211,,sha256:0989e7bb65297be8,kernel_ticket:pass:kernel_session_ticket|direction:pass:determined|risk:pass:within_caps|allowlist:FAIL:not_on_mint_allowlist|mode:pass:paper|contract:FAIL:hermes_integration_i0_ftn_never_actionable,"{""m1_correct_side_of_eq"": true, ""m2_false_breakout"": false, ""m4_fvg_in_displacement"": true, ""m3_iof_aligned"": false, ""m5_ipda20_discount"": true, ""m6_with_20d_swing"": false, ""m7_osok_profile"": true, ""m8_cbdr_tight"": true, ""m8_ny_continues_london"": false, ""m10_us500_confirms"": null, ""m11_smt_divergence"": null, ""m12_topdown_agree"": false, ""m13_bridge_window_fvg"": false}",correct_side,6869.186,6852.9,2025-11-12T09:47:00,0.722,scorer_flat_book,0.0,0.0,,ideal,allowed
2025-11-17,US500,ny_am,True,REV,named_extreme_raid+htf_pd+mss,2025-11-17T07:15:00,bearish,6740.545,6780.554,allowlist:not_on_mint_allowlist,pdh,bearish,qualified,D_FVG_bull_2025-11-11,1.9912519683071217,,target,40.009000000000015,,sha256:bcabb2d8d0b8b6b2,kernel_ticket:pass:kernel_session_ticket|direction:pass:determined|risk:pass:within_caps|allowlist:FAIL:not_on_mint_allowlist|mode:pass:paper|contract:FAIL:hermes_integration_i0_ftn_never_actionable,"{""m1_correct_side_of_eq"": true, ""m2_false_breakout"": false, ""m4_fvg_in_displacement"": true, ""m3_iof_aligned"": false, ""m5_ipda20_discount"": false, ""m6_with_20d_swing"": false, ""m7_osok_profile"": true, ""m8_cbdr_tight"": false, ""m8_ny_continues_london"": false, ""m10_us500_confirms"": null, ""m11_smt_divergence"": null, ""m12_topdown_agree"": true, ""m13_bridge_window_fvg"": false}",correct_side,6740.295,6660.627,2025-11-17T14:38:00,0.719,scorer_flat_book,0.0,0.0,,ideal,allowed
2025-11-18,US500,london,True,REV,named_extreme_raid+htf_pd+mss,2025-11-18T02:15:00,bullish,6620.742,6614.039,allowlist:not_on_mint_allowlist,pdl,bearish,aligned,D_FVG_bull_2025-10-21,1.8427569744890318,,target,6.703000000000429,,sha256:e8bcc24e81bb8961,kernel_ticket:pass:kernel_session_ticket|direction:pass:determined|risk:pass:within_caps|allowlist:FAIL:not_on_mint_allowlist|mode:pass:paper|contract:FAIL:hermes_integration_i0_ftn_never_actionable,"{""m1_correct_side_of_eq"": true, ""m2_false_breakout"": true, ""m4_fvg_in_displacement"": false, ""m3_iof_aligned"": true, ""m5_ipda20_discount"": true, ""m6_with_20d_swing"": false, ""m7_osok_profile"": true, ""m8_cbdr_tight"": false, ""m8_ny_continues_london"": null, ""m10_us500_confirms"": null, ""m11_smt_divergence"": null, ""m12_topdown_agree"": false, ""m13_bridge_window_fvg"": false}",correct_side,6621.696,6634.048000000001,2025-11-18T02:32:00,0.704,scorer_flat_book,0.0,0.0,,ideal,poor_consolidation
2025-11-21,US500,ny_am,True,REV,named_extreme_raid+htf_pd+mss,2025-11-21T07:15:00,bullish,6527.154,6506.354,allowlist:not_on_mint_allowlist,pdl,bearish,aligned,D_FVG_bull_2025-11-11,1.9496153846153959,,target,20.800000000000182,,sha256:b66786b70865bbda,kernel_ticket:pass:kernel_session_ticket|direction:pass:determined|risk:pass:within_caps|allowlist:FAIL:not_on_mint_allowlist|mode:pass:paper|contract:FAIL:hermes_integration_i0_ftn_never_actionable,"{""m1_correct_side_of_eq"": true, ""m2_false_breakout"": false, ""m4_fvg_in_displacement"": true, ""m3_iof_aligned"": true, ""m5_ipda20_discount"": true, ""m6_with_20d_swing"": false, ""m7_osok_profile"": false, ""m8_cbdr_tight"": false, ""m8_ny_continues_london"": false, ""m10_us500_confirms"": null, ""m11_smt_divergence"": null, ""m12_topdown_agree"": false, ""m13_bridge_window_fvg"": false}",correct_side,6528.102,6568.654,2025-11-21T07:46:00,0.698,scorer_flat_book,0.0,0.0,,wide,wide_cbdr
2025-12-11,US500,ny_am,True,REV,named_extreme_raid+htf_pd+mss,2025-12-11T07:15:00,bullish,6861.054,6820.739,allowlist:not_on_mint_allowlist,pdl,bullish,aligned,D_FVG_bear_2025-11-14,1.0041919880937584,,time,40.31500000000051,,sha256:8e020998d53410f0,kernel_ticket:pass:kernel_session_ticket|direction:pass:determined|risk:pass:within_caps|allowlist:FAIL:not_on_mint_allowlist|mode:pass:paper|contract:FAIL:hermes_integration_i0_ftn_never_actionable,"{""m1_correct_side_of_eq"": true, ""m2_false_breakout"": true, ""m4_fvg_in_displacement"": true, ""m3_iof_aligned"": true, ""m5_ipda20_discount"": false, ""m6_with_20d_swing"": true, ""m7_osok_profile"": false, ""m8_cbdr_tight"": false, ""m8_ny_continues_london"": true, ""m10_us500_confirms"": null, ""m11_smt_divergence"": null, ""m12_topdown_agree"": true, ""m13_bridge_window_fvg"": false}",correct_side,6861.999,6902.483,2025-12-11T15:59:00,0.695,scorer_flat_book,0.0,0.0,,wide,wide_cbdr
2025-12-23,US500,ny_am,True,REV,named_extreme_raid+htf_pd+mss,2025-12-23T07:15:00,bearish,6874.036,6884.554,allowlist:not_on_mint_allowlist,pdh,bullish,qualified,D_FVG_bull_2025-12-22,-1.0475375546681878,,stop,10.518000000000029,,sha256:e2e192bbc1657eb5,kernel_ticket:pass:kernel_session_ticket|direction:pass:determined|risk:pass:within_caps|allowlist:FAIL:not_on_mint_allowlist|mode:pass:paper|contract:FAIL:hermes_integration_i0_ftn_never_actionable,"{""m1_correct_side_of_eq"": true, ""m2_false_breakout"": false, ""m4_fvg_in_displacement"": true, ""m3_iof_aligned"": false, ""m5_ipda20_discount"": true, ""m6_with_20d_swing"": false, ""m7_osok_profile"": true, ""m8_cbdr_tight"": true, ""m8_ny_continues_london"": false, ""m10_us500_confirms"": null, ""m11_smt_divergence"": null, ""m12_topdown_agree"": false, ""m13_bridge_window_fvg"": false}",correct_side,6873.786,6884.804,2025-12-23T09:40:00,0.719,scorer_flat_book,0.0,0.0,,ideal,allowed
2025-12-31,US500,ny_am,True,REV,named_extreme_raid+htf_pd+mss,2025-12-31T07:15:00,bullish,6884.999,6874.942,allowlist:not_on_mint_allowlist,pdl,bearish,qualified,D_FVG_bear_2025-12-30,-1.1161380133241126,,stop,10.056999999999789,,sha256:869fd84b822c70bf,kernel_ticket:pass:kernel_session_ticket|direction:pass:determined|risk:pass:within_caps|allowlist:FAIL:not_on_mint_allowlist|mode:pass:paper|contract:FAIL:hermes_integration_i0_ftn_never_actionable,"{""m1_correct_side_of_eq"": true, ""m2_false_breakout"": false, ""m4_fvg_in_displacement"": false, ""m3_iof_aligned"": false, ""m5_ipda20_discount"": false, ""m6_with_20d_swing"": true, ""m7_osok_profile"": true, ""m8_cbdr_tight"": false, ""m8_ny_continues_london"": false, ""m10_us500_confirms"": null, ""m11_smt_divergence"": null, ""m12_topdown_agree"": false, ""m13_bridge_window_fvg"": false}",correct_side,6885.917,6874.692,2025-12-31T10:50:00,0.668,scorer_flat_book,0.0,0.0,,ideal,allowed
2026-01-05,US500,ny_am,True,REV,named_extreme_raid+htf_pd+mss,2026-01-05T10:00:00,bearish,6897.036,6906.245,allowlist:not_on_mint_allowlist,pdh,bullish,aligned,D_FVG_bull_2025-12-23,-1.0542947116950818,,stop,9.208999999999833,,sha256:ebbd0dd21821cab9,kernel_ticket:pass:kernel_session_ticket|direction:pass:determined|risk:pass:within_caps|allowlist:FAIL:not_on_mint_allowlist|mode:pass:paper|contract:FAIL:hermes_integration_i0_ftn_never_actionable,"{""m1_correct_side_of_eq"": true, ""m2_false_breakout"": false, ""m4_fvg_in_displacement"": false, ""m3_iof_aligned"": true, ""m5_ipda20_discount"": true, ""m6_with_20d_swing"": false, ""m7_osok_profile"": true, ""m8_cbdr_tight"": false, ""m8_ny_continues_london"": true, ""m10_us500_confirms"": null, ""m11_smt_divergence"": null, ""m12_topdown_agree"": false, ""m13_bridge_window_fvg"": false}",correct_side,6896.786,6906.495,2026-01-05T10:05:00,0.522,scorer_flat_book,0.0,0.0,,ideal,adr_spent
2026-01-07,US500,ny_am,True,REV,named_extreme_raid+htf_pd+mss,2026-01-07T10:00:00,bearish,6951.045,6957.151,allowlist:not_on_mint_allowlist,pdh,bullish,aligned,D_FVG_bear_2025-12-30,1.9426793318047204,,target,6.105999999999767,,sha256:7c9dacb05cc71a29,kernel_ticket:pass:kernel_session_ticket|direction:pass:determined|risk:pass:within_caps|allowlist:FAIL:not_on_mint_allowlist|mode:pass:paper|contract:FAIL:hermes_integration_i0_ftn_never_actionable,"{""m1_correct_side_of_eq"": true, ""m2_false_breakout"": false, ""m4_fvg_in_displacement"": false, ""m3_iof_aligned"": true, ""m5_ipda20_discount"": true, ""m6_with_20d_swing"": false, ""m7_osok_profile"": true, ""m8_cbdr_tight"": true, ""m8_ny_continues_london"": true, ""m10_us500_confirms"": null, ""m11_smt_divergence"": null, ""m12_topdown_agree"": false, ""m13_bridge_window_fvg"": false}",correct_side,6950.795,6938.933000000001,2026-01-07T10:15:00,0.504,scorer_flat_book,0.0,0.0,,ideal,allowed
2026-01-08,US500,london,True,REV,named_extreme_raid+htf_pd+mss,2026-01-08T02:15:00,bullish,6901.445,6893.242,allowlist:not_on_mint_allowlist,pdl,bearish,aligned,D_FVG_bear_2025-12-30,1.8773619407533375,,target,8.20299999999952,,sha256:3322e8d113890bd9,kernel_ticket:pass:kernel_session_ticket|direction:pass:determined|risk:pass:within_caps|allowlist:FAIL:not_on_mint_allowlist|mode:pass:paper|contract:FAIL:hermes_integration_i0_ftn_never_actionable,"{""m1_correct_side_of_eq"": true, ""m2_false_breakout"": false, ""m4_fvg_in_displacement"": true, ""m3_iof_aligned"": true, ""m5_ipda20_discount"": false, ""m6_with_20d_swing"": true, ""m7_osok_profile"": false, ""m8_cbdr_tight"": false, ""m8_ny_continues_london"": null, ""m10_us500_confirms"": null, ""m11_smt_divergence"": null, ""m12_topdown_agree"": false, ""m13_bridge_window_fvg"": false}",correct_side,6902.351,6917.750999999998,2026-01-08T08:30:00,0.656,scorer_flat_book,0.0,0.0,,ideal,allowed
2026-01-08,US500,ny_am,True,REV,named_extreme_raid+htf_pd+mss,2026-01-08T10:00:00,bullish,6908.536,6893.242,allowlist:not_on_mint_allowlist,pdl,bearish,aligned,D_FVG_bear_2025-12-30,0.6496011507780551,,time,15.293999999999869,,sha256:d74217cbaa5f8e64,kernel_ticket:pass:kernel_session_ticket|direction:pass:determined|risk:pass:within_caps|allowlist:FAIL:not_on_mint_allowlist|mode:pass:paper|contract:FAIL:hermes_integration_i0_ftn_never_actionable,"{""m1_correct_side_of_eq"": true, ""m2_false_breakout"": false, ""m4_fvg_in_displacement"": true, ""m3_iof_aligned"": true, ""m5_ipda20_discount"": false, ""m6_with_20d_swing"": true, ""m7_osok_profile"": false, ""m8_cbdr_tight"": false, ""m8_ny_continues_london"": true, ""m10_us500_confirms"": null, ""m11_smt_divergence"": null, ""m12_topdown_agree"": false, ""m13_bridge_window_fvg"": true}",correct_side,6909.314,6919.249,2026-01-08T15:59:00,0.528,scorer_flat_book,0.0,0.0,,ideal,allowed
2026-01-12,US500,ny_am,True,REV,named_extreme_raid+htf_pd+mss,2026-01-12T10:00:00,bullish,6961.499,6910.151,allowlist:not_on_mint_allowlist,pdl,bullish,aligned,D_FVG_bear_2025-12-30,0.28437329594141686,,time,51.347999999999956,,sha256:51c5a37520cc4258,kernel_ticket:pass:kernel_session_ticket|direction:pass:determined|risk:pass:within_caps|allowlist:FAIL:not_on_mint_allowlist|mode:pass:paper|contract:FAIL:hermes_integration_i0_ftn_never_actionable,"{""m1_correct_side_of_eq"": false, ""m2_false_breakout"": false, ""m4_fvg_in_displacement"": true, ""m3_iof_aligned"": true, ""m5_ipda20_discount"": false, ""m6_with_20d_swing"": true, ""m7_osok_profile"": true, ""m8_cbdr_tight"": true, ""m8_ny_continues_london"": false, ""m10_us500_confirms"": null, ""m11_smt_divergence"": null, ""m12_topdown_agree"": true, ""m13_bridge_window_fvg"": true}",correct_side,6962.202,6976.804,2026-01-12T15:59:00,0.453,scorer_flat_book,0.0,0.0,,ideal,adr_spent
2026-01-13,US500,ny_am,True,REV,named_extreme_raid+htf_pd+mss,2026-01-13T10:00:00,bearish,6967.239,6998.754,allowlist:not_on_mint_allowlist,pdh,bullish,qualified,D_FVG_bear_2025-12-30,0.08170712359193373,,time,31.515000000000327,,sha256:bb1ec50b2f06a54c,kernel_ticket:pass:kernel_session_ticket|direction:pass:determined|risk:pass:within_caps|allowlist:FAIL:not_on_mint_allowlist|mode:pass:paper|contract:FAIL:hermes_integration_i0_ftn_never_actionable,"{""m1_correct_side_of_eq"": true, ""m2_false_breakout"": true, ""m4_fvg_in_displacement"": true, ""m3_iof_aligned"": false, ""m5_ipda20_discount"": true, ""m6_with_20d_swing"": false, ""m7_osok_profile"": true, ""m8_cbdr_tight"": false, ""m8_ny_continues_london"": true, ""m10_us500_confirms"": null, ""m11_smt_divergence"": null, ""m12_topdown_agree"": false, ""m13_bridge_window_fvg"": true}",correct_side,6966.989,6964.414,2026-01-13T15:59:00,0.525,scorer_flat_book,0.0,0.0,08:30 cpi,ideal,news
2026-01-20,US500,london,True,REV,named_extreme_raid+htf_pd+mss,2026-01-20T02:15:00,bullish,6848.736,6842.733,allowlist:not_on_mint_allowlist,pdl,bearish,aligned,D_FVG_bull_2025-12-26,-1.2045643844744505,,stop,6.002999999999702,,sha256:70e07e3cde7b8644,kernel_ticket:pass:kernel_session_ticket|direction:pass:determined|risk:pass:within_caps|allowlist:FAIL:not_on_mint_allowlist|mode:pass:paper|contract:FAIL:hermes_integration_i0_ftn_never_actionable,"{""m1_correct_side_of_eq"": true, ""m2_false_breakout"": false, ""m4_fvg_in_displacement"": false, ""m3_iof_aligned"": true, ""m5_ipda20_discount"": true, ""m6_with_20d_swing"": true, ""m7_osok_profile"": true, ""m8_cbdr_tight"": false, ""m8_ny_continues_london"": null, ""m10_us500_confirms"": null, ""m11_smt_divergence"": null, ""m12_topdown_agree"": false, ""m13_bridge_window_fvg"": false}",correct_side,6849.714,6842.483,2026-01-20T02:20:00,0.728,scorer_flat_book,0.0,0.0,,ideal,allowed
2026-01-20,US500,ny_am,True,REV,named_extreme_raid+htf_pd+mss,2026-01-20T07:15:00,bullish,6842.548,6810.933,allowlist:not_on_mint_allowlist,pdl,bearish,qualified,D_FVG_bull_2025-12-26,-1.0382729716906547,,stop,31.61499999999978,,sha256:e60cc62465668f8d,kernel_ticket:pass:kernel_session_ticket|direction:pass:determined|risk:pass:within_caps|allowlist:FAIL:not_on_mint_allowlist|mode:pass:paper|contract:FAIL:hermes_integration_i0_ftn_never_actionable,"{""m1_correct_side_of_eq"": true, ""m2_false_breakout"": false, ""m4_fvg_in_displacement"": true, ""m3_iof_aligned"": false, ""m5_ipda20_discount"": true, ""m6_with_20d_swing"": true, ""m7_osok_profile"": true, ""m8_cbdr_tight"": false, ""m8_ny_continues_london"": false, ""m10_us500_confirms"": null, ""m11_smt_divergence"": null, ""m12_topdown_agree"": false, ""m13_bridge_window_fvg"": false}",correct_side,6843.508,6810.683,2026-01-20T13:50:00,0.71,scorer_flat_book,0.0,0.0,,ideal,adr_spent
2026-01-21,US500,ny_am,True,REV,named_extreme_raid+htf_pd+mss,2026-01-21T07:15:00,bullish,6789.148,6782.245,allowlist:not_on_mint_allowlist,pdl,bearish,aligned,D_FVG_bull_2025-12-22,-1.173547732869675,,stop,6.903000000000247,,sha256:0cc5a04f2194f484,kernel_ticket:pass:kernel_session_ticket|direction:pass:determined|risk:pass:within_caps|allowlist:FAIL:not_on_mint_allowlist|mode:pass:paper|contract:FAIL:hermes_integration_i0_ftn_never_actionable,"{""m1_correct_side_of_eq"": true, ""m2_false_breakout"": false, ""m4_fvg_in_displacement"": false, ""m3_iof_aligned"": true, ""m5_ipda20_discount"": true, ""m6_with_20d_swing"": true, ""m7_osok_profile"": true, ""m8_cbdr_tight"": false, ""m8_ny_continues_london"": false, ""m10_us500_confirms"": null, ""m11_smt_divergence"": null, ""m12_topdown_agree"": false, ""m13_bridge_window_fvg"": false}",correct_side,6790.096,6781.995,2026-01-21T07:46:00,0.698,scorer_flat_book,0.0,0.0,,ideal,allowed
2026-01-22,US500,ny_am,True,REV,named_extreme_raid+htf_pd+mss,2026-01-22T07:15:00,bearish,6909.451,6923.242,allowlist:not_on_mint_allowlist,pdh,bullish,qualified,D_FVG_bull_2025-12-23,-1.0362555289681672,,stop,13.791000000000167,,sha256:68ce01fb6f1b1ca7,kernel_ticket:pass:kernel_session_ticket|direction:pass:determined|risk:pass:within_caps|allowlist:FAIL:not_on_mint_allowlist|mode:pass:paper|contract:FAIL:hermes_integration_i0_ftn_never_actionable,"{""m1_correct_side_of_eq"": true, ""m2_false_breakout"": true, ""m4_fvg_in_displacement"": true, ""m3_iof_aligned"": false, ""m5_ipda20_discount"": true, ""m6_with_20d_swing"": false, ""m7_osok_profile"": false, ""m8_cbdr_tight"": false, ""m8_ny_continues_london"": false, ""m10_us500_confirms"": null, ""m11_smt_divergence"": null, ""m12_topdown_agree"": false, ""m13_bridge_window_fvg"": false}",correct_side,6909.201,6923.492,2026-01-22T08:47:00,0.695,scorer_flat_book,0.0,0.0,,wide,wide_cbdr
2026-01-26,US500,ny_am,True,REV,named_extreme_raid+htf_pd+mss,2026-01-26T07:15:00,bullish,6913.199,6889.951,allowlist:not_on_mint_allowlist,pdl,bullish,aligned,D_FVG_bear_2026-01-20,1.956727460426689,,target,23.247999999999593,,sha256:d3534717bdbab9ef,kernel_ticket:pass:kernel_session_ticket|direction:pass:determined|risk:pass:within_caps|allowlist:FAIL:not_on_mint_allowlist|mode:pass:paper|contract:FAIL:hermes_integration_i0_ftn_never_actionable,"{""m1_correct_side_of_eq"": false, ""m2_false_breakout"": true, ""m4_fvg_in_displacement"": true, ""m3_iof_aligned"": true, ""m5_ipda20_discount"": false, ""m6_with_20d_swing"": true, ""m7_osok_profile"": true, ""m8_cbdr_tight"": true, ""m8_ny_continues_london"": false, ""m10_us500_confirms"": null, ""m11_smt_divergence"": null, ""m12_topdown_agree"": true, ""m13_bridge_window_fvg"": false}",correct_side,6914.105,6959.594999999998,2026-01-26T12:04:00,0.656,scorer_flat_book,0.0,0.0,,ideal,allowed
2026-01-27,US500,london,True,REV,named_extreme_raid+htf_pd+mss,2026-01-27T02:15:00,bearish,6971.651,6977.454,allowlist:not_on_mint_allowlist,pdh,bullish,qualified,D_FVG_bear_2026-01-21,1.939686369119357,,target,5.802999999999884,,sha256:29813d3125d5a6e4,kernel_ticket:pass:kernel_session_ticket|direction:pass:determined|risk:pass:within_caps|allowlist:FAIL:not_on_mint_allowlist|mode:pass:paper|contract:FAIL:hermes_integration_i0_ftn_never_actionable,"{""m1_correct_side_of_eq"": true, ""m2_false_breakout"": false, ""m4_fvg_in_displacement"": true, ""m3_iof_aligned"": false, ""m5_ipda20_discount"": true, ""m6_with_20d_swing"": false, ""m7_osok_profile"": true, ""m8_cbdr_tight"": true, ""m8_ny_continues_london"": null, ""m10_us500_confirms"": null, ""m11_smt_divergence"": null, ""m12_topdown_agree"": false, ""m13_bridge_window_fvg"": false}",correct_side,6971.401,6960.145,2026-01-27T09:39:00,0.704,scorer_flat_book,0.0,0.0,,ideal,allowed
2026-01-28,US500,london,True,REV,named_extreme_raid+htf_pd+mss,2026-01-28T02:15:00,bearish,7007.054,7014.399,allowlist:not_on_mint_allowlist,pdh,bullish,aligned,D_FVG_bull_2026-01-27,1.952348536419285,,target,7.345000000000255,,sha256:019923a5871b9be3,kernel_ticket:pass:kernel_session_ticket|direction:pass:determined|risk:pass:within_caps|allowlist:FAIL:not_on_mint_allowlist|mode:pass:paper|contract:FAIL:hermes_integration_i0_ftn_never_actionable,"{""m1_correct_side_of_eq"": true, ""m2_false_breakout"": false, ""m4_fvg_in_displacement"": false, ""m3_iof_aligned"": true, ""m5_ipda20_discount"": true, ""m6_with_20d_swing"": false, ""m7_osok_profile"": true, ""m8_cbdr_tight"": true, ""m8_ny_continues_london"": null, ""m10_us500_confirms"": null, ""m11_smt_divergence"": null, ""m12_topdown_agree"": false, ""m13_bridge_window_fvg"": false}",correct_side,7006.804,6992.464,2026-01-28T08:13:00,0.695,scorer_flat_book,0.0,0.0,14:00 fomc_decision,ideal,news
2026-01-28,US500,ny_am,True,REV,named_extreme_raid+htf_pd+mss,2026-01-28T07:15:00,bearish,6998.354,7014.399,allowlist:not_on_mint_allowlist,pdh,bullish,qualified,D_FVG_bull_2026-01-27,1.9781863508881046,,target,16.045000000000073,,sha256:359441f02c900f97,kernel_ticket:pass:kernel_session_ticket|direction:pass:determined|risk:pass:within_caps|allowlist:FAIL:not_on_mint_allowlist|mode:pass:paper|contract:FAIL:hermes_integration_i0_ftn_never_actionable,"{""m1_correct_side_of_eq"": true, ""m2_false_breakout"": false, ""m4_fvg_in_displacement"": false, ""m3_iof_aligned"": false, ""m5_ipda20_discount"": true, ""m6_with_20d_swing"": false, ""m7_osok_profile"": true, ""m8_cbdr_tight"": true, ""m8_ny_continues_london"": true, ""m10_us500_confirms"": null, ""m11_smt_divergence"": null, ""m12_topdown_agree"": false, ""m13_bridge_window_fvg"": false}",correct_side,6998.104,6966.3640000000005,2026-01-28T14:02:00,0.695,scorer_flat_book,0.0,0.0,14:00 fomc_decision,ideal,news
2026-02-02,US500,london,True,REV,named_extreme_raid+htf_pd+mss,2026-02-02T02:15:00,bullish,6856.454,6837.951,allowlist:not_on_mint_allowlist,pdl,bearish,aligned,D_FVG_bear_2026-01-20,1.9461168459168614,,target,18.5029999999997,,sha256:39294ba990dae08d,kernel_ticket:pass:kernel_session_ticket|direction:pass:determined|risk:pass:within_caps|allowlist:FAIL:not_on_mint_allowlist|mode:pass:paper|contract:FAIL:hermes_integration_i0_ftn_never_actionable,"{""m1_correct_side_of_eq"": true, ""m2_false_breakout"": false, ""m4_fvg_in_displacement"": false, ""m3_iof_aligned"": true, ""m5_ipda20_discount"": true, ""m6_with_20d_swing"": true, ""m7_osok_profile"": true, ""m8_cbdr_tight"": false, ""m8_ny_continues_london"": null, ""m10_us500_confirms"": null, ""m11_smt_divergence"": null, ""m12_topdown_agree"": false, ""m13_bridge_window_fvg"": false}",correct_side,6857.351,6893.359999999999,2026-02-02T03:53:00,0.647,scorer_flat_book,0.0,0.0,,ideal,poor_consolidation
2026-02-05,US500,ny_am,True,REV,named_extreme_raid+htf_pd+mss,2026-02-05T08:00:00,bullish,6847.339,6832.333,allowlist:not_on_mint_allowlist,pdl,bearish,aligned,D_FVG_bear_2026-01-20,-1.0806344129015069,,stop,15.006000000000313,,sha256:881e80dc5be522a6,kernel_ticket:pass:kernel_session_ticket|direction:pass:determined|risk:pass:within_caps|allowlist:FAIL:not_on_mint_allowlist|mode:pass:paper|contract:FAIL:hermes_integration_i0_ftn_never_actionable,"{""m1_correct_side_of_eq"": true, ""m2_false_breakout"": true, ""m4_fvg_in_displacement"": false, ""m3_iof_aligned"": true, ""m5_ipda20_discount"": true, ""m6_with_20d_swing"": false, ""m7_osok_profile"": false, ""m8_cbdr_tight"": false, ""m8_ny_continues_london"": false, ""m10_us500_confirms"": null, ""m11_smt_divergence"": null, ""m12_topdown_agree"": false, ""m13_bridge_window_fvg"": false}",correct_side,6848.299,6832.083,2026-02-05T09:00:00,0.71,scorer_flat_book,0.0,0.0,,expanded,expanded_cbdr
2026-02-13,US500,london,True,REV,named_extreme_raid+htf_pd+mss,2026-02-13T02:15:00,bullish,6825.136,6805.799,allowlist:not_on_mint_allowlist,pdl,bearish,qualified,D_FVG_bear_2026-01-20,-1.0631949113099097,,stop,19.337000000000444,,sha256:8b8668e7c183a996,kernel_ticket:pass:kernel_session_ticket|direction:pass:determined|risk:pass:within_caps|allowlist:FAIL:not_on_mint_allowlist|mode:pass:paper|contract:FAIL:hermes_integration_i0_ftn_never_actionable,"{""m1_correct_side_of_eq"": true, ""m2_false_breakout"": false, ""m4_fvg_in_displacement"": true, ""m3_iof_aligned"": false, ""m5_ipda20_discount"": true, ""m6_with_20d_swing"": false, ""m7_osok_profile"": false, ""m8_cbdr_tight"": false, ""m8_ny_continues_london"": null, ""m10_us500_confirms"": null, ""m11_smt_divergence"": null, ""m12_topdown_agree"": false, ""m13_bridge_window_fvg"": false}",correct_side,6826.108,6805.549,2026-02-13T06:30:00,0.722,scorer_flat_book,0.0,0.0,08:30 cpi,expanded,news
2026-02-13,US500,ny_am,True,REV,named_extreme_raid+htf_pd+mss,2026-02-13T07:15:00,bullish,6812.399,6801.548,allowlist:not_on_mint_allowlist,pdl,bearish,aligned,D_FVG_bear_2026-01-20,1.9122661505851832,,target,10.851000000000568,,sha256:486b9511be4781a1,kernel_ticket:pass:kernel_session_ticket|direction:pass:determined|risk:pass:within_caps|allowlist:FAIL:not_on_mint_allowlist|mode:pass:paper|contract:FAIL:hermes_integration_i0_ftn_never_actionable,"{""m1_correct_side_of_eq"": true, ""m2_false_breakout"": false, ""m4_fvg_in_displacement"": true, ""m3_iof_aligned"": true, ""m5_ipda20_discount"": true, ""m6_with_20d_swing"": false, ""m7_osok_profile"": false, ""m8_cbdr_tight"": false, ""m8_ny_continues_london"": true, ""m10_us500_confirms"": null, ""m11_smt_divergence"": null, ""m12_topdown_agree"": false, ""m13_bridge_window_fvg"": false}",correct_side,6813.251,6834.001000000001,2026-02-13T08:30:00,0.602,scorer_flat_book,0.0,0.0,08:30 cpi,expanded,news
2026-02-24,US500,ny_am,True,REV,named_extreme_raid+htf_pd+mss,2026-02-24T10:00:00,bullish,6847.954,6814.945,allowlist:not_on_mint_allowlist,pdl,bearish,aligned,D_FVG_bear_2026-02-13,1.235541821927342,,time,33.009000000000015,,sha256:0b1f54bcd8fda686,kernel_ticket:pass:kernel_session_ticket|direction:pass:determined|risk:pass:within_caps|allowlist:FAIL:not_on_mint_allowlist|mode:pass:paper|contract:FAIL:hermes_integration_i0_ftn_never_actionable,"{""m1_correct_side_of_eq"": true, ""m2_false_breakout"": true, ""m4_fvg_in_displacement"": false, ""m3_iof_aligned"": true, ""m5_ipda20_discount"": true, ""m6_with_20d_swing"": false, ""m7_osok_profile"": true, ""m8_cbdr_tight"": true, ""m8_ny_continues_london"": true, ""m10_us500_confirms"": null, ""m11_smt_divergence"": null, ""m12_topdown_agree"": false, ""m13_bridge_window_fvg"": false}",correct_side,6848.714,6889.498,2026-02-24T15:59:00,0.51,scorer_flat_book,0.0,0.0,,ideal,allowed
2026-02-26,US500,ny_am,True,REV,named_extreme_raid+htf_pd+mss,2026-02-26T09:30:00,bearish,6949.336,6959.051,allowlist:not_on_mint_allowlist,pdh,bullish,aligned,D_FVG_bear_2026-02-13,1.9639732372619292,,target,9.715000000000146,,sha256:708eb2bd9ba90d0e,kernel_ticket:pass:kernel_session_ticket|direction:pass:determined|risk:pass:within_caps|allowlist:FAIL:not_on_mint_allowlist|mode:pass:paper|contract:FAIL:hermes_integration_i0_ftn_never_actionable,"{""m1_correct_side_of_eq"": true, ""m2_false_breakout"": true, ""m4_fvg_in_displacement"": false, ""m3_iof_aligned"": true, ""m5_ipda20_discount"": true, ""m6_with_20d_swing"": true, ""m7_osok_profile"": false, ""m8_cbdr_tight"": true, ""m8_ny_continues_london"": false, ""m10_us500_confirms"": null, ""m11_smt_divergence"": null, ""m12_topdown_agree"": false, ""m13_bridge_window_fvg"": false}",correct_side,6949.086,6930.006,2026-02-26T09:43:00,0.725,scorer_flat_book,0.0,0.0,,ideal,allowed
2026-02-27,US500,ny_am,True,REV,named_extreme_raid+htf_pd+mss,2026-02-27T08:45:00,bullish,6847.536,6840.033,allowlist:not_on_mint_allowlist,pdl,bearish,aligned,D_FVG_bear_2026-02-13,-1.1624683459949485,,stop,7.502999999999702,,sha256:6b3ce6ecea7e6b0f,kernel_ticket:pass:kernel_session_ticket|direction:pass:determined|risk:pass:within_caps|allowlist:FAIL:not_on_mint_allowlist|mode:pass:paper|contract:FAIL:hermes_integration_i0_ftn_never_actionable,"{""m1_correct_side_of_eq"": true, ""m2_false_breakout"": false, ""m4_fvg_in_displacement"": false, ""m3_iof_aligned"": true, ""m5_ipda20_discount"": true, ""m6_with_20d_swing"": false, ""m7_osok_profile"": false, ""m8_cbdr_tight"": false, ""m8_ny_continues_london"": true, ""m10_us500_confirms"": null, ""m11_smt_divergence"": null, ""m12_topdown_agree"": false, ""m13_bridge_window_fvg"": false}",correct_side,6848.505,6839.783,2026-02-27T09:42:00,0.719,scorer_flat_book,0.0,0.0,,ideal,allowed
2026-03-06,US500,ny_am,True,REV,named_extreme_raid+htf_pd+mss,2026-03-06T09:00:00,bullish,6738.599,6730.999,allowlist:not_on_mint_allowlist,pdl,bearish,aligned,D_FVG_bear_2026-02-13,-1.1521052631578808,,stop,7.600000000000364,,sha256:eaddf122999383a9,kernel_ticket:pass:kernel_session_ticket|direction:pass:determined|risk:pass:within_caps|allowlist:FAIL:not_on_mint_allowlist|mode:pass:paper|contract:FAIL:hermes_integration_i0_ftn_never_actionable,"{""m1_correct_side_of_eq"": true, ""m2_false_breakout"": false, ""m4_fvg_in_displacement"": false, ""m3_iof_aligned"": true, ""m5_ipda20_discount"": true, ""m6_with_20d_swing"": false, ""m7_osok_profile"": false, ""m8_cbdr_tight"": false, ""m8_ny_continues_london"": false, ""m10_us500_confirms"": null, ""m11_smt_divergence"": null, ""m12_topdown_agree"": false, ""m13_bridge_window_fvg"": false}",correct_side,6739.505,6730.749,2026-03-06T09:09:00,0.656,scorer_flat_book,0.0,0.0,08:30 nfp,wide,news
2026-03-09,US500,ny_am,True,REV,named_extreme_raid+htf_pd+mss,2026-03-09T10:00:00,bullish,6652.751,6601.633,allowlist:not_on_mint_allowlist,pdl,bearish,aligned,D_FVG_bear_2026-02-13,1.9832348683438326,,target,51.11800000000039,,sha256:fad495c21a434a1b,kernel_ticket:pass:kernel_session_ticket|direction:pass:determined|risk:pass:within_caps|allowlist:FAIL:not_on_mint_allowlist|mode:pass:paper|contract:FAIL:hermes_integration_i0_ftn_never_actionable,"{""m1_correct_side_of_eq"": true, ""m2_false_breakout"": false, ""m4_fvg_in_displacement"": true, ""m3_iof_aligned"": true, ""m5_ipda20_discount"": true, ""m6_with_20d_swing"": false, ""m7_osok_profile"": true, ""m8_cbdr_tight"": false, ""m8_ny_continues_london"": true, ""m10_us500_confirms"": null, ""m11_smt_divergence"": null, ""m12_topdown_agree"": false, ""m13_bridge_window_fvg"": true}",correct_side,6653.508,6754.887000000001,2026-03-09T15:20:00,0.507,scorer_flat_book,0.0,0.0,,ideal,poor_consolidation
2026-03-12,US500,london,True,REV,named_extreme_raid+htf_pd+mss,2026-03-12T02:15:00,bullish,6712.154,6703.133,allowlist:not_on_mint_allowlist,pdl,bearish,qualified,D_FVG_bear_2026-02-13,1.8824963972952649,,target,9.02100000000064,,sha256:a303e25194dc6b84,kernel_ticket:pass:kernel_session_ticket|direction:pass:determined|risk:pass:within_caps|allowlist:FAIL:not_on_mint_allowlist|mode:pass:paper|contract:FAIL:hermes_integration_i0_ftn_never_actionable,"{""m1_correct_side_of_eq"": true, ""m2_false_breakout"": false, ""m4_fvg_in_displacement"": true, ""m3_iof_aligned"": false, ""m5_ipda20_discount"": true, ""m6_with_20d_swing"": false, ""m7_osok_profile"": false, ""m8_cbdr_tight"": false, ""m8_ny_continues_london"": null, ""m10_us500_confirms"": null, ""m11_smt_divergence"": null, ""m12_topdown_agree"": false, ""m13_bridge_window_fvg"": false}",correct_side,6713.114,6730.096000000001,2026-03-12T03:16:00,0.71,scorer_flat_book,0.0,0.0,,wide,wide_cbdr
2026-03-12,US500,ny_am,True,REV,named_extreme_raid+htf_pd+mss,2026-03-12T10:00:00,bullish,6698.899,6691.333,allowlist:not_on_mint_allowlist,pdl,bearish,aligned,D_FVG_bear_2026-02-13,1.893074279672202,,target,7.566000000000713,,sha256:8b0f59c9877ce120,kernel_ticket:pass:kernel_session_ticket|direction:pass:determined|risk:pass:within_caps|allowlist:FAIL:not_on_mint_allowlist|mode:pass:paper|contract:FAIL:hermes_integration_i0_ftn_never_actionable,"{""m1_correct_side_of_eq"": true, ""m2_false_breakout"": false, ""m4_fvg_in_displacement"": true, ""m3_iof_aligned"": true, ""m5_ipda20_discount"": true, ""m6_with_20d_swing"": false, ""m7_osok_profile"": false, ""m8_cbdr_tight"": false, ""m8_ny_continues_london"": true, ""m10_us500_confirms"": null, ""m11_smt_divergence"": null, ""m12_topdown_agree"": false, ""m13_bridge_window_fvg"": true}",correct_side,6699.608,6713.931000000001,2026-03-12T10:02:00,0.459,scorer_flat_book,0.0,0.0,,wide,wide_cbdr
2026-03-13,US500,ny_am,True,REV,named_extreme_raid+htf_pd+mss,2026-03-13T07:15:00,bullish,6690.751,6635.836,allowlist:not_on_mint_allowlist,pdl,bearish,qualified,D_FVG_bear_2026-02-13,-1.0219794227442307,,stop,54.914999999999964,,sha256:7806cdbb5d7baee6,kernel_ticket:pass:kernel_session_ticket|direction:pass:determined|risk:pass:within_caps|allowlist:FAIL:not_on_mint_allowlist|mode:pass:paper|contract:FAIL:hermes_integration_i0_ftn_never_actionable,"{""m1_correct_side_of_eq"": true, ""m2_false_breakout"": false, ""m4_fvg_in_displacement"": true, ""m3_iof_aligned"": false, ""m5_ipda20_discount"": true, ""m6_with_20d_swing"": false, ""m7_osok_profile"": false, ""m8_cbdr_tight"": true, ""m8_ny_continues_london"": false, ""m10_us500_confirms"": null, ""m11_smt_divergence"": null, ""m12_topdown_agree"": false, ""m13_bridge_window_fvg"": false}",correct_side,6691.708,6635.586,2026-03-13T13:49:00,0.707,scorer_flat_book,0.0,0.0,,ideal,allowed
2026-03-17,US500,ny_am,True,REV,named_extreme_raid+htf_pd+mss,2026-03-17T09:45:00,bearish,6745.139,6750.842,allowlist:not_on_mint_allowlist,pdh,bullish,aligned,D_FVG_bear_2026-03-13,-1.0876731544801055,,stop,5.70299999999952,,sha256:ceaf293eac8b5038,kernel_ticket:pass:kernel_session_ticket|direction:pass:determined|risk:pass:within_caps|allowlist:FAIL:not_on_mint_allowlist|mode:pass:paper|contract:FAIL:hermes_integration_i0_ftn_never_actionable,"{""m1_correct_side_of_eq"": true, ""m2_false_breakout"": false, ""m4_fvg_in_displacement"": false, ""m3_iof_aligned"": true, ""m5_ipda20_discount"": false, ""m6_with_20d_swing"": true, ""m7_osok_profile"": true, ""m8_cbdr_tight"": false, ""m8_ny_continues_london"": false, ""m10_us500_confirms"": null, ""m11_smt_divergence"": null, ""m12_topdown_agree"": false, ""m13_bridge_window_fvg"": false}",correct_side,6744.889,6751.092,2026-03-17T09:46:00,0.513,scorer_flat_book,0.0,0.0,,ideal,allowed
2026-03-18,US500,ny_am,True,REV,named_extreme_raid+htf_pd+mss,2026-03-18T07:15:00,bearish,6750.345,6760.654,allowlist:not_on_mint_allowlist,pdh,bullish,qualified,D_FVG_bear_2026-03-13,1.966049083325215,,target,10.309000000000196,,sha256:1ced06e190b3bcd4,kernel_ticket:pass:kernel_session_ticket|direction:pass:determined|risk:pass:within_caps|allowlist:FAIL:not_on_mint_allowlist|mode:pass:paper|contract:FAIL:hermes_integration_i0_ftn_never_actionable,"{""m1_correct_side_of_eq"": true, ""m2_false_breakout"": false, ""m4_fvg_in_displacement"": true, ""m3_iof_aligned"": false, ""m5_ipda20_discount"": false, ""m6_with_20d_swing"": true, ""m7_osok_profile"": true, ""m8_cbdr_tight"": true, ""m8_ny_continues_london"": false, ""m10_us500_confirms"": null, ""m11_smt_divergence"": null, ""m12_topdown_agree"": false, ""m13_bridge_window_fvg"": false}",correct_side,6750.095,6729.827,2026-03-18T08:06:00,0.701,scorer_flat_book,0.0,0.0,14:00 fomc_decision,ideal,news
2026-03-19,US500,london,True,REV,named_extreme_raid+htf_pd+mss,2026-03-19T03:30:00,bullish,6614.433,6606.239,allowlist:not_on_mint_allowlist,pdl,bearish,qualified,D_FVG_bear_2026-03-13,-1.1491335123260544,,stop,8.194000000000415,,sha256:d102e204a9026276,kernel_ticket:pass:kernel_session_ticket|direction:pass:determined|risk:pass:within_caps|allowlist:FAIL:not_on_mint_allowlist|mode:pass:paper|contract:FAIL:hermes_integration_i0_ftn_never_actionable,"{""m1_correct_side_of_eq"": true, ""m2_false_breakout"": true, ""m4_fvg_in_displacement"": false, ""m3_iof_aligned"": false, ""m5_ipda20_discount"": true, ""m6_with_20d_swing"": false, ""m7_osok_profile"": false, ""m8_cbdr_tight"": false, ""m8_ny_continues_london"": null, ""m10_us500_confirms"": null, ""m11_smt_divergence"": null, ""m12_topdown_agree"": false, ""m13_bridge_window_fvg"": false}",correct_side,6615.405,6605.989,2026-03-19T03:36:00,0.722,scorer_flat_book,0.0,0.0,,wide,wide_cbdr
2026-03-19,US500,ny_am,True,REV,named_extreme_raid+htf_pd+mss,2026-03-19T10:00:00,bullish,6594.033,6557.833,allowlist:not_on_mint_allowlist,pdl,bearish,qualified,D_FVG_bear_2026-03-13,0.2992265193369947,,time,36.20000000000073,,sha256:20990fd69141d7a6,kernel_ticket:pass:kernel_session_ticket|direction:pass:determined|risk:pass:within_caps|allowlist:FAIL:not_on_mint_allowlist|mode:pass:paper|contract:FAIL:hermes_integration_i0_ftn_never_actionable,"{""m1_correct_side_of_eq"": true, ""m2_false_breakout"": true, ""m4_fvg_in_displacement"": true, ""m3_iof_aligned"": false, ""m5_ipda20_discount"": true, ""m6_with_20d_swing"": false, ""m7_osok_profile"": false, ""m8_cbdr_tight"": false, ""m8_ny_continues_london"": false, ""m10_us500_confirms"": null, ""m11_smt_divergence"": null, ""m12_topdown_agree"": false, ""m13_bridge_window_fvg"": true}",correct_side,6594.751,6605.583,2026-03-19T15:59:00,0.468,scorer_flat_book,0.0,0.0,,wide,wide_cbdr
2026-03-20,US500,ny_am,True,REV,named_extreme_raid+htf_pd+mss,2026-03-20T07:15:00,bullish,6583.951,6555.039,allowlist:not_on_mint_allowlist,pdl,bearish,aligned,D_FVG_bear_2026-03-19,-1.0413323187603658,,stop,28.912000000000262,,sha256:bd5cff27a689aee2,kernel_ticket:pass:kernel_session_ticket|direction:pass:determined|risk:pass:within_caps|allowlist:FAIL:not_on_mint_allowlist|mode:pass:paper|contract:FAIL:hermes_integration_i0_ftn_never_actionable,"{""m1_correct_side_of_eq"": true, ""m2_false_breakout"": true, ""m4_fvg_in_displacement"": true, ""m3_iof_aligned"": true, ""m5_ipda20_discount"": true, ""m6_with_20d_swing"": false, ""m7_osok_profile"": false, ""m8_cbdr_tight"": false, ""m8_ny_continues_london"": false, ""m10_us500_confirms"": null, ""m11_smt_divergence"": null, ""m12_topdown_agree"": false, ""m13_bridge_window_fvg"": false}",correct_side,6584.896,6554.789,2026-03-20T10:00:00,0.695,scorer_flat_book,0.0,0.0,,wide,wide_cbdr
2026-03-25,US500,london,True,REV,named_extreme_raid+htf_pd+mss,2026-03-25T02:15:00,bearish,6595.548,6611.254,allowlist:not_on_mint_allowlist,pdh,bearish,aligned,D_FVG_bear_2026-03-19,-1.031834967528333,,stop,15.706000000000131,,sha256:8724fd287b2461ea,kernel_ticket:pass:kernel_session_ticket|direction:pass:determined|risk:pass:within_caps|allowlist:FAIL:not_on_mint_allowlist|mode:pass:paper|contract:FAIL:hermes_integration_i0_ftn_never_actionable,"{""m1_correct_side_of_eq"": true, ""m2_false_breakout"": false, ""m4_fvg_in_displacement"": true, ""m3_iof_aligned"": true, ""m5_ipda20_discount"": false, ""m6_with_20d_swing"": true, ""m7_osok_profile"": true, ""m8_cbdr_tight"": false, ""m8_ny_continues_london"": null, ""m10_us500_confirms"": null, ""m11_smt_divergence"": null, ""m12_topdown_agree"": true, ""m13_bridge_window_fvg"": false}",correct_side,6595.298,6611.504,2026-03-25T04:02:00,0.653,scorer_flat_book,0.0,0.0,,expanded,expanded_cbdr
2026-03-25,US500,ny_am,True,REV,named_extreme_raid+htf_pd+mss,2026-03-25T10:00:00,bearish,6589.648,6636.848,allowlist:not_on_mint_allowlist,pdh,bearish,aligned,D_FVG_bear_2026-03-19,-0.09362288135592979,,time,47.19999999999982,,sha256:c2b1d14f0415f1b4,kernel_ticket:pass:kernel_session_ticket|direction:pass:determined|risk:pass:within_caps|allowlist:FAIL:not_on_mint_allowlist|mode:pass:paper|contract:FAIL:hermes_integration_i0_ftn_never_actionable,"{""m1_correct_side_of_eq"": true, ""m2_false_breakout"": false, ""m4_fvg_in_displacement"": true, ""m3_iof_aligned"": true, ""m5_ipda20_discount"": false, ""m6_with_20d_swing"": true, ""m7_osok_profile"": true, ""m8_cbdr_tight"": false, ""m8_ny_continues_london"": false, ""m10_us500_confirms"": null, ""m11_smt_divergence"": null, ""m12_topdown_agree"": true, ""m13_bridge_window_fvg"": true}",correct_side,6589.398,6593.817,2026-03-25T15:59:00,0.504,scorer_flat_book,0.0,0.0,,expanded,expanded_cbdr
2026-03-26,US500,london,True,REV,named_extreme_raid+htf_pd+mss,2026-03-26T02:30:00,bullish,6569.939,6558.154,allowlist:not_on_mint_allowlist,pdl,bearish,aligned,D_FVG_bear_2026-03-19,-1.1036911327959074,,stop,11.784999999999854,,sha256:359b904a3df475fb,kernel_ticket:pass:kernel_session_ticket|direction:pass:determined|risk:pass:within_caps|allowlist:FAIL:not_on_mint_allowlist|mode:pass:paper|contract:FAIL:hermes_integration_i0_ftn_never_actionable,"{""m1_correct_side_of_eq"": true, ""m2_false_breakout"": true, ""m4_fvg_in_displacement"": false, ""m3_iof_aligned"": true, ""m5_ipda20_discount"": true, ""m6_with_20d_swing"": false, ""m7_osok_profile"": false, ""m8_cbdr_tight"": true, ""m8_ny_continues_london"": null, ""m10_us500_confirms"": null, ""m11_smt_divergence"": null, ""m12_topdown_agree"": false, ""m13_bridge_window_fvg"": false}",correct_side,6570.911,6557.904,2026-03-26T03:20:00,0.722,scorer_flat_book,0.0,0.0,,ideal,allowed
2026-03-26,US500,ny_am,True,REV,named_extreme_raid+htf_pd+mss,2026-03-26T07:15:00,bullish,6544.599,6531.233,allowlist:not_on_mint_allowlist,pdl,bearish,qualified,D_FVG_bear_2026-03-19,-1.0867125542420808,,stop,13.365999999999985,,sha256:4c73871d53e8e6cb,kernel_ticket:pass:kernel_session_ticket|direction:pass:determined|risk:pass:within_caps|allowlist:FAIL:not_on_mint_allowlist|mode:pass:paper|contract:FAIL:hermes_integration_i0_ftn_never_actionable,"{""m1_correct_side_of_eq"": true, ""m2_false_breakout"": true, ""m4_fvg_in_displacement"": true, ""m3_iof_aligned"": false, ""m5_ipda20_discount"": true, ""m6_with_20d_swing"": false, ""m7_osok_profile"": false, ""m8_cbdr_tight"": true, ""m8_ny_continues_london"": false, ""m10_us500_confirms"": null, ""m11_smt_divergence"": null, ""m12_topdown_agree"": false, ""m13_bridge_window_fvg"": false}",correct_side,6545.508,6530.983,2026-03-26T07:59:00,0.659,scorer_flat_book,0.0,0.0,,ideal,allowed
2026-03-27,US500,ny_am,True,REV,named_extreme_raid+htf_pd+mss,2026-03-27T07:15:00,bullish,6448.633,6443.742,allowlist:not_on_mint_allowlist,pdl,bearish,aligned,D_FVG_bear_2026-03-19,1.7826620323041946,,target,4.890999999999622,,sha256:f2aa552e62fe8db8,kernel_ticket:pass:kernel_session_ticket|direction:pass:determined|risk:pass:within_caps|allowlist:FAIL:not_on_mint_allowlist|mode:pass:paper|contract:FAIL:hermes_integration_i0_ftn_never_actionable,"{""m1_correct_side_of_eq"": true, ""m2_false_breakout"": true, ""m4_fvg_in_displacement"": false, ""m3_iof_aligned"": true, ""m5_ipda20_discount"": true, ""m6_with_20d_swing"": false, ""m7_osok_profile"": false, ""m8_cbdr_tight"": false, ""m8_ny_continues_london"": false, ""m10_us500_confirms"": null, ""m11_smt_divergence"": null, ""m12_topdown_agree"": false, ""m13_bridge_window_fvg"": false}",correct_side,6449.596,6458.314999999999,2026-03-27T07:46:00,0.713,scorer_flat_book,0.0,0.0,,wide,wide_cbdr
2026-04-02,US500,ny_am,True,REV,named_extreme_raid+htf_pd+mss,2026-04-02T07:15:00,bullish,6481.336,6475.045,allowlist:not_on_mint_allowlist,pdl,bullish,qualified,D_FVG_bear_2026-03-30,-1.1951994913368356,,stop,6.291000000000167,,sha256:6bd850a3f9ff4dec,kernel_ticket:pass:kernel_session_ticket|direction:pass:determined|risk:pass:within_caps|allowlist:FAIL:not_on_mint_allowlist|mode:pass:paper|contract:FAIL:hermes_integration_i0_ftn_never_actionable,"{""m1_correct_side_of_eq"": true, ""m2_false_breakout"": false, ""m4_fvg_in_displacement"": true, ""m3_iof_aligned"": false, ""m5_ipda20_discount"": true, ""m6_with_20d_swing"": false, ""m7_osok_profile"": false, ""m8_cbdr_tight"": true, ""m8_ny_continues_london"": true, ""m10_us500_confirms"": null, ""m11_smt_divergence"": null, ""m12_topdown_agree"": false, ""m13_bridge_window_fvg"": false}",correct_side,6482.314,6474.795,2026-04-02T07:28:00,0.728,scorer_flat_book,0.0,0.0,,ideal,poor_consolidation
2026-04-06,US500,ny_am,True,REV,named_extreme_raid+htf_pd+mss,2026-04-06T07:15:00,bearish,6588.145,6613.936,allowlist:not_on_mint_allowlist,pdh,bullish,qualified,D_FVG_bear_2026-03-27,-1.0193866077313798,,stop,25.790999999999258,,sha256:e2f24c4e30b27457,kernel_ticket:pass:kernel_session_ticket|direction:pass:determined|risk:pass:within_caps|allowlist:FAIL:not_on_mint_allowlist|mode:pass:paper|contract:FAIL:hermes_integration_i0_ftn_never_actionable,"{""m1_correct_side_of_eq"": true, ""m2_false_breakout"": false, ""m4_fvg_in_displacement"": true, ""m3_iof_aligned"": false, ""m5_ipda20_discount"": true, ""m6_with_20d_swing"": true, ""m7_osok_profile"": true, ""m8_cbdr_tight"": true, ""m8_ny_continues_london"": false, ""m10_us500_confirms"": null, ""m11_smt_divergence"": null, ""m12_topdown_agree"": false, ""m13_bridge_window_fvg"": false}",correct_side,6587.895,6614.186,2026-04-06T10:00:00,0.719,scorer_flat_book,0.0,0.0,,ideal,poor_consolidation
2026-04-07,US500,ny_am,True,REV,named_extreme_raid+htf_pd+mss,2026-04-07T07:15:00,bearish,6584.239,6627.742,allowlist:not_on_mint_allowlist,pdh,bullish,qualified,D_FVG_bear_2026-03-27,-0.8071397374893637,,time,43.50300000000061,,sha256:b021f7de0e11c3f8,kernel_ticket:pass:kernel_session_ticket|direction:pass:determined|risk:pass:within_caps|allowlist:FAIL:not_on_mint_allowlist|mode:pass:paper|contract:FAIL:hermes_integration_i0_ftn_never_actionable,"{""m1_correct_side_of_eq"": true, ""m2_false_breakout"": true, ""m4_fvg_in_displacement"": true, ""m3_iof_aligned"": false, ""m5_ipda20_discount"": true, ""m6_with_20d_swing"": true, ""m7_osok_profile"": true, ""m8_cbdr_tight"": true, ""m8_ny_continues_london"": false, ""m10_us500_confirms"": null, ""m11_smt_divergence"": null, ""m12_topdown_agree"": false, ""m13_bridge_window_fvg"": false}",correct_side,6583.989,6619.102,2026-04-07T15:59:00,0.713,scorer_flat_book,0.0,0.0,,ideal,allowed
2026-04-10,US500,ny_am,True,REV,named_extreme_raid+htf_pd+mss,2026-04-10T08:45:00,bearish,6834.154,6846.883,allowlist:not_on_mint_allowlist,pdh,bullish,qualified,D_FVG_bear_2026-03-13,1.9725037316363907,,target,12.72899999999936,,sha256:80592178947d53ff,kernel_ticket:pass:kernel_session_ticket|direction:pass:determined|risk:pass:within_caps|allowlist:FAIL:not_on_mint_allowlist|mode:pass:paper|contract:FAIL:hermes_integration_i0_ftn_never_actionable,"{""m1_correct_side_of_eq"": true, ""m2_false_breakout"": true, ""m4_fvg_in_displacement"": false, ""m3_iof_aligned"": false, ""m5_ipda20_discount"": true, ""m6_with_20d_swing"": false, ""m7_osok_profile"": false, ""m8_cbdr_tight"": true, ""m8_ny_continues_london"": true, ""m10_us500_confirms"": null, ""m11_smt_divergence"": null, ""m12_topdown_agree"": false, ""m13_bridge_window_fvg"": false}",correct_side,6833.904,6808.796000000002,2026-04-10T12:44:00,0.647,scorer_flat_book,0.0,0.0,08:30 cpi,ideal,news
2026-04-14,US500,ny_am,True,REV,named_extreme_raid+htf_pd+mss,2026-04-14T07:15:00,bearish,6893.733,6905.299,allowlist:not_on_mint_allowlist,pdh,bullish,qualified,D_FVG_bull_2026-04-09,-1.0432301573577736,,stop,11.565999999999804,,sha256:162039c65569aa5f,kernel_ticket:pass:kernel_session_ticket|direction:pass:determined|risk:pass:within_caps|allowlist:FAIL:not_on_mint_allowlist|mode:pass:paper|contract:FAIL:hermes_integration_i0_ftn_never_actionable,"{""m1_correct_side_of_eq"": true, ""m2_false_breakout"": true, ""m4_fvg_in_displacement"": true, ""m3_iof_aligned"": false, ""m5_ipda20_discount"": true, ""m6_with_20d_swing"": false, ""m7_osok_profile"": true, ""m8_cbdr_tight"": false, ""m8_ny_continues_london"": false, ""m10_us500_confirms"": null, ""m11_smt_divergence"": null, ""m12_topdown_agree"": false, ""m13_bridge_window_fvg"": false}",correct_side,6893.483,6905.549,2026-04-14T07:57:00,0.728,scorer_flat_book,0.0,0.0,,ideal,allowed
2026-04-15,US500,ny_am,True,REV,named_extreme_raid+htf_pd+mss,2026-04-15T10:00:00,bearish,6979.899,6987.399,allowlist:not_on_mint_allowlist,pdh,bullish,aligned,D_FVG_bull_2026-04-14,-1.0666666666666667,,stop,7.5,,sha256:c08f6ea54a29bf80,kernel_ticket:pass:kernel_session_ticket|direction:pass:determined|risk:pass:within_caps|allowlist:FAIL:not_on_mint_allowlist|mode:pass:paper|contract:FAIL:hermes_integration_i0_ftn_never_actionable,"{""m1_correct_side_of_eq"": true, ""m2_false_breakout"": false, ""m4_fvg_in_displacement"": true, ""m3_iof_aligned"": true, ""m5_ipda20_discount"": true, ""m6_with_20d_swing"": false, ""m7_osok_profile"": true, ""m8_cbdr_tight"": true, ""m8_ny_continues_london"": false, ""m10_us500_confirms"": null, ""m11_smt_divergence"": null, ""m12_topdown_agree"": false, ""m13_bridge_window_fvg"": true}",correct_side,6979.649,6987.649,2026-04-15T10:17:00,0.447,scorer_flat_book,0.0,0.0,,ideal,allowed
2026-04-21,US500,ny_am,True,REV,named_extreme_raid+htf_pd+mss,2026-04-21T07:15:00,bearish,7136.639,7142.442,allowlist:not_on_mint_allowlist,pdh,bullish,aligned,D_FVG_bull_2026-04-17,-1.0861623298294003,,stop,5.802999999999884,,sha256:955ea83cde401eda,kernel_ticket:pass:kernel_session_ticket|direction:pass:determined|risk:pass:within_caps|allowlist:FAIL:not_on_mint_allowlist|mode:pass:paper|contract:FAIL:hermes_integration_i0_ftn_never_actionable,"{""m1_correct_side_of_eq"": true, ""m2_false_breakout"": false, ""m4_fvg_in_displacement"": true, ""m3_iof_aligned"": true, ""m5_ipda20_discount"": true, ""m6_with_20d_swing"": false, ""m7_osok_profile"": true, ""m8_cbdr_tight"": true, ""m8_ny_continues_london"": false, ""m10_us500_confirms"": null, ""m11_smt_divergence"": null, ""m12_topdown_agree"": false, ""m13_bridge_window_fvg"": false}",correct_side,7136.389,7142.692,2026-04-21T07:28:00,0.716,scorer_flat_book,0.0,0.0,,ideal,allowed
2026-04-27,US500,ny_am,True,REV,named_extreme_raid+htf_pd+mss,2026-04-27T10:00:00,bearish,7163.633,7174.969,allowlist:not_on_mint_allowlist,pdh,bullish,aligned,D_FVG_bull_2026-04-17,-1.04410726887791,,stop,11.33600000000024,,sha256:852a91dd9fac12b7,kernel_ticket:pass:kernel_session_ticket|direction:pass:determined|risk:pass:within_caps|allowlist:FAIL:not_on_mint_allowlist|mode:pass:paper|contract:FAIL:hermes_integration_i0_ftn_never_actionable,"{""m1_correct_side_of_eq"": true, ""m2_false_breakout"": false, ""m4_fvg_in_displacement"": true, ""m3_iof_aligned"": true, ""m5_ipda20_discount"": true, ""m6_with_20d_swing"": false, ""m7_osok_profile"": true, ""m8_cbdr_tight"": true, ""m8_ny_continues_london"": true, ""m10_us500_confirms"": null, ""m11_smt_divergence"": null, ""m12_topdown_agree"": false, ""m13_bridge_window_fvg"": true}",correct_side,7163.383,7175.219,2026-04-27T13:33:00,0.531,scorer_flat_book,0.0,0.0,,ideal,allowed
2026-05-06,US500,london,True,REV,named_extreme_raid+htf_pd+mss,2026-05-06T02:15:00,bearish,7283.699,7289.136,allowlist:not_on_mint_allowlist,pdh,bullish,aligned,D_FVG_bull_2026-05-01,-1.0919624793084286,,stop,5.437000000000808,,sha256:d149e1543957dd3e,kernel_ticket:pass:kernel_session_ticket|direction:pass:determined|risk:pass:within_caps|allowlist:FAIL:not_on_mint_allowlist|mode:pass:paper|contract:FAIL:hermes_integration_i0_ftn_never_actionable,"{""m1_correct_side_of_eq"": true, ""m2_false_breakout"": false, ""m4_fvg_in_displacement"": false, ""m3_iof_aligned"": true, ""m5_ipda20_discount"": true, ""m6_with_20d_swing"": false, ""m7_osok_profile"": true, ""m8_cbdr_tight"": false, ""m8_ny_continues_london"": null, ""m10_us500_confirms"": null, ""m11_smt_divergence"": null, ""m12_topdown_agree"": false, ""m13_bridge_window_fvg"": false}",correct_side,7283.449,7289.386,2026-05-06T04:50:00,0.659,scorer_flat_book,0.0,0.0,,ideal,allowed
2026-05-07,US500,london,True,REV,named_extreme_raid+htf_pd+mss,2026-05-07T02:15:00,bearish,7364.454,7370.454,allowlist:not_on_mint_allowlist,pdh,bullish,aligned,D_FVG_bull_2026-05-06,-1.0833333333333333,,stop,6.0,,sha256:8c349e6c3b42c994,kernel_ticket:pass:kernel_session_ticket|direction:pass:determined|risk:pass:within_caps|allowlist:FAIL:not_on_mint_allowlist|mode:pass:paper|contract:FAIL:hermes_integration_i0_ftn_never_actionable,"{""m1_correct_side_of_eq"": true, ""m2_false_breakout"": true, ""m4_fvg_in_displacement"": false, ""m3_iof_aligned"": true, ""m5_ipda20_discount"": true, ""m6_with_20d_swing"": false, ""m7_osok_profile"": false, ""m8_cbdr_tight"": true, ""m8_ny_continues_london"": null, ""m10_us500_confirms"": null, ""m11_smt_divergence"": null, ""m12_topdown_agree"": false, ""m13_bridge_window_fvg"": false}",correct_side,7364.204,7370.704,2026-05-07T02:34:00,0.707,scorer_flat_book,0.0,0.0,,ideal,allowed
2026-05-07,US500,ny_am,True,REV,named_extreme_raid+htf_pd+mss,2026-05-07T07:15:00,bearish,7370.433,7385.499,allowlist:not_on_mint_allowlist,pdh,bullish,aligned,D_FVG_bull_2026-05-06,1.976768883578895,,target,15.065999999999804,,sha256:514e178df006837e,kernel_ticket:pass:kernel_session_ticket|direction:pass:determined|risk:pass:within_caps|allowlist:FAIL:not_on_mint_allowlist|mode:pass:paper|contract:FAIL:hermes_integration_i0_ftn_never_actionable,"{""m1_correct_side_of_eq"": true, ""m2_false_breakout"": true, ""m4_fvg_in_displacement"": true, ""m3_iof_aligned"": true, ""m5_ipda20_discount"": true, ""m6_with_20d_swing"": false, ""m7_osok_profile"": false, ""m8_cbdr_tight"": true, ""m8_ny_continues_london"": false, ""m10_us500_confirms"": null, ""m11_smt_divergence"": null, ""m12_topdown_agree"": false, ""m13_bridge_window_fvg"": false}",correct_side,7370.183,7340.401000000001,2026-05-07T12:57:00,0.731,scorer_flat_book,0.0,0.0,,ideal,allowed
2026-05-11,US500,ny_am,True,REV,named_extreme_raid+htf_pd+mss,2026-05-11T10:00:00,bearish,7408.448,7413.999,allowlist:not_on_mint_allowlist,pdh,bullish,aligned,D_FVG_bull_2026-05-07,-1.0900738605656723,,stop,5.550999999999476,,sha256:d8bf90ef7b5c49b3,kernel_ticket:pass:kernel_session_ticket|direction:pass:determined|risk:pass:within_caps|allowlist:FAIL:not_on_mint_allowlist|mode:pass:paper|contract:FAIL:hermes_integration_i0_ftn_never_actionable,"{""m1_correct_side_of_eq"": true, ""m2_false_breakout"": false, ""m4_fvg_in_displacement"": false, ""m3_iof_aligned"": true, ""m5_ipda20_discount"": true, ""m6_with_20d_swing"": false, ""m7_osok_profile"": true, ""m8_cbdr_tight"": true, ""m8_ny_continues_london"": false, ""m10_us500_confirms"": null, ""m11_smt_divergence"": null, ""m12_topdown_agree"": false, ""m13_bridge_window_fvg"": false}",correct_side,7408.198,7414.249,2026-05-11T10:16:00,0.498,scorer_flat_book,0.0,0.0,,ideal,allowed
2026-05-14,US500,london,True,REV,named_extreme_raid+htf_pd+mss,2026-05-14T04:00:00,bearish,7456.036,7466.799,allowlist:not_on_mint_allowlist,pdh,bullish,qualified,D_FVG_bull_2026-05-07,-1.0464554492241944,,stop,10.76299999999992,,sha256:a06d139dd6ab6c28,kernel_ticket:pass:kernel_session_ticket|direction:pass:determined|risk:pass:within_caps|allowlist:FAIL:not_on_mint_allowlist|mode:pass:paper|contract:FAIL:hermes_integration_i0_ftn_never_actionable,"{""m1_correct_side_of_eq"": true, ""m2_false_breakout"": true, ""m4_fvg_in_displacement"": false, ""m3_iof_aligned"": false, ""m5_ipda20_discount"": true, ""m6_with_20d_swing"": false, ""m7_osok_profile"": false, ""m8_cbdr_tight"": true, ""m8_ny_continues_london"": null, ""m10_us500_confirms"": null, ""m11_smt_divergence"": null, ""m12_topdown_agree"": false, ""m13_bridge_window_fvg"": false}",correct_side,7455.786,7467.049,2026-05-14T04:16:00,0.725,scorer_flat_book,0.0,0.0,,ideal,allowed
2026-05-18,US500,london,True,REV,named_extreme_raid+htf_pd+mss,2026-05-18T02:15:00,bullish,7364.699,7357.133,allowlist:not_on_mint_allowlist,pdl,bearish,aligned,D_FVG_bull_2026-05-14,-1.1519957705525476,,stop,7.5659999999998035,,sha256:47a43f92e4ffd186,kernel_ticket:pass:kernel_session_ticket|direction:pass:determined|risk:pass:within_caps|allowlist:FAIL:not_on_mint_allowlist|mode:pass:paper|contract:FAIL:hermes_integration_i0_ftn_never_actionable,"{""m1_correct_side_of_eq"": true, ""m2_false_breakout"": false, ""m4_fvg_in_displacement"": false, ""m3_iof_aligned"": true, ""m5_ipda20_discount"": false, ""m6_with_20d_swing"": true, ""m7_osok_profile"": true, ""m8_cbdr_tight"": false, ""m8_ny_continues_london"": null, ""m10_us500_confirms"": null, ""m11_smt_divergence"": null, ""m12_topdown_agree"": false, ""m13_bridge_window_fvg"": false}",correct_side,7365.599,7356.883,2026-05-18T02:30:00,0.65,scorer_flat_book,0.0,0.0,,wide,wide_cbdr
2026-05-21,US500,london,True,REV,named_extreme_raid+htf_pd+mss,2026-05-21T04:30:00,bearish,7438.433,7449.899,allowlist:not_on_mint_allowlist,pdh,bullish,aligned,D_FVG_bull_2026-05-07,1.9694749694749387,,target,11.46600000000035,,sha256:af1ba777b7725529,kernel_ticket:pass:kernel_session_ticket|direction:pass:determined|risk:pass:within_caps|allowlist:FAIL:not_on_mint_allowlist|mode:pass:paper|contract:FAIL:hermes_integration_i0_ftn_never_actionable,"{""m1_correct_side_of_eq"": true, ""m2_false_breakout"": false, ""m4_fvg_in_displacement"": false, ""m3_iof_aligned"": true, ""m5_ipda20_discount"": true, ""m6_with_20d_swing"": false, ""m7_osok_profile"": false, ""m8_cbdr_tight"": false, ""m8_ny_continues_london"": null, ""m10_us500_confirms"": null, ""m11_smt_divergence"": null, ""m12_topdown_agree"": false, ""m13_bridge_window_fvg"": false}",correct_side,7438.183,7415.601,2026-05-21T06:26:00,0.713,scorer_flat_book,0.0,0.0,,ideal,allowed
2026-05-21,US500,ny_am,True,REV,named_extreme_raid+htf_pd+mss,2026-05-21T07:15:00,bearish,7407.833,7449.899,allowlist:not_on_mint_allowlist,pdh,bullish,qualified,D_FVG_bull_2026-05-07,-1.0118860837731183,,stop,42.06600000000071,,sha256:d15e33cd8163d9a5,kernel_ticket:pass:kernel_session_ticket|direction:pass:determined|risk:pass:within_caps|allowlist:FAIL:not_on_mint_allowlist|mode:pass:paper|contract:FAIL:hermes_integration_i0_ftn_never_actionable,"{""m1_correct_side_of_eq"": true, ""m2_false_breakout"": false, ""m4_fvg_in_displacement"": true, ""m3_iof_aligned"": false, ""m5_ipda20_discount"": true, ""m6_with_20d_swing"": false, ""m7_osok_profile"": false, ""m8_cbdr_tight"": false, ""m8_ny_continues_london"": false, ""m10_us500_confirms"": null, ""m11_smt_divergence"": null, ""m12_topdown_agree"": false, ""m13_bridge_window_fvg"": false}",correct_side,7407.583,7450.149,2026-05-21T13:40:00,0.713,scorer_flat_book,0.0,0.0,,ideal,allowed
2026-05-22,US500,london,True,REV,named_extreme_raid+htf_pd+mss,2026-05-22T02:15:00,bearish,7471.236,7477.499,allowlist:not_on_mint_allowlist,pdh,bullish,qualified,D_FVG_bear_2026-05-18,-1.0798339453935824,,stop,6.26299999999992,,sha256:b56884333a64a8f4,kernel_ticket:pass:kernel_session_ticket|direction:pass:determined|risk:pass:within_caps|allowlist:FAIL:not_on_mint_allowlist|mode:pass:paper|contract:FAIL:hermes_integration_i0_ftn_never_actionable,"{""m1_correct_side_of_eq"": true, ""m2_false_breakout"": false, ""m4_fvg_in_displacement"": true, ""m3_iof_aligned"": false, ""m5_ipda20_discount"": true, ""m6_with_20d_swing"": false, ""m7_osok_profile"": false, ""m8_cbdr_tight"": false, ""m8_ny_continues_london"": null, ""m10_us500_confirms"": null, ""m11_smt_divergence"": null, ""m12_topdown_agree"": false, ""m13_bridge_window_fvg"": false}",correct_side,7470.986,7477.749,2026-05-22T04:16:00,0.722,scorer_flat_book,0.0,0.0,,ideal,allowed
2026-05-22,US500,ny_am,True,REV,named_extreme_raid+htf_pd+mss,2026-05-22T10:00:00,bearish,7492.845,7500.154,allowlist:not_on_mint_allowlist,pdh,bullish,aligned,D_FVG_bear_2026-05-18,1.9521138322615468,,target,7.3090000000001965,,sha256:b7faca8e185444fe,kernel_ticket:pass:kernel_session_ticket|direction:pass:determined|risk:pass:within_caps|allowlist:FAIL:not_on_mint_allowlist|mode:pass:paper|contract:FAIL:hermes_integration_i0_ftn_never_actionable,"{""m1_correct_side_of_eq"": true, ""m2_false_breakout"": false, ""m4_fvg_in_displacement"": true, ""m3_iof_aligned"": true, ""m5_ipda20_discount"": true, ""m6_with_20d_swing"": false, ""m7_osok_profile"": false, ""m8_cbdr_tight"": false, ""m8_ny_continues_london"": false, ""m10_us500_confirms"": null, ""m11_smt_divergence"": null, ""m12_topdown_agree"": false, ""m13_bridge_window_fvg"": true}",correct_side,7492.595,7478.327,2026-05-22T10:02:00,0.504,scorer_flat_book,0.0,0.0,,ideal,allowed
2026-05-26,US500,ny_am,True,REV,named_extreme_raid+htf_pd+mss,2026-05-26T10:00:00,bearish,7524.548,7535.899,allowlist:not_on_mint_allowlist,pdh,bullish,qualified,D_FVG_bull_2026-05-22,-1.0440489824685029,,stop,11.351000000000568,,sha256:2283402c0eac0e0d,kernel_ticket:pass:kernel_session_ticket|direction:pass:determined|risk:pass:within_caps|allowlist:FAIL:not_on_mint_allowlist|mode:pass:paper|contract:FAIL:hermes_integration_i0_ftn_never_actionable,"{""m1_correct_side_of_eq"": true, ""m2_false_breakout"": false, ""m4_fvg_in_displacement"": true, ""m3_iof_aligned"": false, ""m5_ipda20_discount"": true, ""m6_with_20d_swing"": false, ""m7_osok_profile"": true, ""m8_cbdr_tight"": true, ""m8_ny_continues_london"": true, ""m10_us500_confirms"": null, ""m11_smt_divergence"": null, ""m12_topdown_agree"": false, ""m13_bridge_window_fvg"": true}",correct_side,7524.298,7536.149,2026-05-26T10:27:00,0.453,scorer_flat_book,0.0,0.0,,ideal,allowed
2026-05-28,US500,ny_am,True,REV,named_extreme_raid+htf_pd+mss,2026-05-28T07:15:00,bullish,7502.945,7489.436,allowlist:not_on_mint_allowlist,pdl,bullish,qualified,D_FVG_bull_2026-05-26,1.9222000148049163,,target,13.509000000000015,,sha256:835957aed19c4f8d,kernel_ticket:pass:kernel_session_ticket|direction:pass:determined|risk:pass:within_caps|allowlist:FAIL:not_on_mint_allowlist|mode:pass:paper|contract:FAIL:hermes_integration_i0_ftn_never_actionable,"{""m1_correct_side_of_eq"": true, ""m2_false_breakout"": false, ""m4_fvg_in_displacement"": true, ""m3_iof_aligned"": false, ""m5_ipda20_discount"": false, ""m6_with_20d_swing"": true, ""m7_osok_profile"": false, ""m8_cbdr_tight"": true, ""m8_ny_continues_london"": true, ""m10_us500_confirms"": null, ""m11_smt_divergence"": null, ""m12_topdown_agree"": true, ""m13_bridge_window_fvg"": false}",correct_side,7503.896,7529.862999999999,2026-05-28T10:12:00,0.701,scorer_flat_book,0.0,0.0,,ideal,allowed
2026-05-29,US500,london,True,REV,named_extreme_raid+htf_pd+mss,2026-05-29T03:30:00,bearish,7570.233,7578.299,allowlist:not_on_mint_allowlist,pdh,bullish,aligned,D_FVG_bull_2026-05-26,-1.0619885940986873,,stop,8.065999999999804,,sha256:30f36804dda0eae1,kernel_ticket:pass:kernel_session_ticket|direction:pass:determined|risk:pass:within_caps|allowlist:FAIL:not_on_mint_allowlist|mode:pass:paper|contract:FAIL:hermes_integration_i0_ftn_never_actionable,"{""m1_correct_side_of_eq"": true, ""m2_false_breakout"": false, ""m4_fvg_in_displacement"": false, ""m3_iof_aligned"": true, ""m5_ipda20_discount"": true, ""m6_with_20d_swing"": false, ""m7_osok_profile"": false, ""m8_cbdr_tight"": true, ""m8_ny_continues_london"": null, ""m10_us500_confirms"": null, ""m11_smt_divergence"": null, ""m12_topdown_agree"": false, ""m13_bridge_window_fvg"": false}",correct_side,7569.983,7578.549,2026-05-29T05:13:00,0.725,scorer_flat_book,0.0,0.0,,ideal,allowed
2026-06-15,US500,london,True,REV,named_extreme_raid+htf_pd+mss,2026-06-15T02:30:00,bearish,7522.242,7527.499,allowlist:not_on_mint_allowlist,pdh,bullish,aligned,D_FVG_bear_2026-06-08,-1.0951112801978387,,stop,5.256999999999607,,sha256:4df16e9dec4fb7b8,kernel_ticket:pass:kernel_session_ticket|direction:pass:determined|risk:pass:within_caps|allowlist:FAIL:not_on_mint_allowlist|mode:pass:paper|contract:FAIL:hermes_integration_i0_ftn_never_actionable,"{""m1_correct_side_of_eq"": true, ""m2_false_breakout"": false, ""m4_fvg_in_displacement"": false, ""m3_iof_aligned"": true, ""m5_ipda20_discount"": true, ""m6_with_20d_swing"": true, ""m7_osok_profile"": true, ""m8_cbdr_tight"": true, ""m8_ny_continues_london"": null, ""m10_us500_confirms"": null, ""m11_smt_divergence"": null, ""m12_topdown_agree"": false, ""m13_bridge_window_fvg"": false}",correct_side,7521.992,7527.749,2026-06-15T07:12:00,0.71,scorer_flat_book,0.0,0.0,,ideal,allowed
2026-06-15,US500,ny_am,True,REV,named_extreme_raid+htf_pd+mss,2026-06-15T10:00:00,bearish,7544.142,7552.899,allowlist:not_on_mint_allowlist,pdh,bullish,aligned,D_FVG_bear_2026-06-08,-1.0570971793993342,,stop,8.757000000000517,,sha256:8ebcd52a4e5abd3b,kernel_ticket:pass:kernel_session_ticket|direction:pass:determined|risk:pass:within_caps|allowlist:FAIL:not_on_mint_allowlist|mode:pass:paper|contract:FAIL:hermes_integration_i0_ftn_never_actionable,"{""m1_correct_side_of_eq"": true, ""m2_false_breakout"": false, ""m4_fvg_in_displacement"": true, ""m3_iof_aligned"": true, ""m5_ipda20_discount"": true, ""m6_with_20d_swing"": true, ""m7_osok_profile"": true, ""m8_cbdr_tight"": true, ""m8_ny_continues_london"": true, ""m10_us500_confirms"": null, ""m11_smt_divergence"": null, ""m12_topdown_agree"": false, ""m13_bridge_window_fvg"": true}",correct_side,7543.892,7553.149,2026-06-15T10:57:00,0.51,scorer_flat_book,0.0,0.0,,ideal,allowed
2026-06-26,US500,london,True,REV,named_extreme_raid+htf_pd+mss,2026-06-26T02:15:00,bullish,7309.498,7298.239,allowlist:not_on_mint_allowlist,pdl,bearish,qualified,D_FVG_bear_2026-06-24,1.9246824762411525,,target,11.259000000000015,,sha256:fbbd9a7298af49bd,kernel_ticket:pass:kernel_session_ticket|direction:pass:determined|risk:pass:within_caps|allowlist:FAIL:not_on_mint_allowlist|mode:pass:paper|contract:FAIL:hermes_integration_i0_ftn_never_actionable,"{""m1_correct_side_of_eq"": true, ""m2_false_breakout"": false, ""m4_fvg_in_displacement"": true, ""m3_iof_aligned"": false, ""m5_ipda20_discount"": true, ""m6_with_20d_swing"": false, ""m7_osok_profile"": false, ""m8_cbdr_tight"": false, ""m8_ny_continues_london"": null, ""m10_us500_confirms"": null, ""m11_smt_divergence"": null, ""m12_topdown_agree"": false, ""m13_bridge_window_fvg"": false}",correct_side,7310.246,7331.915999999999,2026-06-26T02:46:00,0.498,scorer_flat_book,0.0,0.0,,ideal,poor_consolidation
2026-06-29,US500,ny_am,True,REV,named_extreme_raid+htf_pd+mss,2026-06-29T07:15:00,bearish,7398.736,7407.428,allowlist:not_on_mint_allowlist,pdh,bearish,qualified,D_FVG_bear_2026-06-24,-1.0575241601472618,,stop,8.692000000000007,,sha256:4d3db15681c615ed,kernel_ticket:pass:kernel_session_ticket|direction:pass:determined|risk:pass:within_caps|allowlist:FAIL:not_on_mint_allowlist|mode:pass:paper|contract:FAIL:hermes_integration_i0_ftn_never_actionable,"{""m1_correct_side_of_eq"": true, ""m2_false_breakout"": true, ""m4_fvg_in_displacement"": true, ""m3_iof_aligned"": false, ""m5_ipda20_discount"": false, ""m6_with_20d_swing"": true, ""m7_osok_profile"": true, ""m8_cbdr_tight"": false, ""m8_ny_continues_london"": true, ""m10_us500_confirms"": null, ""m11_smt_divergence"": null, ""m12_topdown_agree"": true, ""m13_bridge_window_fvg"": false}",correct_side,7398.486,7407.678,2026-06-29T07:31:00,0.725,scorer_flat_book,0.0,0.0,,wide,wide_cbdr
2026-06-30,US500,london,True,REV,named_extreme_raid+htf_pd+mss,2026-06-30T04:30:00,bearish,7448.881,7454.354,allowlist:not_on_mint_allowlist,pdh,bullish,qualified,D_FVG_bear_2026-06-24,1.9360496985199402,,target,5.472999999999956,,sha256:c3bde7c1a32f398a,kernel_ticket:pass:kernel_session_ticket|direction:pass:determined|risk:pass:within_caps|allowlist:FAIL:not_on_mint_allowlist|mode:pass:paper|contract:FAIL:hermes_integration_i0_ftn_never_actionable,"{""m1_correct_side_of_eq"": true, ""m2_false_breakout"": false, ""m4_fvg_in_displacement"": true, ""m3_iof_aligned"": false, ""m5_ipda20_discount"": true, ""m6_with_20d_swing"": true, ""m7_osok_profile"": true, ""m8_cbdr_tight"": true, ""m8_ny_continues_london"": null, ""m10_us500_confirms"": null, ""m11_smt_divergence"": null, ""m12_topdown_agree"": false, ""m13_bridge_window_fvg"": false}",correct_side,7448.631,7438.035000000001,2026-06-30T04:40:00,0.504,scorer_flat_book,0.0,0.0,,ideal,allowed
2026-07-08,US500,london,True,REV,named_extreme_raid+htf_pd+mss,2026-07-08T04:45:00,bullish,7436.328,7426.636,allowlist:not_on_mint_allowlist,pdl,bearish,qualified,D_FVG_bull_2026-07-01,-1.1029715229054469,,stop,9.692000000000007,,sha256:2f3b2d5d0a2a6a31,kernel_ticket:pass:kernel_session_ticket|direction:pass:determined|risk:pass:within_caps|allowlist:FAIL:not_on_mint_allowlist|mode:pass:paper|contract:FAIL:hermes_integration_i0_ftn_never_actionable,"{""m1_correct_side_of_eq"": true, ""m2_false_breakout"": false, ""m4_fvg_in_displacement"": false, ""m3_iof_aligned"": false, ""m5_ipda20_discount"": false, ""m6_with_20d_swing"": true, ""m7_osok_profile"": true, ""m8_cbdr_tight"": true, ""m8_ny_continues_london"": null, ""m10_us500_confirms"": null, ""m11_smt_divergence"": null, ""m12_topdown_agree"": false, ""m13_bridge_window_fvg"": false}",correct_side,7437.076,7426.386,2026-07-08T05:04:00,0.498,scorer_flat_book,0.0,0.0,,ideal,adr_spent
2026-07-08,US500,ny_am,True,REV,named_extreme_raid+htf_pd+mss,2026-07-08T07:15:00,bullish,7434.933,7417.698,allowlist:not_on_mint_allowlist,pdl,bearish,qualified,D_FVG_bull_2026-07-01,1.9525384392224991,,target,17.234999999999673,,sha256:2323be211646b540,kernel_ticket:pass:kernel_session_ticket|direction:pass:determined|risk:pass:within_caps|allowlist:FAIL:not_on_mint_allowlist|mode:pass:paper|contract:FAIL:hermes_integration_i0_ftn_never_actionable,"{""m1_correct_side_of_eq"": true, ""m2_false_breakout"": false, ""m4_fvg_in_displacement"": true, ""m3_iof_aligned"": false, ""m5_ipda20_discount"": false, ""m6_with_20d_swing"": true, ""m7_osok_profile"": true, ""m8_cbdr_tight"": true, ""m8_ny_continues_london"": false, ""m10_us500_confirms"": null, ""m11_smt_divergence"": null, ""m12_topdown_agree"": false, ""m13_bridge_window_fvg"": false}",correct_side,7435.651,7469.302999999999,2026-07-08T09:40:00,0.468,scorer_flat_book,0.0,0.0,,ideal,adr_spent
2026-07-10,US500,ny_am,True,REV,named_extreme_raid+htf_pd+mss,2026-07-10T08:45:00,bearish,7542.559,7549.559,allowlist:not_on_mint_allowlist,pdh,bullish,qualified,D_FVG_bull_2026-06-16,-1.0714285714285714,,stop,7.0,,sha256:704f70252c21aff8,kernel_ticket:pass:kernel_session_ticket|direction:pass:determined|risk:pass:within_caps|allowlist:FAIL:not_on_mint_allowlist|mode:pass:paper|contract:FAIL:hermes_integration_i0_ftn_never_actionable,"{""m1_correct_side_of_eq"": true, ""m2_false_breakout"": true, ""m4_fvg_in_displacement"": false, ""m3_iof_aligned"": false, ""m5_ipda20_discount"": true, ""m6_with_20d_swing"": false, ""m7_osok_profile"": false, ""m8_cbdr_tight"": true, ""m8_ny_continues_london"": true, ""m10_us500_confirms"": null, ""m11_smt_divergence"": null, ""m12_topdown_agree"": false, ""m13_bridge_window_fvg"": false}",correct_side,7542.309,7549.809,2026-07-10T09:30:00,0.462,scorer_flat_book,0.0,0.0,,ideal,allowed
2026-07-15,US500,london,True,REV,named_extreme_raid+htf_pd+mss,2026-07-15T02:15:00,bearish,7563.874,7570.169,allowlist:not_on_mint_allowlist,pdh,bullish,qualified,D_FVG_bull_2026-06-16,1.9444003177124132,,target,6.295000000000073,,sha256:685a465e3e3ed3f9,kernel_ticket:pass:kernel_session_ticket|direction:pass:determined|risk:pass:within_caps|allowlist:FAIL:not_on_mint_allowlist|mode:pass:paper|contract:FAIL:hermes_integration_i0_ftn_never_actionable,"{""m1_correct_side_of_eq"": true, ""m2_false_breakout"": true, ""m4_fvg_in_displacement"": false, ""m3_iof_aligned"": false, ""m5_ipda20_discount"": true, ""m6_with_20d_swing"": false, ""m7_osok_profile"": true, ""m8_cbdr_tight"": true, ""m8_ny_continues_london"": null, ""m10_us500_confirms"": null, ""m11_smt_divergence"": null, ""m12_topdown_agree"": false, ""m13_bridge_window_fvg"": false}",correct_side,7563.624,7551.384,2026-07-15T03:27:00,0.495,scorer_flat_book,0.0,0.0,,ideal,allowed
2026-07-15,US500,ny_am,True,REV,named_extreme_raid+htf_pd+mss,2026-07-15T10:00:00,bearish,7570.371,7582.871,allowlist:not_on_mint_allowlist,pdh,bullish,aligned,D_FVG_bull_2026-06-16,1.9719999999999709,,target,12.5,,sha256:2433e139d9981334,kernel_ticket:pass:kernel_session_ticket|direction:pass:determined|risk:pass:within_caps|allowlist:FAIL:not_on_mint_allowlist|mode:pass:paper|contract:FAIL:hermes_integration_i0_ftn_never_actionable,"{""m1_correct_side_of_eq"": true, ""m2_false_breakout"": true, ""m4_fvg_in_displacement"": true, ""m3_iof_aligned"": true, ""m5_ipda20_discount"": true, ""m6_with_20d_swing"": false, ""m7_osok_profile"": true, ""m8_cbdr_tight"": true, ""m8_ny_continues_london"": true, ""m10_us500_confirms"": null, ""m11_smt_divergence"": null, ""m12_topdown_agree"": false, ""m13_bridge_window_fvg"": true}",correct_side,7570.121,7545.4710000000005,2026-07-15T12:03:00,0.501,scorer_flat_book,0.0,0.0,,ideal,allowed
2026-07-16,US500,london,True,REV,named_extreme_raid+htf_pd+mss,2026-07-16T02:15:00,bearish,7577.819,7588.828,allowlist:not_on_mint_allowlist,pdh,bullish,qualified,D_FVG_bull_2026-06-16,1.9682078299572747,,target,11.009000000000015,,sha256:7f5e9d9248f04db5,kernel_ticket:pass:kernel_session_ticket|direction:pass:determined|risk:pass:within_caps|allowlist:FAIL:not_on_mint_allowlist|mode:pass:paper|contract:FAIL:hermes_integration_i0_ftn_never_actionable,"{""m1_correct_side_of_eq"": true, ""m2_false_breakout"": false, ""m4_fvg_in_displacement"": true, ""m3_iof_aligned"": false, ""m5_ipda20_discount"": true, ""m6_with_20d_swing"": false, ""m7_osok_profile"": false, ""m8_cbdr_tight"": true, ""m8_ny_continues_london"": null, ""m10_us500_confirms"": null, ""m11_smt_divergence"": null, ""m12_topdown_agree"": false, ""m13_bridge_window_fvg"": false}",correct_side,7577.569,7555.901000000001,2026-07-16T04:03:00,0.513,scorer_flat_book,0.0,0.0,,ideal,allowed
2026-07-27,US500,ny_am,True,REV,named_extreme_raid+htf_pd+mss,2026-07-27T10:00:00,bearish,7440.048,7490.278,allowlist:not_on_mint_allowlist,pdh,bearish,aligned,D_FVG_bull_2026-07-01,0.494365916782783,,time,50.23000000000047,,sha256:0dd03eadd73896fe,kernel_ticket:pass:kernel_session_ticket|direction:pass:determined|risk:pass:within_caps|allowlist:FAIL:not_on_mint_allowlist|mode:pass:paper|contract:FAIL:hermes_integration_i0_ftn_never_actionable,"{""m1_correct_side_of_eq"": true, ""m2_false_breakout"": false, ""m4_fvg_in_displacement"": true, ""m3_iof_aligned"": true, ""m5_ipda20_discount"": true, ""m6_with_20d_swing"": false, ""m7_osok_profile"": true, ""m8_cbdr_tight"": false, ""m8_ny_continues_london"": false, ""m10_us500_confirms"": null, ""m11_smt_divergence"": null, ""m12_topdown_agree"": true, ""m13_bridge_window_fvg"": true}",correct_side,7439.798,7414.966,2026-07-27T15:59:00,0.51,scorer_flat_book,0.0,0.0,,ideal,allowed
2026-07-29,US500,ny_am,True,REV,named_extreme_raid+htf_pd+mss,2026-07-29T08:15:00,bearish,7437.635,7458.771,allowlist:not_on_mint_allowlist,pdh,bullish,aligned,D_FVG_bull_2026-06-30,1.9834405753217084,,target,21.135999999999513,,sha256:1598c8dcd6e068a9,kernel_ticket:pass:kernel_session_ticket|direction:pass:determined|risk:pass:within_caps|allowlist:FAIL:not_on_mint_allowlist|mode:pass:paper|contract:FAIL:hermes_integration_i0_ftn_never_actionable,"{""m1_correct_side_of_eq"": true, ""m2_false_breakout"": true, ""m4_fvg_in_displacement"": false, ""m3_iof_aligned"": true, ""m5_ipda20_discount"": false, ""m6_with_20d_swing"": true, ""m7_osok_profile"": true, ""m8_cbdr_tight"": false, ""m8_ny_continues_london"": false, ""m10_us500_confirms"": null, ""m11_smt_divergence"": null, ""m12_topdown_agree"": false, ""m13_bridge_window_fvg"": false}",correct_side,7437.385,7395.463000000002,2026-07-29T09:55:00,0.51,scorer_flat_book,0.0,0.0,14:00 fomc_decision,ideal,news
2026-08-03,US500,london,True,REV,named_extreme_raid+htf_pd+mss,2026-08-03T02:30:00,bearish,7531.549,7539.612,allowlist:not_on_mint_allowlist,pdh,bullish,qualified,D_FVG_bear_2026-07-24,-1.0620116581917394,,stop,8.063000000000102,,sha256:9c81162e1c60a833,kernel_ticket:pass:kernel_session_ticket|direction:pass:determined|risk:pass:within_caps|allowlist:FAIL:not_on_mint_allowlist|mode:pass:paper|contract:FAIL:hermes_integration_i0_ftn_never_actionable,"{""m1_correct_side_of_eq"": true, ""m2_false_breakout"": false, ""m4_fvg_in_displacement"": false, ""m3_iof_aligned"": false, ""m5_ipda20_discount"": true, ""m6_with_20d_swing"": false, ""m7_osok_profile"": true, ""m8_cbdr_tight"": false, ""m8_ny_continues_london"": null, ""m10_us500_confirms"": null, ""m11_smt_divergence"": null, ""m12_topdown_agree"": false, ""m13_bridge_window_fvg"": false}",correct_side,7531.299,7539.862,2026-08-03T07:30:00,0.468,scorer_flat_book,0.0,0.0,,ideal,allowed
2026-08-04,US500,london,True,REV,named_extreme_raid+htf_pd+mss,2026-08-04T02:45:00,bearish,7617.031,7624.079,allowlist:not_on_mint_allowlist,pdh,bullish,aligned,D_FVG_bull_2026-08-03,-1.0709421112372326,,stop,7.0479999999997744,,sha256:b3c2f5473f89a7c1,kernel_ticket:pass:kernel_session_ticket|direction:pass:determined|risk:pass:within_caps|allowlist:FAIL:not_on_mint_allowlist|mode:pass:paper|contract:FAIL:hermes_integration_i0_ftn_never_actionable,"{""m1_correct_side_of_eq"": true, ""m2_false_breakout"": false, ""m4_fvg_in_displacement"": false, ""m3_iof_aligned"": true, ""m5_ipda20_discount"": true, ""m6_with_20d_swing"": false, ""m7_osok_profile"": true, ""m8_cbdr_tight"": true, ""m8_ny_continues_london"": null, ""m10_us500_confirms"": null, ""m11_smt_divergence"": null, ""m12_topdown_agree"": false, ""m13_bridge_window_fvg"": false}",correct_side,7616.781,7624.329,2026-08-04T07:43:00,0.516,scorer_flat_book,0.0,0.0,,ideal,allowed
2026-08-10,US500,london,True,REV,named_extreme_raid+htf_pd+mss,2026-08-10T02:30:00,bearish,7761.679,7770.131,allowlist:not_on_mint_allowlist,pdh,bullish,aligned,D_FVG_bull_2026-08-05,-1.0591575958353037,,stop,8.452000000000226,,sha256:53e9eddf145e3671,kernel_ticket:pass:kernel_session_ticket|direction:pass:determined|risk:pass:within_caps|allowlist:FAIL:not_on_mint_allowlist|mode:pass:paper|contract:FAIL:hermes_integration_i0_ftn_never_actionable,"{""m1_correct_side_of_eq"": true, ""m2_false_breakout"": false, ""m4_fvg_in_displacement"": false, ""m3_iof_aligned"": true, ""m5_ipda20_discount"": true, ""m6_with_20d_swing"": false, ""m7_osok_profile"": true, ""m8_cbdr_tight"": true, ""m8_ny_continues_london"": null, ""m10_us500_confirms"": null, ""m11_smt_divergence"": null, ""m12_topdown_agree"": false, ""m13_bridge_window_fvg"": false}",correct_side,7761.429,7770.381,2026-08-10T03:36:00,0.453,scorer_flat_book,0.0,0.0,,ideal,allowed
2026-08-18,US500,london,True,REV,named_extreme_raid+htf_pd+mss,2026-08-18T02:15:00,bullish,7715.116,7705.483,allowlist:not_on_mint_allowlist,pdl,bearish,aligned,D_FVG_bull_2026-08-14,-1.1048479186131255,,stop,9.63299999999981,,sha256:8e560d6c0fb94aab,kernel_ticket:pass:kernel_session_ticket|direction:pass:determined|risk:pass:within_caps|allowlist:FAIL:not_on_mint_allowlist|mode:pass:paper|contract:FAIL:hermes_integration_i0_ftn_never_actionable,"{""m1_correct_side_of_eq"": true, ""m2_false_breakout"": false, ""m4_fvg_in_displacement"": false, ""m3_iof_aligned"": true, ""m5_ipda20_discount"": false, ""m6_with_20d_swing"": true, ""m7_osok_profile"": true, ""m8_cbdr_tight"": true, ""m8_ny_continues_london"": null, ""m10_us500_confirms"": null, ""m11_smt_divergence"": null, ""m12_topdown_agree"": false, ""m13_bridge_window_fvg"": false}",correct_side,7715.876,7705.233,2026-08-18T04:00:00,0.51,scorer_flat_book,0.0,0.0,,ideal,allowed
2026-08-18,US500,ny_am,True,REV,named_extreme_raid+htf_pd+mss,2026-08-18T07:15:00,bullish,7715.378,7695.401,allowlist:not_on_mint_allowlist,pdl,bearish,qualified,D_FVG_bull_2026-08-14,-1.0504079691645654,,stop,19.97699999999986,,sha256:3f0dedc5036b7fb9,kernel_ticket:pass:kernel_session_ticket|direction:pass:determined|risk:pass:within_caps|allowlist:FAIL:not_on_mint_allowlist|mode:pass:paper|contract:FAIL:hermes_integration_i0_ftn_never_actionable,"{""m1_correct_side_of_eq"": true, ""m2_false_breakout"": false, ""m4_fvg_in_displacement"": false, ""m3_iof_aligned"": false, ""m5_ipda20_discount"": false, ""m6_with_20d_swing"": true, ""m7_osok_profile"": true, ""m8_cbdr_tight"": true, ""m8_ny_continues_london"": false, ""m10_us500_confirms"": null, ""m11_smt_divergence"": null, ""m12_topdown_agree"": false, ""m13_bridge_window_fvg"": false}",correct_side,7716.135,7695.151,2026-08-18T11:01:00,0.507,scorer_flat_book,0.0,0.0,,ideal,adr_spent
2026-08-19,US500,london,True,REV,named_extreme_raid+htf_pd+mss,2026-08-19T02:30:00,bullish,7685.062,7676.442,allowlist:not_on_mint_allowlist,pdl,bearish,aligned,D_FVG_bear_2026-08-18,1.8988399071925395,,target,8.61999999999989,,sha256:cc9edc5d6bee3c5a,kernel_ticket:pass:kernel_session_ticket|direction:pass:determined|risk:pass:within_caps|allowlist:FAIL:not_on_mint_allowlist|mode:pass:paper|contract:FAIL:hermes_integration_i0_ftn_never_actionable,"{""m1_correct_side_of_eq"": true, ""m2_false_breakout"": false, ""m4_fvg_in_displacement"": false, ""m3_iof_aligned"": true, ""m5_ipda20_discount"": false, ""m6_with_20d_swing"": true, ""m7_osok_profile"": true, ""m8_cbdr_tight"": true, ""m8_ny_continues_london"": null, ""m10_us500_confirms"": null, ""m11_smt_divergence"": null, ""m12_topdown_agree"": false, ""m13_bridge_window_fvg"": false}",correct_side,7685.834,7702.201999999999,2026-08-19T08:34:00,0.522,scorer_flat_book,0.0,0.0,,ideal,allowed
2026-08-25,US500,ny_am,True,REV,named_extreme_raid+htf_pd+mss,2026-08-25T10:00:00,bearish,7673.819,7698.819,allowlist:not_on_mint_allowlist,pdh,bearish,aligned,D_FVG_bear_2026-08-18,-0.13383999999998195,,time,25.0,,sha256:d8f4fe7f46c789e4,kernel_ticket:pass:kernel_session_ticket|direction:pass:determined|risk:pass:within_caps|allowlist:FAIL:not_on_mint_allowlist|mode:pass:paper|contract:FAIL:hermes_integration_i0_ftn_never_actionable,"{""m1_correct_side_of_eq"": true, ""m2_false_breakout"": false, ""m4_fvg_in_displacement"": true, ""m3_iof_aligned"": true, ""m5_ipda20_discount"": true, ""m6_with_20d_swing"": false, ""m7_osok_profile"": true, ""m8_cbdr_tight"": true, ""m8_ny_continues_london"": false, ""m10_us500_confirms"": null, ""m11_smt_divergence"": null, ""m12_topdown_agree"": true, ""m13_bridge_window_fvg"": true}",correct_side,7673.569,7676.915,2026-08-25T15:59:00,0.522,scorer_flat_book,0.0,0.0,,ideal,allowed
2026-08-27,US500,ny_am,True,REV,named_extreme_raid+htf_pd+mss,2026-08-27T07:15:00,bearish,7714.486,7721.872,allowlist:not_on_mint_allowlist,pdh,bullish,aligned,D_FVG_bull_2026-08-04,1.9526130517194227,,target,7.386000000000422,,sha256:334fc7a89ba967a4,kernel_ticket:pass:kernel_session_ticket|direction:pass:determined|risk:pass:within_caps|allowlist:FAIL:not_on_mint_allowlist|mode:pass:paper|contract:FAIL:hermes_integration_i0_ftn_never_actionable,"{""m1_correct_side_of_eq"": true, ""m2_false_breakout"": false, ""m4_fvg_in_displacement"": true, ""m3_iof_aligned"": true, ""m5_ipda20_discount"": true, ""m6_with_20d_swing"": false, ""m7_osok_profile"": false, ""m8_cbdr_tight"": false, ""m8_ny_continues_london"": false, ""m10_us500_confirms"": null, ""m11_smt_divergence"": null, ""m12_topdown_agree"": false, ""m13_bridge_window_fvg"": false}",correct_side,7714.236,7699.813999999999,2026-08-27T08:44:00,0.516,scorer_flat_book,0.0,0.0,,expanded,expanded_cbdr
2026-08-28,US500,ny_am,True,REV,named_extreme_raid+htf_pd+mss,2026-08-28T09:30:00,bearish,7735.673,7744.944,allowlist:not_on_mint_allowlist,pdh,bullish,aligned,D_FVG_bull_2026-08-05,-1.0539316147125408,,stop,9.27100000000064,,sha256:1bac017d7eb96c93,kernel_ticket:pass:kernel_session_ticket|direction:pass:determined|risk:pass:within_caps|allowlist:FAIL:not_on_mint_allowlist|mode:pass:paper|contract:FAIL:hermes_integration_i0_ftn_never_actionable,"{""m1_correct_side_of_eq"": true, ""m2_false_breakout"": true, ""m4_fvg_in_displacement"": false, ""m3_iof_aligned"": true, ""m5_ipda20_discount"": true, ""m6_with_20d_swing"": false, ""m7_osok_profile"": false, ""m8_cbdr_tight"": false, ""m8_ny_continues_london"": false, ""m10_us500_confirms"": null, ""m11_smt_divergence"": null, ""m12_topdown_agree"": false, ""m13_bridge_window_fvg"": false}",correct_side,7735.423,7745.194,2026-08-28T09:40:00,0.528,scorer_flat_book,0.0,0.0,,ideal,allowed
2026-08-31,US500,ny_am,True,REV,named_extreme_raid+htf_pd+mss,2026-08-31T10:00:00,bullish,7678.492,7670.363,allowlist:not_on_mint_allowlist,pdl,bearish,aligned,D_FVG_bull_2026-08-28,-1.1179726903677998,,stop,8.128999999999905,,sha256:eaa9fc4a7490ca8b,kernel_ticket:pass:kernel_session_ticket|direction:pass:determined|risk:pass:within_caps|allowlist:FAIL:not_on_mint_allowlist|mode:pass:paper|contract:FAIL:hermes_integration_i0_ftn_never_actionable,"{""m1_correct_side_of_eq"": true, ""m2_false_breakout"": false, ""m4_fvg_in_displacement"": true, ""m3_iof_aligned"": true, ""m5_ipda20_discount"": false, ""m6_with_20d_swing"": true, ""m7_osok_profile"": true, ""m8_cbdr_tight"": true, ""m8_ny_continues_london"": true, ""m10_us500_confirms"": null, ""m11_smt_divergence"": null, ""m12_topdown_agree"": false, ""m13_bridge_window_fvg"": true}",correct_side,7679.201,7670.113,2026-08-31T10:23:00,0.459,scorer_flat_book,0.0,0.0,,ideal,allowed
2026-09-01,US500,ny_am,True,REV,named_extreme_raid+htf_pd+mss,2026-09-01T07:15:00,bullish,7644.989,7637.116,allowlist:not_on_mint_allowlist,pdl,bearish,qualified,D_FVG_bull_2026-08-28,-1.130572843896901,,stop,7.8729999999995925,,sha256:a8e19a21f5e3d854,kernel_ticket:pass:kernel_session_ticket|direction:pass:determined|risk:pass:within_caps|allowlist:FAIL:not_on_mint_allowlist|mode:pass:paper|contract:FAIL:hermes_integration_i0_ftn_never_actionable,"{""m1_correct_side_of_eq"": true, ""m2_false_breakout"": true, ""m4_fvg_in_displacement"": true, ""m3_iof_aligned"": false, ""m5_ipda20_discount"": true, ""m6_with_20d_swing"": true, ""m7_osok_profile"": true, ""m8_cbdr_tight"": false, ""m8_ny_continues_london"": false, ""m10_us500_confirms"": null, ""m11_smt_divergence"": null, ""m12_topdown_agree"": false, ""m13_bridge_window_fvg"": false}",correct_side,7645.767,7636.866,2026-09-01T08:32:00,0.528,scorer_flat_book,0.0,0.0,,ideal,adr_spent
2026-09-02,US500,ny_am,True,REV,named_extreme_raid+htf_pd+mss,2026-09-02T07:30:00,bullish,7625.863,7608.119,allowlist:not_on_mint_allowlist,pdl,bearish,qualified,D_FVG_bull_2026-08-28,1.9501803426510378,,target,17.744000000000597,,sha256:3b4b34731c434966,kernel_ticket:pass:kernel_session_ticket|direction:pass:determined|risk:pass:within_caps|allowlist:FAIL:not_on_mint_allowlist|mode:pass:paper|contract:FAIL:hermes_integration_i0_ftn_never_actionable,"{""m1_correct_side_of_eq"": true, ""m2_false_breakout"": true, ""m4_fvg_in_displacement"": false, ""m3_iof_aligned"": false, ""m5_ipda20_discount"": true, ""m6_with_20d_swing"": false, ""m7_osok_profile"": true, ""m8_cbdr_tight"": false, ""m8_ny_continues_london"": false, ""m10_us500_confirms"": null, ""m11_smt_divergence"": null, ""m12_topdown_agree"": false, ""m13_bridge_window_fvg"": false}",correct_side,7626.647,7661.251000000001,2026-09-02T10:17:00,0.534,scorer_flat_book,0.0,0.0,,ideal,allowed
2026-09-03,US500,ny_am,True,REV,named_extreme_raid+htf_pd+mss,2026-09-03T10:00:00,bearish,7712.249,7718.075,allowlist:not_on_mint_allowlist,pdh,bullish,aligned,D_FVG_bear_2026-09-01,1.9399244764846615,,target,5.826000000000022,,sha256:3889a521373af700,kernel_ticket:pass:kernel_session_ticket|direction:pass:determined|risk:pass:within_caps|allowlist:FAIL:not_on_mint_allowlist|mode:pass:paper|contract:FAIL:hermes_integration_i0_ftn_never_actionable,"{""m1_correct_side_of_eq"": true, ""m2_false_breakout"": true, ""m4_fvg_in_displacement"": true, ""m3_iof_aligned"": true, ""m5_ipda20_discount"": false, ""m6_with_20d_swing"": true, ""m7_osok_profile"": false, ""m8_cbdr_tight"": true, ""m8_ny_continues_london"": false, ""m10_us500_confirms"": null, ""m11_smt_divergence"": null, ""m12_topdown_agree"": false, ""m13_bridge_window_fvg"": true}",correct_side,7711.999,7700.697,2026-09-03T10:01:00,0.459,scorer_flat_book,0.0,0.0,,ideal,allowed
2026-09-04,US500,london,True,REV,named_extreme_raid+htf_pd+mss,2026-09-04T03:00:00,bearish,7748.995,7758.679,allowlist:not_on_mint_allowlist,pdh,bullish,qualified,D_FVG_bear_2026-09-01,1.9638579099545275,,target,9.684000000000196,,sha256:dd2d462832f2230a,kernel_ticket:pass:kernel_session_ticket|direction:pass:determined|risk:pass:within_caps|allowlist:FAIL:not_on_mint_allowlist|mode:pass:paper|contract:FAIL:hermes_integration_i0_ftn_never_actionable,"{""m1_correct_side_of_eq"": true, ""m2_false_breakout"": true, ""m4_fvg_in_displacement"": true, ""m3_iof_aligned"": false, ""m5_ipda20_discount"": true, ""m6_with_20d_swing"": false, ""m7_osok_profile"": false, ""m8_cbdr_tight"": true, ""m8_ny_continues_london"": null, ""m10_us500_confirms"": null, ""m11_smt_divergence"": null, ""m12_topdown_agree"": false, ""m13_bridge_window_fvg"": false}",correct_side,7748.745,7729.727,2026-09-04T08:30:00,0.513,scorer_flat_book,0.0,0.0,08:30 nfp,ideal,news
2026-09-08,US500,london,True,REV,named_extreme_raid+htf_pd+mss,2026-09-08T03:15:00,bullish,7700.019,7688.513,allowlist:not_on_mint_allowlist,pdl,bearish,aligned,D_FVG_bear_2026-08-18,-1.0880410220754295,,stop,11.506000000000313,,sha256:f9f64f0a659a7360,kernel_ticket:pass:kernel_session_ticket|direction:pass:determined|risk:pass:within_caps|allowlist:FAIL:not_on_mint_allowlist|mode:pass:paper|contract:FAIL:hermes_integration_i0_ftn_never_actionable,"{""m1_correct_side_of_eq"": true, ""m2_false_breakout"": false, ""m4_fvg_in_displacement"": false, ""m3_iof_aligned"": true, ""m5_ipda20_discount"": true, ""m6_with_20d_swing"": false, ""m7_osok_profile"": true, ""m8_cbdr_tight"": true, ""m8_ny_continues_london"": null, ""m10_us500_confirms"": null, ""m11_smt_divergence"": null, ""m12_topdown_agree"": false, ""m13_bridge_window_fvg"": false}",correct_side,7700.782,7688.263,2026-09-08T03:42:00,0.513,scorer_flat_book,0.0,0.0,,ideal,allowed
2026-09-08,US500,ny_am,True,REV,named_extreme_raid+htf_pd+mss,2026-09-08T10:00:00,bullish,7689.534,7681.266,allowlist:not_on_mint_allowlist,pdl,bearish,aligned,D_FVG_bull_2026-08-28,-1.1217948717949338,,stop,8.268000000000029,,sha256:cc66a47dab961bfa,kernel_ticket:pass:kernel_session_ticket|direction:pass:determined|risk:pass:within_caps|allowlist:FAIL:not_on_mint_allowlist|mode:pass:paper|contract:FAIL:hermes_integration_i0_ftn_never_actionable,"{""m1_correct_side_of_eq"": true, ""m2_false_breakout"": false, ""m4_fvg_in_displacement"": true, ""m3_iof_aligned"": true, ""m5_ipda20_discount"": true, ""m6_with_20d_swing"": false, ""m7_osok_profile"": true, ""m8_cbdr_tight"": true, ""m8_ny_continues_london"": false, ""m10_us500_confirms"": null, ""m11_smt_divergence"": null, ""m12_topdown_agree"": false, ""m13_bridge_window_fvg"": true}",correct_side,7690.291,7681.016,2026-09-08T10:02:00,0.507,scorer_flat_book,0.0,0.0,,ideal,allowed
2026-09-09,US500,ny_am,True,REV,named_extreme_raid+htf_pd+mss,2026-09-09T07:15:00,bullish,7649.101,7640.986,allowlist:not_on_mint_allowlist,pdl,bearish,aligned,D_FVG_bull_2026-09-04,-1.1244608749230123,,stop,8.114999999999782,,sha256:50d105948b1eda3c,kernel_ticket:pass:kernel_session_ticket|direction:pass:determined|risk:pass:within_caps|allowlist:FAIL:not_on_mint_allowlist|mode:pass:paper|contract:FAIL:hermes_integration_i0_ftn_never_actionable,"{""m1_correct_side_of_eq"": true, ""m2_false_breakout"": false, ""m4_fvg_in_displacement"": false, ""m3_iof_aligned"": true, ""m5_ipda20_discount"": true, ""m6_with_20d_swing"": false, ""m7_osok_profile"": true, ""m8_cbdr_tight"": false, ""m8_ny_continues_london"": false, ""m10_us500_confirms"": null, ""m11_smt_divergence"": null, ""m12_topdown_agree"": false, ""m13_bridge_window_fvg"": false}",correct_side,7649.861,7640.736,2026-09-09T08:12:00,0.51,scorer_flat_book,0.0,0.0,,ideal,allowed
2026-09-21,US500,ny_am,True,REV,named_extreme_raid+htf_pd+mss,2026-09-21T07:15:00,bearish,7696.495,7702.004,allowlist:not_on_mint_allowlist,pdh,bullish,aligned,D_FVG_bear_2026-09-10,-1.0907605736068249,,stop,5.5090000000000146,,sha256:be1e83b23db5aec0,kernel_ticket:pass:kernel_session_ticket|direction:pass:determined|risk:pass:within_caps|allowlist:FAIL:not_on_mint_allowlist|mode:pass:paper|contract:FAIL:hermes_integration_i0_ftn_never_actionable,"{""m1_correct_side_of_eq"": true, ""m2_false_breakout"": false, ""m4_fvg_in_displacement"": false, ""m3_iof_aligned"": true, ""m5_ipda20_discount"": true, ""m6_with_20d_swing"": false, ""m7_osok_profile"": true, ""m8_cbdr_tight"": false, ""m8_ny_continues_london"": false, ""m10_us500_confirms"": null, ""m11_smt_divergence"": null, ""m12_topdown_agree"": false, ""m13_bridge_window_fvg"": false}",correct_side,7696.245,7702.254,2026-09-21T07:54:00,0.519,scorer_flat_book,0.0,0.0,,ideal,allowed
2026-09-24,US500,london,True,REV,named_extreme_raid+htf_pd+mss,2026-09-24T03:15:00,bullish,7679.828,7664.566,allowlist:not_on_mint_allowlist,pdl,bearish,aligned,D_FVG_bull_2026-09-04,-1.065391167605789,,stop,15.262000000000626,,sha256:2ba6f51ed9a63f24,kernel_ticket:pass:kernel_session_ticket|direction:pass:determined|risk:pass:within_caps|allowlist:FAIL:not_on_mint_allowlist|mode:pass:paper|contract:FAIL:hermes_integration_i0_ftn_never_actionable,"{""m1_correct_side_of_eq"": true, ""m2_false_breakout"": false, ""m4_fvg_in_displacement"": true, ""m3_iof_aligned"": true, ""m5_ipda20_discount"": false, ""m6_with_20d_swing"": true, ""m7_osok_profile"": false, ""m8_cbdr_tight"": false, ""m8_ny_continues_london"": null, ""m10_us500_confirms"": null, ""m11_smt_divergence"": null, ""m12_topdown_agree"": false, ""m13_bridge_window_fvg"": false}",correct_side,7680.576,7664.316,2026-09-24T04:11:00,0.498,scorer_flat_book,0.0,0.0,,ideal,allowed
2026-09-24,US500,ny_am,True,REV,named_extreme_raid+htf_pd+mss,2026-09-24T07:15:00,bullish,7666.563,7645.081,allowlist:not_on_mint_allowlist,pdl,bearish,qualified,D_FVG_bull_2026-09-04,1.9592682245600967,,target,21.48199999999997,,sha256:decff72e7284dc7d,kernel_ticket:pass:kernel_session_ticket|direction:pass:determined|risk:pass:within_caps|allowlist:FAIL:not_on_mint_allowlist|mode:pass:paper|contract:FAIL:hermes_integration_i0_ftn_never_actionable,"{""m1_correct_side_of_eq"": true, ""m2_false_breakout"": false, ""m4_fvg_in_displacement"": true, ""m3_iof_aligned"": false, ""m5_ipda20_discount"": false, ""m6_with_20d_swing"": true, ""m7_osok_profile"": false, ""m8_cbdr_tight"": false, ""m8_ny_continues_london"": false, ""m10_us500_confirms"": null, ""m11_smt_divergence"": null, ""m12_topdown_agree"": false, ""m13_bridge_window_fvg"": false}",correct_side,7667.338,7709.427,2026-09-24T12:17:00,0.525,scorer_flat_book,0.0,0.0,,ideal,allowed
