date,symbol,session,ticket,module,reason,entry_time,side,entry,stop,blocked_by,raid_level,iof_state,iof_confidence,origin_pd_array,R,R_gross,exit,risk_pts,cost_R,fingerprint,gates,features
2025-09-29,US500,london,True,REV,named_extreme_raid+htf_pd+mss,2025-09-29T02:15:00,buy,6664.742,6649.051,side:rev_side_conflicts_with_raid,pdh,bullish,qualified,D_FVG_bull_2025-09-12,-1.0637308010961706,-1.0,stop,15.690999999999804,0.06373080109617058,6465871926c4f9f5,kernel_ticket:pass:kernel_session_ticket|side:FAIL:rev_side_conflicts_with_raid|risk:pass:within_caps|allowlist:FAIL:not_on_mint_allowlist|mode:pass:paper,"{""m1_correct_side_of_eq"": false, ""m2_false_breakout"": false, ""m4_fvg_in_displacement"": true, ""m3_iof_aligned"": false, ""m5_ipda20_discount"": false, ""m6_with_20d_swing"": true, ""m7_osok_profile"": false, ""m8_cbdr_tight"": true, ""m8_ny_continues_london"": null, ""m10_us500_confirms"": null, ""m11_smt_divergence"": null, ""m12_topdown_agree"": false, ""m13_bridge_window_fvg"": false}"
2025-09-29,US500,ny_am,True,REV,named_extreme_raid+htf_pd+mss,2025-09-29T07:15:00,buy,6672.748,6649.051,side:rev_side_conflicts_with_raid,pdh,bullish,aligned,D_FVG_bull_2025-09-12,-1.0421994345275787,-1.0,stop,23.696999999999207,0.042199434527578746,f345afbaeac0050e,kernel_ticket:pass:kernel_session_ticket|side:FAIL:rev_side_conflicts_with_raid|risk:pass:within_caps|allowlist:FAIL:not_on_mint_allowlist|mode:pass:paper,"{""m1_correct_side_of_eq"": false, ""m2_false_breakout"": false, ""m4_fvg_in_displacement"": true, ""m3_iof_aligned"": true, ""m5_ipda20_discount"": false, ""m6_with_20d_swing"": true, ""m7_osok_profile"": false, ""m8_cbdr_tight"": true, ""m8_ny_continues_london"": true, ""m10_us500_confirms"": null, ""m11_smt_divergence"": null, ""m12_topdown_agree"": false, ""m13_bridge_window_fvg"": false}"
2025-09-30,US500,london,True,REV,named_extreme_raid+htf_pd+mss,2025-09-30T04:00:00,buy,6649.954,6643.951,allowlist:not_on_mint_allowlist,pdl,bullish,qualified,D_FVG_bull_2025-09-12,-1.1665833749791854,-1.0,stop,6.002999999999702,0.16658337497918535,f8fe306fc394f253,kernel_ticket:pass:kernel_session_ticket|side:pass:determined|risk:pass:within_caps|allowlist:FAIL:not_on_mint_allowlist|mode:pass:paper,"{""m1_correct_side_of_eq"": true, ""m2_false_breakout"": true, ""m4_fvg_in_displacement"": false, ""m3_iof_aligned"": false, ""m5_ipda20_discount"": false, ""m6_with_20d_swing"": true, ""m7_osok_profile"": true, ""m8_cbdr_tight"": true, ""m8_ny_continues_london"": null, ""m10_us500_confirms"": null, ""m11_smt_divergence"": null, ""m12_topdown_agree"": false, ""m13_bridge_window_fvg"": false}"
2025-09-30,US500,ny_am,True,REV,named_extreme_raid+htf_pd+mss,2025-09-30T10:00:00,buy,6655.533,6643.951,allowlist:not_on_mint_allowlist,pdl,bullish,qualified,D_FVG_bull_2025-09-12,-1.08634087376964,-1.0,stop,11.582000000000335,0.08634087376964006,d4aa37d120119120,kernel_ticket:pass:kernel_session_ticket|side:pass:determined|risk:pass:within_caps|allowlist:FAIL:not_on_mint_allowlist|mode:pass:paper,"{""m1_correct_side_of_eq"": true, ""m2_false_breakout"": true, ""m4_fvg_in_displacement"": true, ""m3_iof_aligned"": false, ""m5_ipda20_discount"": false, ""m6_with_20d_swing"": true, ""m7_osok_profile"": true, ""m8_cbdr_tight"": true, ""m8_ny_continues_london"": false, ""m10_us500_confirms"": null, ""m11_smt_divergence"": null, ""m12_topdown_agree"": false, ""m13_bridge_window_fvg"": true}"
2025-10-01,US500,ny_am,True,REV,named_extreme_raid+htf_pd+mss,2025-10-01T10:00:00,buy,6662.151,6640.899,allowlist:not_on_mint_allowlist,pdl,bullish,aligned,D_FVG_bull_2025-09-12,1.952945605119517,2.0,target,21.251999999999498,0.04705439488048295,a930292893354ac1,kernel_ticket:pass:kernel_session_ticket|side:pass:determined|risk:pass:within_caps|allowlist:FAIL:not_on_mint_allowlist|mode:pass:paper,"{""m1_correct_side_of_eq"": true, ""m2_false_breakout"": false, ""m4_fvg_in_displacement"": true, ""m3_iof_aligned"": true, ""m5_ipda20_discount"": false, ""m6_with_20d_swing"": true, ""m7_osok_profile"": true, ""m8_cbdr_tight"": false, ""m8_ny_continues_london"": false, ""m10_us500_confirms"": null, ""m11_smt_divergence"": null, ""m12_topdown_agree"": false, ""m13_bridge_window_fvg"": true}"
2025-10-02,US500,ny_am,True,REV,named_extreme_raid+htf_pd+mss,2025-10-02T07:15:00,buy,6725.699,6719.151,side:rev_side_conflicts_with_raid,pdh,bullish,aligned,D_FVG_bull_2025-09-12,-1.1527183872938354,-1.0,stop,6.5479999999997744,0.15271838729383544,427b031f1e3c5d65,kernel_ticket:pass:kernel_session_ticket|side:FAIL:rev_side_conflicts_with_raid|risk:pass:within_caps|allowlist:FAIL:not_on_mint_allowlist|mode:pass:paper,"{""m1_correct_side_of_eq"": false, ""m2_false_breakout"": true, ""m4_fvg_in_displacement"": true, ""m3_iof_aligned"": true, ""m5_ipda20_discount"": false, ""m6_with_20d_swing"": true, ""m7_osok_profile"": false, ""m8_cbdr_tight"": true, ""m8_ny_continues_london"": true, ""m10_us500_confirms"": null, ""m11_smt_divergence"": null, ""m12_topdown_agree"": false, ""m13_bridge_window_fvg"": false}"
2025-10-03,US500,london,True,REV,named_extreme_raid+htf_pd+mss,2025-10-03T02:15:00,buy,6732.945,6732.354,side:rev_side_conflicts_with_raid,pdh,bullish,qualified,D_FVG_bull_2025-10-02,0.30795262267183077,2.0,target,0.5909999999994398,1.6920473773281692,abb602e1e27ef2b3,kernel_ticket:pass:kernel_session_ticket|side:FAIL:rev_side_conflicts_with_raid|risk:pass:within_caps|allowlist:FAIL:not_on_mint_allowlist|mode:pass:paper,"{""m1_correct_side_of_eq"": false, ""m2_false_breakout"": true, ""m4_fvg_in_displacement"": true, ""m3_iof_aligned"": false, ""m5_ipda20_discount"": false, ""m6_with_20d_swing"": true, ""m7_osok_profile"": false, ""m8_cbdr_tight"": true, ""m8_ny_continues_london"": null, ""m10_us500_confirms"": null, ""m11_smt_divergence"": null, ""m12_topdown_agree"": false, ""m13_bridge_window_fvg"": false}"
2025-10-07,US500,ny_am,True,REV,named_extreme_raid+htf_pd+mss,2025-10-07T09:15:00,buy,6750.139,6749.048,side:rev_side_conflicts_with_raid,pdh,bullish,aligned,D_FVG_bull_2025-10-02,-1.9165902841426947,-1.0,stop,1.0910000000003492,0.9165902841426947,bc97185d6eae4021,kernel_ticket:pass:kernel_session_ticket|side:FAIL:rev_side_conflicts_with_raid|risk:pass:within_caps|allowlist:FAIL:not_on_mint_allowlist|mode:pass:paper,"{""m1_correct_side_of_eq"": false, ""m2_false_breakout"": false, ""m4_fvg_in_displacement"": false, ""m3_iof_aligned"": true, ""m5_ipda20_discount"": false, ""m6_with_20d_swing"": true, ""m7_osok_profile"": false, ""m8_cbdr_tight"": true, ""m8_ny_continues_london"": true, ""m10_us500_confirms"": null, ""m11_smt_divergence"": null, ""m12_topdown_agree"": true, ""m13_bridge_window_fvg"": false}"
2025-10-09,US500,london,True,REV,named_extreme_raid+htf_pd+mss,2025-10-09T02:15:00,buy,6760.545,6756.342,side:rev_side_conflicts_with_raid,pdh,bullish,aligned,D_FVG_bull_2025-10-02,-1.2379252914584578,-1.0,stop,4.203000000000429,0.23792529145845773,dc2e766c8a5d1482,kernel_ticket:pass:kernel_session_ticket|side:FAIL:rev_side_conflicts_with_raid|risk:pass:within_caps|allowlist:FAIL:not_on_mint_allowlist|mode:pass:paper,"{""m1_correct_side_of_eq"": false, ""m2_false_breakout"": true, ""m4_fvg_in_displacement"": true, ""m3_iof_aligned"": true, ""m5_ipda20_discount"": false, ""m6_with_20d_swing"": true, ""m7_osok_profile"": false, ""m8_cbdr_tight"": true, ""m8_ny_continues_london"": null, ""m10_us500_confirms"": null, ""m11_smt_divergence"": null, ""m12_topdown_agree"": true, ""m13_bridge_window_fvg"": false}"
2025-10-17,US500,london,True,REV,named_extreme_raid+htf_pd+mss,2025-10-17T02:15:00,sell,6590.799,6593.148,side:rev_side_conflicts_with_raid,pdl,bearish,aligned,D_FVG_bull_2025-10-02,1.5742869306087988,2.0,target,2.34900000000016,0.4257130693912013,84027af921d61c66,kernel_ticket:pass:kernel_session_ticket|side:FAIL:rev_side_conflicts_with_raid|risk:pass:within_caps|allowlist:FAIL:not_on_mint_allowlist|mode:pass:paper,"{""m1_correct_side_of_eq"": false, ""m2_false_breakout"": false, ""m4_fvg_in_displacement"": false, ""m3_iof_aligned"": true, ""m5_ipda20_discount"": false, ""m6_with_20d_swing"": true, ""m7_osok_profile"": false, ""m8_cbdr_tight"": false, ""m8_ny_continues_london"": null, ""m10_us500_confirms"": null, ""m11_smt_divergence"": null, ""m12_topdown_agree"": true, ""m13_bridge_window_fvg"": false}"
2025-10-20,US500,london,True,REV,named_extreme_raid+htf_pd+mss,2025-10-20T03:30:00,buy,6696.099,6679.651,side:rev_side_conflicts_with_raid,pdh,bullish,qualified,D_FVG_bull_2025-10-02,-1.0607976653696487,-1.0,stop,16.44800000000032,0.060797665369648625,cfac797b7c4aacb7,kernel_ticket:pass:kernel_session_ticket|side:FAIL:rev_side_conflicts_with_raid|risk:pass:within_caps|allowlist:FAIL:not_on_mint_allowlist|mode:pass:paper,"{""m1_correct_side_of_eq"": false, ""m2_false_breakout"": false, ""m4_fvg_in_displacement"": false, ""m3_iof_aligned"": false, ""m5_ipda20_discount"": false, ""m6_with_20d_swing"": true, ""m7_osok_profile"": false, ""m8_cbdr_tight"": false, ""m8_ny_continues_london"": null, ""m10_us500_confirms"": null, ""m11_smt_divergence"": null, ""m12_topdown_agree"": true, ""m13_bridge_window_fvg"": false}"
2025-10-20,US500,ny_am,True,REV,named_extreme_raid+htf_pd+mss,2025-10-20T10:00:00,buy,6709.436,6679.651,side:rev_side_conflicts_with_raid,pdh,bullish,aligned,D_FVG_bull_2025-10-02,0.8225616921269135,0.8561356387443386,time,29.784999999999854,0.03357394661742504,5dc8d731e30d7980,kernel_ticket:pass:kernel_session_ticket|side:FAIL:rev_side_conflicts_with_raid|risk:pass:within_caps|allowlist:FAIL:not_on_mint_allowlist|mode:pass:paper,"{""m1_correct_side_of_eq"": false, ""m2_false_breakout"": false, ""m4_fvg_in_displacement"": true, ""m3_iof_aligned"": true, ""m5_ipda20_discount"": false, ""m6_with_20d_swing"": true, ""m7_osok_profile"": false, ""m8_cbdr_tight"": false, ""m8_ny_continues_london"": false, ""m10_us500_confirms"": null, ""m11_smt_divergence"": null, ""m12_topdown_agree"": true, ""m13_bridge_window_fvg"": false}"
2025-10-24,US500,london,True,REV,named_extreme_raid+htf_pd+mss,2025-10-24T02:15:00,buy,6760.536,6748.899,side:rev_side_conflicts_with_raid,pdh,bullish,aligned,D_FVG_bull_2025-10-21,1.914067199450028,2.0,target,11.636999999999716,0.08593280054997202,b30bd0130d9494f3,kernel_ticket:pass:kernel_session_ticket|side:FAIL:rev_side_conflicts_with_raid|risk:pass:within_caps|allowlist:FAIL:not_on_mint_allowlist|mode:pass:paper,"{""m1_correct_side_of_eq"": false, ""m2_false_breakout"": false, ""m4_fvg_in_displacement"": true, ""m3_iof_aligned"": true, ""m5_ipda20_discount"": false, ""m6_with_20d_swing"": true, ""m7_osok_profile"": false, ""m8_cbdr_tight"": true, ""m8_ny_continues_london"": null, ""m10_us500_confirms"": null, ""m11_smt_divergence"": null, ""m12_topdown_agree"": true, ""m13_bridge_window_fvg"": false}"
2025-10-24,US500,ny_am,True,REV,named_extreme_raid+htf_pd+mss,2025-10-24T07:15:00,buy,6761.851,6748.899,side:rev_side_conflicts_with_raid,pdh,bullish,qualified,D_FVG_bull_2025-10-21,1.92279184681902,2.0,target,12.951999999999316,0.07720815318097998,7f3ffeeddf9e5ec8,kernel_ticket:pass:kernel_session_ticket|side:FAIL:rev_side_conflicts_with_raid|risk:pass:within_caps|allowlist:FAIL:not_on_mint_allowlist|mode:pass:paper,"{""m1_correct_side_of_eq"": false, ""m2_false_breakout"": false, ""m4_fvg_in_displacement"": true, ""m3_iof_aligned"": false, ""m5_ipda20_discount"": false, ""m6_with_20d_swing"": true, ""m7_osok_profile"": false, ""m8_cbdr_tight"": true, ""m8_ny_continues_london"": false, ""m10_us500_confirms"": null, ""m11_smt_divergence"": null, ""m12_topdown_agree"": true, ""m13_bridge_window_fvg"": false}"
2025-10-27,US500,london,True,REV,named_extreme_raid+htf_pd+mss,2025-10-27T02:15:00,buy,6850.745,6806.199,side:rev_side_conflicts_with_raid,pdh,bullish,aligned,D_FVG_bull_2025-10-21,0.5007408072554294,0.5231895119651675,time,44.54600000000028,0.02244870470973811,aab3119d12df3690,kernel_ticket:pass:kernel_session_ticket|side:FAIL:rev_side_conflicts_with_raid|risk:pass:within_caps|allowlist:FAIL:not_on_mint_allowlist|mode:pass:paper,"{""m1_correct_side_of_eq"": false, ""m2_false_breakout"": false, ""m4_fvg_in_displacement"": true, ""m3_iof_aligned"": true, ""m5_ipda20_discount"": false, ""m6_with_20d_swing"": true, ""m7_osok_profile"": false, ""m8_cbdr_tight"": true, ""m8_ny_continues_london"": null, ""m10_us500_confirms"": null, ""m11_smt_divergence"": null, ""m12_topdown_agree"": true, ""m13_bridge_window_fvg"": false}"
2025-10-27,US500,ny_am,True,REV,named_extreme_raid+htf_pd+mss,2025-10-27T07:15:00,buy,6850.742,6806.199,side:rev_side_conflicts_with_raid,pdh,bullish,qualified,D_FVG_bull_2025-10-21,0.5008418831241701,0.5232920997687605,time,44.543000000000575,0.02245021664459033,2a662f0f10d26e65,kernel_ticket:pass:kernel_session_ticket|side:FAIL:rev_side_conflicts_with_raid|risk:pass:within_caps|allowlist:FAIL:not_on_mint_allowlist|mode:pass:paper,"{""m1_correct_side_of_eq"": false, ""m2_false_breakout"": false, ""m4_fvg_in_displacement"": true, ""m3_iof_aligned"": false, ""m5_ipda20_discount"": false, ""m6_with_20d_swing"": true, ""m7_osok_profile"": false, ""m8_cbdr_tight"": true, ""m8_ny_continues_london"": false, ""m10_us500_confirms"": null, ""m11_smt_divergence"": null, ""m12_topdown_agree"": true, ""m13_bridge_window_fvg"": false}"
2025-10-28,US500,ny_am,True,REV,named_extreme_raid+htf_pd+mss,2025-10-28T09:15:00,buy,6893.145,6877.999,side:rev_side_conflicts_with_raid,pdh,bullish,aligned,D_FVG_bull_2025-10-27,-1.0660240327479173,-1.0,stop,15.14600000000064,0.06602403274791745,5caf30686f86bc23,kernel_ticket:pass:kernel_session_ticket|side:FAIL:rev_side_conflicts_with_raid|risk:pass:within_caps|allowlist:FAIL:not_on_mint_allowlist|mode:pass:paper,"{""m1_correct_side_of_eq"": false, ""m2_false_breakout"": true, ""m4_fvg_in_displacement"": true, ""m3_iof_aligned"": true, ""m5_ipda20_discount"": false, ""m6_with_20d_swing"": true, ""m7_osok_profile"": false, ""m8_cbdr_tight"": true, ""m8_ny_continues_london"": true, ""m10_us500_confirms"": null, ""m11_smt_divergence"": null, ""m12_topdown_agree"": true, ""m13_bridge_window_fvg"": false}"
2025-10-29,US500,ny_am,True,REV,named_extreme_raid+htf_pd+mss,2025-10-29T10:00:00,buy,6917.651,6911.554,side:rev_side_conflicts_with_raid,pdh,bullish,aligned,D_FVG_bull_2025-10-28,-1.1640150893882304,-1.0,stop,6.096999999999753,0.16401508938823037,d24f13ca9ef42e48,kernel_ticket:pass:kernel_session_ticket|side:FAIL:rev_side_conflicts_with_raid|risk:pass:within_caps|allowlist:FAIL:not_on_mint_allowlist|mode:pass:paper,"{""m1_correct_side_of_eq"": false, ""m2_false_breakout"": true, ""m4_fvg_in_displacement"": true, ""m3_iof_aligned"": true, ""m5_ipda20_discount"": false, ""m6_with_20d_swing"": true, ""m7_osok_profile"": false, ""m8_cbdr_tight"": true, ""m8_ny_continues_london"": false, ""m10_us500_confirms"": null, ""m11_smt_divergence"": null, ""m12_topdown_agree"": true, ""m13_bridge_window_fvg"": false}"
2025-11-10,US500,london,True,REV,named_extreme_raid+htf_pd+mss,2025-11-10T02:15:00,buy,6777.799,6745.348,side:rev_side_conflicts_with_raid,pdh,bullish,qualified,D_FVG_bull_2025-10-21,1.67461711503497,1.7054328063850055,time,32.45100000000002,0.030815691350035417,2ff8385a375cba6f,kernel_ticket:pass:kernel_session_ticket|side:FAIL:rev_side_conflicts_with_raid|risk:pass:within_caps|allowlist:FAIL:not_on_mint_allowlist|mode:pass:paper,"{""m1_correct_side_of_eq"": false, ""m2_false_breakout"": false, ""m4_fvg_in_displacement"": false, ""m3_iof_aligned"": false, ""m5_ipda20_discount"": false, ""m6_with_20d_swing"": true, ""m7_osok_profile"": false, ""m8_cbdr_tight"": false, ""m8_ny_continues_london"": null, ""m10_us500_confirms"": null, ""m11_smt_divergence"": null, ""m12_topdown_agree"": false, ""m13_bridge_window_fvg"": false}"
2025-11-10,US500,ny_am,True,REV,named_extreme_raid+htf_pd+mss,2025-11-10T07:15:00,buy,6791.033,6745.348,side:rev_side_conflicts_with_raid,pdh,bullish,aligned,D_FVG_bull_2025-10-21,0.8998358323300669,0.9217248549852052,time,45.6850000000004,0.021889022655138257,dca56a8f2d2a56be,kernel_ticket:pass:kernel_session_ticket|side:FAIL:rev_side_conflicts_with_raid|risk:pass:within_caps|allowlist:FAIL:not_on_mint_allowlist|mode:pass:paper,"{""m1_correct_side_of_eq"": false, ""m2_false_breakout"": false, ""m4_fvg_in_displacement"": true, ""m3_iof_aligned"": true, ""m5_ipda20_discount"": false, ""m6_with_20d_swing"": true, ""m7_osok_profile"": false, ""m8_cbdr_tight"": false, ""m8_ny_continues_london"": true, ""m10_us500_confirms"": null, ""m11_smt_divergence"": null, ""m12_topdown_agree"": false, ""m13_bridge_window_fvg"": false}"
2025-11-12,US500,london,True,REV,named_extreme_raid+htf_pd+mss,2025-11-12T02:15:00,buy,6868.233,6855.554,side:rev_side_conflicts_with_raid,pdh,bullish,aligned,D_FVG_bull_2025-10-27,-1.078870573389068,-1.0,stop,12.679000000000087,0.078870573389068,72591cdbc63868c6,kernel_ticket:pass:kernel_session_ticket|side:FAIL:rev_side_conflicts_with_raid|risk:pass:within_caps|allowlist:FAIL:not_on_mint_allowlist|mode:pass:paper,"{""m1_correct_side_of_eq"": false, ""m2_false_breakout"": false, ""m4_fvg_in_displacement"": true, ""m3_iof_aligned"": true, ""m5_ipda20_discount"": false, ""m6_with_20d_swing"": true, ""m7_osok_profile"": false, ""m8_cbdr_tight"": true, ""m8_ny_continues_london"": null, ""m10_us500_confirms"": null, ""m11_smt_divergence"": null, ""m12_topdown_agree"": false, ""m13_bridge_window_fvg"": false}"
2025-11-12,US500,ny_am,True,REV,named_extreme_raid+htf_pd+mss,2025-11-12T07:15:00,buy,6869.436,6855.554,side:rev_side_conflicts_with_raid,pdh,bullish,qualified,D_FVG_bull_2025-10-28,-1.072035729721944,-1.0,stop,13.881999999999607,0.07203572972194412,99a4fb17a5639297,kernel_ticket:pass:kernel_session_ticket|side:FAIL:rev_side_conflicts_with_raid|risk:pass:within_caps|allowlist:FAIL:not_on_mint_allowlist|mode:pass:paper,"{""m1_correct_side_of_eq"": false, ""m2_false_breakout"": false, ""m4_fvg_in_displacement"": true, ""m3_iof_aligned"": false, ""m5_ipda20_discount"": false, ""m6_with_20d_swing"": true, ""m7_osok_profile"": false, ""m8_cbdr_tight"": true, ""m8_ny_continues_london"": true, ""m10_us500_confirms"": null, ""m11_smt_divergence"": null, ""m12_topdown_agree"": false, ""m13_bridge_window_fvg"": false}"
2025-11-14,US500,london,True,REV,named_extreme_raid+htf_pd+mss,2025-11-14T02:15:00,sell,6718.942,6723.139,side:rev_side_conflicts_with_raid,pdl,bearish,aligned,D_FVG_bull_2025-11-11,-1.238265427686436,-1.0,stop,4.197000000000116,0.23826542768643608,54050812d8d971f7,kernel_ticket:pass:kernel_session_ticket|side:FAIL:rev_side_conflicts_with_raid|risk:pass:within_caps|allowlist:FAIL:not_on_mint_allowlist|mode:pass:paper,"{""m1_correct_side_of_eq"": false, ""m2_false_breakout"": true, ""m4_fvg_in_displacement"": true, ""m3_iof_aligned"": true, ""m5_ipda20_discount"": false, ""m6_with_20d_swing"": false, ""m7_osok_profile"": false, ""m8_cbdr_tight"": true, ""m8_ny_continues_london"": null, ""m10_us500_confirms"": null, ""m11_smt_divergence"": null, ""m12_topdown_agree"": true, ""m13_bridge_window_fvg"": false}"
2025-11-14,US500,ny_am,True,REV,named_extreme_raid+htf_pd+mss,2025-11-14T07:15:00,sell,6676.954,6723.139,side:rev_side_conflicts_with_raid,pdl,bearish,aligned,D_FVG_bull_2025-10-21,-1.0216520515318825,-1.0,stop,46.1850000000004,0.021652051531882457,1b392b5f3cd76e04,kernel_ticket:pass:kernel_session_ticket|side:FAIL:rev_side_conflicts_with_raid|risk:pass:within_caps|allowlist:FAIL:not_on_mint_allowlist|mode:pass:paper,"{""m1_correct_side_of_eq"": false, ""m2_false_breakout"": true, ""m4_fvg_in_displacement"": true, ""m3_iof_aligned"": true, ""m5_ipda20_discount"": false, ""m6_with_20d_swing"": false, ""m7_osok_profile"": false, ""m8_cbdr_tight"": true, ""m8_ny_continues_london"": true, ""m10_us500_confirms"": null, ""m11_smt_divergence"": null, ""m12_topdown_agree"": true, ""m13_bridge_window_fvg"": false}"
2025-11-17,US500,ny_am,True,REV,named_extreme_raid+htf_pd+mss,2025-11-17T07:15:00,sell,6740.545,6774.145,allowlist:not_on_mint_allowlist,pdh,bearish,qualified,D_FVG_bull_2025-11-11,1.9702380952380956,2.0,target,33.600000000000364,0.02976190476190444,c745599b74c51df2,kernel_ticket:pass:kernel_session_ticket|side:pass:determined|risk:pass:within_caps|allowlist:FAIL:not_on_mint_allowlist|mode:pass:paper,"{""m1_correct_side_of_eq"": true, ""m2_false_breakout"": false, ""m4_fvg_in_displacement"": true, ""m3_iof_aligned"": false, ""m5_ipda20_discount"": false, ""m6_with_20d_swing"": false, ""m7_osok_profile"": true, ""m8_cbdr_tight"": false, ""m8_ny_continues_london"": false, ""m10_us500_confirms"": null, ""m11_smt_divergence"": null, ""m12_topdown_agree"": true, ""m13_bridge_window_fvg"": false}"
2025-11-18,US500,london,True,REV,named_extreme_raid+htf_pd+mss,2025-11-18T02:15:00,sell,6620.742,6637.654,side:rev_side_conflicts_with_raid,pdl,bearish,aligned,D_FVG_bull_2025-10-21,-1.0591296121097435,-1.0,stop,16.912000000000262,0.05912961210974364,a656f4fbab0ebfe0,kernel_ticket:pass:kernel_session_ticket|side:FAIL:rev_side_conflicts_with_raid|risk:pass:within_caps|allowlist:FAIL:not_on_mint_allowlist|mode:pass:paper,"{""m1_correct_side_of_eq"": false, ""m2_false_breakout"": true, ""m4_fvg_in_displacement"": true, ""m3_iof_aligned"": true, ""m5_ipda20_discount"": false, ""m6_with_20d_swing"": true, ""m7_osok_profile"": false, ""m8_cbdr_tight"": false, ""m8_ny_continues_london"": null, ""m10_us500_confirms"": null, ""m11_smt_divergence"": null, ""m12_topdown_agree"": true, ""m13_bridge_window_fvg"": false}"
2025-11-18,US500,ny_am,True,REV,named_extreme_raid+htf_pd+mss,2025-11-18T10:00:00,sell,6602.433,6637.654,side:rev_side_conflicts_with_raid,pdl,bearish,aligned,D_FVG_bull_2025-10-21,-1.0283921524090738,-1.0,stop,35.22100000000046,0.02839215240907376,fb1b1de903fbe379,kernel_ticket:pass:kernel_session_ticket|side:FAIL:rev_side_conflicts_with_raid|risk:pass:within_caps|allowlist:FAIL:not_on_mint_allowlist|mode:pass:paper,"{""m1_correct_side_of_eq"": false, ""m2_false_breakout"": true, ""m4_fvg_in_displacement"": true, ""m3_iof_aligned"": true, ""m5_ipda20_discount"": false, ""m6_with_20d_swing"": true, ""m7_osok_profile"": false, ""m8_cbdr_tight"": false, ""m8_ny_continues_london"": false, ""m10_us500_confirms"": null, ""m11_smt_divergence"": null, ""m12_topdown_agree"": true, ""m13_bridge_window_fvg"": false}"
2025-11-21,US500,ny_am,True,REV,named_extreme_raid+htf_pd+mss,2025-11-21T07:15:00,sell,6527.154,6531.145,side:rev_side_conflicts_with_raid,pdl,bearish,aligned,D_FVG_bull_2025-11-11,1.749436231520921,2.0,target,3.9909999999999854,0.25056376847907885,8205db4facc721c7,kernel_ticket:pass:kernel_session_ticket|side:FAIL:rev_side_conflicts_with_raid|risk:pass:within_caps|allowlist:FAIL:not_on_mint_allowlist|mode:pass:paper,"{""m1_correct_side_of_eq"": false, ""m2_false_breakout"": false, ""m4_fvg_in_displacement"": false, ""m3_iof_aligned"": true, ""m5_ipda20_discount"": false, ""m6_with_20d_swing"": true, ""m7_osok_profile"": false, ""m8_cbdr_tight"": false, ""m8_ny_continues_london"": true, ""m10_us500_confirms"": null, ""m11_smt_divergence"": null, ""m12_topdown_agree"": true, ""m13_bridge_window_fvg"": false}"
2025-12-05,US500,london,True,REV,named_extreme_raid+htf_pd+mss,2025-12-05T02:15:00,buy,6872.045,6870.548,side:rev_side_conflicts_with_raid,pdh,bullish,qualified,D_FVG_bear_2025-11-14,1.331997327989445,2.0,target,1.4970000000002983,0.668002672010555,8c68fe4caf7ef717,kernel_ticket:pass:kernel_session_ticket|side:FAIL:rev_side_conflicts_with_raid|risk:pass:within_caps|allowlist:FAIL:not_on_mint_allowlist|mode:pass:paper,"{""m1_correct_side_of_eq"": false, ""m2_false_breakout"": false, ""m4_fvg_in_displacement"": true, ""m3_iof_aligned"": false, ""m5_ipda20_discount"": false, ""m6_with_20d_swing"": true, ""m7_osok_profile"": false, ""m8_cbdr_tight"": true, ""m8_ny_continues_london"": null, ""m10_us500_confirms"": null, ""m11_smt_divergence"": null, ""m12_topdown_agree"": true, ""m13_bridge_window_fvg"": false}"
2025-12-05,US500,ny_am,True,REV,named_extreme_raid+htf_pd+mss,2025-12-05T10:00:00,buy,6880.539,6870.548,side:rev_side_conflicts_with_raid,pdh,bullish,aligned,D_FVG_bear_2025-11-14,-1.100090081072966,-1.0,stop,9.990999999999985,0.10009008107296581,a2ba1c32e5685367,kernel_ticket:pass:kernel_session_ticket|side:FAIL:rev_side_conflicts_with_raid|risk:pass:within_caps|allowlist:FAIL:not_on_mint_allowlist|mode:pass:paper,"{""m1_correct_side_of_eq"": false, ""m2_false_breakout"": false, ""m4_fvg_in_displacement"": true, ""m3_iof_aligned"": true, ""m5_ipda20_discount"": false, ""m6_with_20d_swing"": true, ""m7_osok_profile"": false, ""m8_cbdr_tight"": true, ""m8_ny_continues_london"": false, ""m10_us500_confirms"": null, ""m11_smt_divergence"": null, ""m12_topdown_agree"": true, ""m13_bridge_window_fvg"": false}"
2025-12-11,US500,ny_am,True,REV,named_extreme_raid+htf_pd+mss,2025-12-11T07:15:00,buy,6861.054,6823.936,allowlist:not_on_mint_allowlist,pdl,bullish,aligned,D_FVG_bear_2025-11-14,1.0959372811034984,1.122878387844163,time,37.11800000000039,0.026941106740664623,0faa049390933e08,kernel_ticket:pass:kernel_session_ticket|side:pass:determined|risk:pass:within_caps|allowlist:FAIL:not_on_mint_allowlist|mode:pass:paper,"{""m1_correct_side_of_eq"": true, ""m2_false_breakout"": true, ""m4_fvg_in_displacement"": true, ""m3_iof_aligned"": true, ""m5_ipda20_discount"": false, ""m6_with_20d_swing"": true, ""m7_osok_profile"": false, ""m8_cbdr_tight"": false, ""m8_ny_continues_london"": true, ""m10_us500_confirms"": null, ""m11_smt_divergence"": null, ""m12_topdown_agree"": true, ""m13_bridge_window_fvg"": false}"
2025-12-16,US500,london,True,REV,named_extreme_raid+htf_pd+mss,2025-12-16T02:45:00,sell,6772.133,6801.439,side:rev_side_conflicts_with_raid,pdl,bearish,qualified,D_FVG_bull_2025-12-01,-1.0341227052480715,-1.0,stop,29.306000000000495,0.03412270524807149,b07e96154bb300f4,kernel_ticket:pass:kernel_session_ticket|side:FAIL:rev_side_conflicts_with_raid|risk:pass:within_caps|allowlist:FAIL:not_on_mint_allowlist|mode:pass:paper,"{""m1_correct_side_of_eq"": false, ""m2_false_breakout"": false, ""m4_fvg_in_displacement"": true, ""m3_iof_aligned"": false, ""m5_ipda20_discount"": true, ""m6_with_20d_swing"": false, ""m7_osok_profile"": false, ""m8_cbdr_tight"": true, ""m8_ny_continues_london"": null, ""m10_us500_confirms"": null, ""m11_smt_divergence"": null, ""m12_topdown_agree"": true, ""m13_bridge_window_fvg"": false}"
2025-12-19,US500,ny_am,True,REV,named_extreme_raid+htf_pd+mss,2025-12-19T10:00:00,buy,6827.099,6816.099,side:rev_side_conflicts_with_raid,pdh,bullish,aligned,D_FVG_bull_2025-12-01,-1.0909090909090908,-1.0,stop,11.0,0.09090909090909091,789c7bf708f5859c,kernel_ticket:pass:kernel_session_ticket|side:FAIL:rev_side_conflicts_with_raid|risk:pass:within_caps|allowlist:FAIL:not_on_mint_allowlist|mode:pass:paper,"{""m1_correct_side_of_eq"": false, ""m2_false_breakout"": false, ""m4_fvg_in_displacement"": false, ""m3_iof_aligned"": true, ""m5_ipda20_discount"": false, ""m6_with_20d_swing"": true, ""m7_osok_profile"": false, ""m8_cbdr_tight"": false, ""m8_ny_continues_london"": true, ""m10_us500_confirms"": null, ""m11_smt_divergence"": null, ""m12_topdown_agree"": false, ""m13_bridge_window_fvg"": false}"
2025-12-22,US500,ny_am,True,REV,named_extreme_raid+htf_pd+mss,2025-12-22T07:15:00,buy,6856.754,6840.236,side:rev_side_conflicts_with_raid,pdh,bullish,qualified,D_FVG_bull_2025-12-01,1.089538685070848,1.1500787020220526,time,16.51800000000003,0.06054001695120464,120898f03aeca051,kernel_ticket:pass:kernel_session_ticket|side:FAIL:rev_side_conflicts_with_raid|risk:pass:within_caps|allowlist:FAIL:not_on_mint_allowlist|mode:pass:paper,"{""m1_correct_side_of_eq"": false, ""m2_false_breakout"": false, ""m4_fvg_in_displacement"": true, ""m3_iof_aligned"": false, ""m5_ipda20_discount"": false, ""m6_with_20d_swing"": true, ""m7_osok_profile"": false, ""m8_cbdr_tight"": true, ""m8_ny_continues_london"": true, ""m10_us500_confirms"": null, ""m11_smt_divergence"": null, ""m12_topdown_agree"": true, ""m13_bridge_window_fvg"": false}"
2025-12-26,US500,ny_am,True,REV,named_extreme_raid+htf_pd+mss,2025-12-26T07:15:00,buy,6929.054,6910.348,side:rev_side_conflicts_with_raid,pdh,bullish,qualified,D_FVG_bull_2025-12-23,0.0897572971239215,0.14321608040201372,time,18.70600000000013,0.05345878327809222,a3b741c30ad8cb30,kernel_ticket:pass:kernel_session_ticket|side:FAIL:rev_side_conflicts_with_raid|risk:pass:within_caps|allowlist:FAIL:not_on_mint_allowlist|mode:pass:paper,"{""m1_correct_side_of_eq"": false, ""m2_false_breakout"": false, ""m4_fvg_in_displacement"": true, ""m3_iof_aligned"": false, ""m5_ipda20_discount"": false, ""m6_with_20d_swing"": true, ""m7_osok_profile"": false, ""m8_cbdr_tight"": true, ""m8_ny_continues_london"": true, ""m10_us500_confirms"": null, ""m11_smt_divergence"": null, ""m12_topdown_agree"": true, ""m13_bridge_window_fvg"": false}"
2025-12-31,US500,london,True,REV,named_extreme_raid+htf_pd+mss,2025-12-31T02:15:00,sell,6881.439,6892.636,side:rev_side_conflicts_with_raid,pdl,bearish,aligned,D_FVG_bull_2025-12-26,-1.0893096365097785,-1.0,stop,11.197000000000116,0.08930963650977848,2df3fe80dc39299b,kernel_ticket:pass:kernel_session_ticket|side:FAIL:rev_side_conflicts_with_raid|risk:pass:within_caps|allowlist:FAIL:not_on_mint_allowlist|mode:pass:paper,"{""m1_correct_side_of_eq"": false, ""m2_false_breakout"": false, ""m4_fvg_in_displacement"": true, ""m3_iof_aligned"": true, ""m5_ipda20_discount"": true, ""m6_with_20d_swing"": false, ""m7_osok_profile"": false, ""m8_cbdr_tight"": false, ""m8_ny_continues_london"": null, ""m10_us500_confirms"": null, ""m11_smt_divergence"": null, ""m12_topdown_agree"": false, ""m13_bridge_window_fvg"": false}"
2025-12-31,US500,ny_am,True,REV,named_extreme_raid+htf_pd+mss,2025-12-31T07:15:00,sell,6884.999,6892.636,side:rev_side_conflicts_with_raid,pdl,bearish,qualified,D_FVG_bear_2025-12-30,-1.1309414691632733,-1.0,stop,7.637000000000626,0.1309414691632733,c7d85f85a942debf,kernel_ticket:pass:kernel_session_ticket|side:FAIL:rev_side_conflicts_with_raid|risk:pass:within_caps|allowlist:FAIL:not_on_mint_allowlist|mode:pass:paper,"{""m1_correct_side_of_eq"": false, ""m2_false_breakout"": false, ""m4_fvg_in_displacement"": true, ""m3_iof_aligned"": false, ""m5_ipda20_discount"": true, ""m6_with_20d_swing"": false, ""m7_osok_profile"": false, ""m8_cbdr_tight"": false, ""m8_ny_continues_london"": true, ""m10_us500_confirms"": null, ""m11_smt_divergence"": null, ""m12_topdown_agree"": false, ""m13_bridge_window_fvg"": false}"
2026-01-05,US500,ny_am,True,REV,named_extreme_raid+htf_pd+mss,2026-01-05T10:00:00,buy,6897.036,6894.554,side:rev_side_conflicts_with_raid,pdh,bullish,aligned,D_FVG_bull_2025-12-23,1.5970991136180452,2.0,target,2.481999999999971,0.40290088638195476,0c6c0e5f2c330663,kernel_ticket:pass:kernel_session_ticket|side:FAIL:rev_side_conflicts_with_raid|risk:pass:within_caps|allowlist:FAIL:not_on_mint_allowlist|mode:pass:paper,"{""m1_correct_side_of_eq"": false, ""m2_false_breakout"": false, ""m4_fvg_in_displacement"": false, ""m3_iof_aligned"": true, ""m5_ipda20_discount"": false, ""m6_with_20d_swing"": true, ""m7_osok_profile"": false, ""m8_cbdr_tight"": false, ""m8_ny_continues_london"": false, ""m10_us500_confirms"": null, ""m11_smt_divergence"": null, ""m12_topdown_agree"": false, ""m13_bridge_window_fvg"": false}"
2026-01-07,US500,ny_am,True,REV,named_extreme_raid+htf_pd+mss,2026-01-07T10:00:00,buy,6951.045,6949.236,side:rev_side_conflicts_with_raid,pdh,bullish,aligned,D_FVG_bear_2025-12-30,-1.552791597567657,-1.0,stop,1.8090000000001965,0.552791597567657,d2a0f708a9f78929,kernel_ticket:pass:kernel_session_ticket|side:FAIL:rev_side_conflicts_with_raid|risk:pass:within_caps|allowlist:FAIL:not_on_mint_allowlist|mode:pass:paper,"{""m1_correct_side_of_eq"": false, ""m2_false_breakout"": false, ""m4_fvg_in_displacement"": false, ""m3_iof_aligned"": true, ""m5_ipda20_discount"": false, ""m6_with_20d_swing"": true, ""m7_osok_profile"": false, ""m8_cbdr_tight"": true, ""m8_ny_continues_london"": false, ""m10_us500_confirms"": null, ""m11_smt_divergence"": null, ""m12_topdown_agree"": false, ""m13_bridge_window_fvg"": false}"
2026-01-08,US500,london,True,REV,named_extreme_raid+htf_pd+mss,2026-01-08T02:15:00,sell,6901.445,6917.236,side:rev_side_conflicts_with_raid,pdl,bearish,aligned,D_FVG_bear_2025-12-30,-1.063327211702868,-1.0,stop,15.791000000000167,0.06332721170286805,aee1c7de928e9495,kernel_ticket:pass:kernel_session_ticket|side:FAIL:rev_side_conflicts_with_raid|risk:pass:within_caps|allowlist:FAIL:not_on_mint_allowlist|mode:pass:paper,"{""m1_correct_side_of_eq"": false, ""m2_false_breakout"": false, ""m4_fvg_in_displacement"": true, ""m3_iof_aligned"": true, ""m5_ipda20_discount"": true, ""m6_with_20d_swing"": false, ""m7_osok_profile"": false, ""m8_cbdr_tight"": false, ""m8_ny_continues_london"": null, ""m10_us500_confirms"": null, ""m11_smt_divergence"": null, ""m12_topdown_agree"": true, ""m13_bridge_window_fvg"": false}"
2026-01-08,US500,ny_am,True,REV,named_extreme_raid+htf_pd+mss,2026-01-08T10:00:00,sell,6908.536,6917.236,side:rev_side_conflicts_with_raid,pdl,bearish,aligned,D_FVG_bear_2025-12-30,-1.1149425287356345,-1.0,stop,8.699999999999818,0.11494252873563458,20a2fdac778c0e89,kernel_ticket:pass:kernel_session_ticket|side:FAIL:rev_side_conflicts_with_raid|risk:pass:within_caps|allowlist:FAIL:not_on_mint_allowlist|mode:pass:paper,"{""m1_correct_side_of_eq"": false, ""m2_false_breakout"": false, ""m4_fvg_in_displacement"": true, ""m3_iof_aligned"": true, ""m5_ipda20_discount"": true, ""m6_with_20d_swing"": false, ""m7_osok_profile"": false, ""m8_cbdr_tight"": false, ""m8_ny_continues_london"": false, ""m10_us500_confirms"": null, ""m11_smt_divergence"": null, ""m12_topdown_agree"": true, ""m13_bridge_window_fvg"": false}"
2026-01-12,US500,ny_am,True,REV,named_extreme_raid+htf_pd+mss,2026-01-12T10:00:00,buy,6961.499,6915.233,allowlist:not_on_mint_allowlist,pdl,bullish,aligned,D_FVG_bear_2025-12-30,0.3145938702286865,0.336208014524714,time,46.26599999999962,0.021614144296027496,e811381ca0cee815,kernel_ticket:pass:kernel_session_ticket|side:pass:determined|risk:pass:within_caps|allowlist:FAIL:not_on_mint_allowlist|mode:pass:paper,"{""m1_correct_side_of_eq"": false, ""m2_false_breakout"": false, ""m4_fvg_in_displacement"": true, ""m3_iof_aligned"": true, ""m5_ipda20_discount"": false, ""m6_with_20d_swing"": true, ""m7_osok_profile"": true, ""m8_cbdr_tight"": true, ""m8_ny_continues_london"": false, ""m10_us500_confirms"": null, ""m11_smt_divergence"": null, ""m12_topdown_agree"": true, ""m13_bridge_window_fvg"": true}"
2026-01-14,US500,ny_am,True,REV,named_extreme_raid+htf_pd+mss,2026-01-14T10:00:00,sell,6911.351,6938.639,side:rev_side_conflicts_with_raid,pdl,bearish,aligned,D_FVG_bear_2025-12-30,-0.6154353562005457,-0.578789211374982,time,27.288000000000466,0.03664614482556373,8bf0c38fbe27397b,kernel_ticket:pass:kernel_session_ticket|side:FAIL:rev_side_conflicts_with_raid|risk:pass:within_caps|allowlist:FAIL:not_on_mint_allowlist|mode:pass:paper,"{""m1_correct_side_of_eq"": false, ""m2_false_breakout"": false, ""m4_fvg_in_displacement"": true, ""m3_iof_aligned"": true, ""m5_ipda20_discount"": true, ""m6_with_20d_swing"": false, ""m7_osok_profile"": false, ""m8_cbdr_tight"": false, ""m8_ny_continues_london"": false, ""m10_us500_confirms"": null, ""m11_smt_divergence"": null, ""m12_topdown_agree"": false, ""m13_bridge_window_fvg"": false}"
2026-01-20,US500,london,True,REV,named_extreme_raid+htf_pd+mss,2026-01-20T02:15:00,sell,6848.736,6924.933,side:rev_side_conflicts_with_raid,pdl,bearish,aligned,D_FVG_bull_2025-12-26,0.6756433980340419,0.6887672743021365,time,76.19700000000012,0.013123876268094524,f05cd9babcb2cba4,kernel_ticket:pass:kernel_session_ticket|side:FAIL:rev_side_conflicts_with_raid|risk:pass:within_caps|allowlist:FAIL:not_on_mint_allowlist|mode:pass:paper,"{""m1_correct_side_of_eq"": false, ""m2_false_breakout"": false, ""m4_fvg_in_displacement"": true, ""m3_iof_aligned"": true, ""m5_ipda20_discount"": false, ""m6_with_20d_swing"": false, ""m7_osok_profile"": false, ""m8_cbdr_tight"": false, ""m8_ny_continues_london"": null, ""m10_us500_confirms"": null, ""m11_smt_divergence"": null, ""m12_topdown_agree"": true, ""m13_bridge_window_fvg"": false}"
2026-01-20,US500,ny_am,True,REV,named_extreme_raid+htf_pd+mss,2026-01-20T07:15:00,sell,6842.548,6924.933,side:rev_side_conflicts_with_raid,pdl,bearish,qualified,D_FVG_bull_2025-12-26,0.5497845481580355,0.5619226800995296,time,82.38500000000022,0.012138131941494172,45e58b03b5212ade,kernel_ticket:pass:kernel_session_ticket|side:FAIL:rev_side_conflicts_with_raid|risk:pass:within_caps|allowlist:FAIL:not_on_mint_allowlist|mode:pass:paper,"{""m1_correct_side_of_eq"": false, ""m2_false_breakout"": false, ""m4_fvg_in_displacement"": true, ""m3_iof_aligned"": false, ""m5_ipda20_discount"": false, ""m6_with_20d_swing"": false, ""m7_osok_profile"": false, ""m8_cbdr_tight"": false, ""m8_ny_continues_london"": true, ""m10_us500_confirms"": null, ""m11_smt_divergence"": null, ""m12_topdown_agree"": true, ""m13_bridge_window_fvg"": false}"
2026-01-26,US500,ny_am,True,REV,named_extreme_raid+htf_pd+mss,2026-01-26T07:15:00,buy,6913.199,6892.836,allowlist:not_on_mint_allowlist,pdl,bullish,aligned,D_FVG_bear_2026-01-20,1.9508913224966837,2.0,target,20.362999999999374,0.04910867750331634,e10d617c1cf3cd29,kernel_ticket:pass:kernel_session_ticket|side:pass:determined|risk:pass:within_caps|allowlist:FAIL:not_on_mint_allowlist|mode:pass:paper,"{""m1_correct_side_of_eq"": false, ""m2_false_breakout"": true, ""m4_fvg_in_displacement"": true, ""m3_iof_aligned"": true, ""m5_ipda20_discount"": false, ""m6_with_20d_swing"": true, ""m7_osok_profile"": true, ""m8_cbdr_tight"": true, ""m8_ny_continues_london"": false, ""m10_us500_confirms"": null, ""m11_smt_divergence"": null, ""m12_topdown_agree"": true, ""m13_bridge_window_fvg"": false}"
2026-01-27,US500,london,True,REV,named_extreme_raid+htf_pd+mss,2026-01-27T02:15:00,buy,6971.651,6964.251,side:rev_side_conflicts_with_raid,pdh,bullish,qualified,D_FVG_bear_2026-01-21,-1.1351351351351417,-1.0,stop,7.399999999999636,0.13513513513514178,8ec03bf9ab5bea7f,kernel_ticket:pass:kernel_session_ticket|side:FAIL:rev_side_conflicts_with_raid|risk:pass:within_caps|allowlist:FAIL:not_on_mint_allowlist|mode:pass:paper,"{""m1_correct_side_of_eq"": false, ""m2_false_breakout"": false, ""m4_fvg_in_displacement"": true, ""m3_iof_aligned"": false, ""m5_ipda20_discount"": false, ""m6_with_20d_swing"": true, ""m7_osok_profile"": false, ""m8_cbdr_tight"": true, ""m8_ny_continues_london"": null, ""m10_us500_confirms"": null, ""m11_smt_divergence"": null, ""m12_topdown_agree"": true, ""m13_bridge_window_fvg"": false}"
2026-01-27,US500,ny_am,True,REV,named_extreme_raid+htf_pd+mss,2026-01-27T10:00:00,buy,6975.039,6964.251,side:rev_side_conflicts_with_raid,pdh,bullish,aligned,D_FVG_bear_2026-01-21,0.1668520578420704,0.2595476455321002,time,10.787999999999556,0.09269558769002977,cef9587a7d3d0253,kernel_ticket:pass:kernel_session_ticket|side:FAIL:rev_side_conflicts_with_raid|risk:pass:within_caps|allowlist:FAIL:not_on_mint_allowlist|mode:pass:paper,"{""m1_correct_side_of_eq"": false, ""m2_false_breakout"": false, ""m4_fvg_in_displacement"": true, ""m3_iof_aligned"": true, ""m5_ipda20_discount"": false, ""m6_with_20d_swing"": true, ""m7_osok_profile"": false, ""m8_cbdr_tight"": true, ""m8_ny_continues_london"": false, ""m10_us500_confirms"": null, ""m11_smt_divergence"": null, ""m12_topdown_agree"": true, ""m13_bridge_window_fvg"": false}"
2026-01-28,US500,london,True,REV,named_extreme_raid+htf_pd+mss,2026-01-28T02:15:00,buy,7007.054,6988.542,side:rev_side_conflicts_with_raid,pdh,bullish,aligned,D_FVG_bull_2026-01-27,-1.0540190146931727,-1.0,stop,18.511999999999716,0.05401901469317282,fab413cc243f63d3,kernel_ticket:pass:kernel_session_ticket|side:FAIL:rev_side_conflicts_with_raid|risk:pass:within_caps|allowlist:FAIL:not_on_mint_allowlist|mode:pass:paper,"{""m1_correct_side_of_eq"": false, ""m2_false_breakout"": false, ""m4_fvg_in_displacement"": true, ""m3_iof_aligned"": true, ""m5_ipda20_discount"": false, ""m6_with_20d_swing"": true, ""m7_osok_profile"": false, ""m8_cbdr_tight"": true, ""m8_ny_continues_london"": null, ""m10_us500_confirms"": null, ""m11_smt_divergence"": null, ""m12_topdown_agree"": true, ""m13_bridge_window_fvg"": false}"
2026-01-28,US500,ny_am,True,REV,named_extreme_raid+htf_pd+mss,2026-01-28T07:15:00,buy,6998.354,6988.542,side:rev_side_conflicts_with_raid,pdh,bullish,qualified,D_FVG_bull_2026-01-27,-1.1019160211985335,-1.0,stop,9.811999999999898,0.10191602119853346,b8ea360a189243d4,kernel_ticket:pass:kernel_session_ticket|side:FAIL:rev_side_conflicts_with_raid|risk:pass:within_caps|allowlist:FAIL:not_on_mint_allowlist|mode:pass:paper,"{""m1_correct_side_of_eq"": false, ""m2_false_breakout"": false, ""m4_fvg_in_displacement"": true, ""m3_iof_aligned"": false, ""m5_ipda20_discount"": false, ""m6_with_20d_swing"": true, ""m7_osok_profile"": false, ""m8_cbdr_tight"": true, ""m8_ny_continues_london"": false, ""m10_us500_confirms"": null, ""m11_smt_divergence"": null, ""m12_topdown_agree"": true, ""m13_bridge_window_fvg"": false}"
2026-02-02,US500,london,True,REV,named_extreme_raid+htf_pd+mss,2026-02-02T02:15:00,sell,6856.454,6891.151,side:rev_side_conflicts_with_raid,pdl,bearish,aligned,D_FVG_bear_2026-01-20,-1.028820935527567,-1.0,stop,34.697000000000116,0.028820935527567128,6509e868649caa58,kernel_ticket:pass:kernel_session_ticket|side:FAIL:rev_side_conflicts_with_raid|risk:pass:within_caps|allowlist:FAIL:not_on_mint_allowlist|mode:pass:paper,"{""m1_correct_side_of_eq"": false, ""m2_false_breakout"": false, ""m4_fvg_in_displacement"": true, ""m3_iof_aligned"": true, ""m5_ipda20_discount"": false, ""m6_with_20d_swing"": false, ""m7_osok_profile"": false, ""m8_cbdr_tight"": false, ""m8_ny_continues_london"": null, ""m10_us500_confirms"": null, ""m11_smt_divergence"": null, ""m12_topdown_agree"": false, ""m13_bridge_window_fvg"": false}"
2026-02-03,US500,london,True,REV,named_extreme_raid+htf_pd+mss,2026-02-03T03:15:00,buy,7001.448,6991.533,side:rev_side_conflicts_with_raid,pdh,bullish,aligned,D_FVG_bull_2026-01-27,-1.1008572869389817,-1.0,stop,9.914999999999964,0.10085728693898172,1f810256ca098eea,kernel_ticket:pass:kernel_session_ticket|side:FAIL:rev_side_conflicts_with_raid|risk:pass:within_caps|allowlist:FAIL:not_on_mint_allowlist|mode:pass:paper,"{""m1_correct_side_of_eq"": false, ""m2_false_breakout"": false, ""m4_fvg_in_displacement"": false, ""m3_iof_aligned"": true, ""m5_ipda20_discount"": false, ""m6_with_20d_swing"": true, ""m7_osok_profile"": false, ""m8_cbdr_tight"": true, ""m8_ny_continues_london"": null, ""m10_us500_confirms"": null, ""m11_smt_divergence"": null, ""m12_topdown_agree"": true, ""m13_bridge_window_fvg"": false}"
2026-02-13,US500,ny_am,True,REV,named_extreme_raid+htf_pd+mss,2026-02-13T07:15:00,sell,6812.399,6823.051,side:rev_side_conflicts_with_raid,pdl,bearish,aligned,D_FVG_bear_2026-01-20,-1.0938790837401422,-1.0,stop,10.652000000000044,0.09387908374014231,ad0f05baf294869e,kernel_ticket:pass:kernel_session_ticket|side:FAIL:rev_side_conflicts_with_raid|risk:pass:within_caps|allowlist:FAIL:not_on_mint_allowlist|mode:pass:paper,"{""m1_correct_side_of_eq"": false, ""m2_false_breakout"": false, ""m4_fvg_in_displacement"": true, ""m3_iof_aligned"": true, ""m5_ipda20_discount"": false, ""m6_with_20d_swing"": true, ""m7_osok_profile"": false, ""m8_cbdr_tight"": false, ""m8_ny_continues_london"": false, ""m10_us500_confirms"": null, ""m11_smt_divergence"": null, ""m12_topdown_agree"": false, ""m13_bridge_window_fvg"": false}"
2026-02-17,US500,ny_am,True,REV,named_extreme_raid+htf_pd+mss,2026-02-17T10:00:00,sell,6783.833,6793.842,side:rev_side_conflicts_with_raid,pdl,bearish,aligned,D_FVG_bear_2026-01-20,-1.0999100809271654,-1.0,stop,10.009000000000015,0.09991008092716541,48b8dcc636755b5a,kernel_ticket:pass:kernel_session_ticket|side:FAIL:rev_side_conflicts_with_raid|risk:pass:within_caps|allowlist:FAIL:not_on_mint_allowlist|mode:pass:paper,"{""m1_correct_side_of_eq"": false, ""m2_false_breakout"": true, ""m4_fvg_in_displacement"": false, ""m3_iof_aligned"": true, ""m5_ipda20_discount"": false, ""m6_with_20d_swing"": true, ""m7_osok_profile"": false, ""m8_cbdr_tight"": false, ""m8_ny_continues_london"": false, ""m10_us500_confirms"": null, ""m11_smt_divergence"": null, ""m12_topdown_agree"": true, ""m13_bridge_window_fvg"": false}"
2026-02-25,US500,ny_am,True,REV,named_extreme_raid+htf_pd+mss,2026-02-25T08:00:00,buy,6913.942,6899.751,side:rev_side_conflicts_with_raid,pdh,bullish,aligned,D_FVG_bear_2026-02-13,1.9295328024804443,2.0,target,14.190999999999804,0.07046719751955562,d2c2e8828c95c815,kernel_ticket:pass:kernel_session_ticket|side:FAIL:rev_side_conflicts_with_raid|risk:pass:within_caps|allowlist:FAIL:not_on_mint_allowlist|mode:pass:paper,"{""m1_correct_side_of_eq"": false, ""m2_false_breakout"": true, ""m4_fvg_in_displacement"": true, ""m3_iof_aligned"": true, ""m5_ipda20_discount"": false, ""m6_with_20d_swing"": false, ""m7_osok_profile"": false, ""m8_cbdr_tight"": true, ""m8_ny_continues_london"": true, ""m10_us500_confirms"": null, ""m11_smt_divergence"": null, ""m12_topdown_agree"": true, ""m13_bridge_window_fvg"": false}"
2026-02-27,US500,ny_am,True,REV,named_extreme_raid+htf_pd+mss,2026-02-27T08:45:00,sell,6847.536,6858.945,side:rev_side_conflicts_with_raid,pdl,bearish,aligned,D_FVG_bear_2026-02-13,-1.0876501007976187,-1.0,stop,11.40899999999965,0.0876501007976186,93ff71924fc678af,kernel_ticket:pass:kernel_session_ticket|side:FAIL:rev_side_conflicts_with_raid|risk:pass:within_caps|allowlist:FAIL:not_on_mint_allowlist|mode:pass:paper,"{""m1_correct_side_of_eq"": false, ""m2_false_breakout"": false, ""m4_fvg_in_displacement"": false, ""m3_iof_aligned"": true, ""m5_ipda20_discount"": false, ""m6_with_20d_swing"": true, ""m7_osok_profile"": false, ""m8_cbdr_tight"": false, ""m8_ny_continues_london"": false, ""m10_us500_confirms"": null, ""m11_smt_divergence"": null, ""m12_topdown_agree"": false, ""m13_bridge_window_fvg"": false}"
2026-03-02,US500,london,True,REV,named_extreme_raid+htf_pd+mss,2026-03-02T02:15:00,sell,6776.033,6831.133,side:rev_side_conflicts_with_raid,pdl,bearish,aligned,D_FVG_bear_2026-02-13,-1.0181488203266789,-1.0,stop,55.099999999999454,0.018148820326678947,f4af1f55e2ea495a,kernel_ticket:pass:kernel_session_ticket|side:FAIL:rev_side_conflicts_with_raid|risk:pass:within_caps|allowlist:FAIL:not_on_mint_allowlist|mode:pass:paper,"{""m1_correct_side_of_eq"": false, ""m2_false_breakout"": false, ""m4_fvg_in_displacement"": true, ""m3_iof_aligned"": true, ""m5_ipda20_discount"": false, ""m6_with_20d_swing"": true, ""m7_osok_profile"": false, ""m8_cbdr_tight"": false, ""m8_ny_continues_london"": null, ""m10_us500_confirms"": null, ""m11_smt_divergence"": null, ""m12_topdown_agree"": true, ""m13_bridge_window_fvg"": false}"
2026-03-06,US500,ny_am,True,REV,named_extreme_raid+htf_pd+mss,2026-03-06T09:00:00,sell,6738.599,6769.651,side:rev_side_conflicts_with_raid,pdl,bearish,aligned,D_FVG_bear_2026-02-13,-1.0322040448280307,-1.0,stop,31.05199999999968,0.032204044828030735,275f8d2f8806ecbe,kernel_ticket:pass:kernel_session_ticket|side:FAIL:rev_side_conflicts_with_raid|risk:pass:within_caps|allowlist:FAIL:not_on_mint_allowlist|mode:pass:paper,"{""m1_correct_side_of_eq"": false, ""m2_false_breakout"": false, ""m4_fvg_in_displacement"": false, ""m3_iof_aligned"": true, ""m5_ipda20_discount"": false, ""m6_with_20d_swing"": true, ""m7_osok_profile"": false, ""m8_cbdr_tight"": false, ""m8_ny_continues_london"": true, ""m10_us500_confirms"": null, ""m11_smt_divergence"": null, ""m12_topdown_agree"": true, ""m13_bridge_window_fvg"": false}"
2026-03-09,US500,ny_am,True,REV,named_extreme_raid+htf_pd+mss,2026-03-09T10:00:00,sell,6652.751,6710.133,side:rev_side_conflicts_with_raid,pdl,bearish,aligned,D_FVG_bear_2026-02-13,-1.0174270677215853,-1.0,stop,57.38199999999961,0.017427067721585286,ef37b138743068e7,kernel_ticket:pass:kernel_session_ticket|side:FAIL:rev_side_conflicts_with_raid|risk:pass:within_caps|allowlist:FAIL:not_on_mint_allowlist|mode:pass:paper,"{""m1_correct_side_of_eq"": false, ""m2_false_breakout"": false, ""m4_fvg_in_displacement"": true, ""m3_iof_aligned"": true, ""m5_ipda20_discount"": false, ""m6_with_20d_swing"": true, ""m7_osok_profile"": false, ""m8_cbdr_tight"": false, ""m8_ny_continues_london"": false, ""m10_us500_confirms"": null, ""m11_smt_divergence"": null, ""m12_topdown_agree"": true, ""m13_bridge_window_fvg"": false}"
2026-03-12,US500,london,True,REV,named_extreme_raid+htf_pd+mss,2026-03-12T02:15:00,sell,6712.154,6744.254,side:rev_side_conflicts_with_raid,pdl,bearish,qualified,D_FVG_bear_2026-02-13,-1.0311526479750783,-1.0,stop,32.099999999999454,0.031152647975078412,ec5669e759d2d996,kernel_ticket:pass:kernel_session_ticket|side:FAIL:rev_side_conflicts_with_raid|risk:pass:within_caps|allowlist:FAIL:not_on_mint_allowlist|mode:pass:paper,"{""m1_correct_side_of_eq"": false, ""m2_false_breakout"": false, ""m4_fvg_in_displacement"": true, ""m3_iof_aligned"": false, ""m5_ipda20_discount"": false, ""m6_with_20d_swing"": true, ""m7_osok_profile"": false, ""m8_cbdr_tight"": false, ""m8_ny_continues_london"": null, ""m10_us500_confirms"": null, ""m11_smt_divergence"": null, ""m12_topdown_agree"": true, ""m13_bridge_window_fvg"": false}"
2026-03-12,US500,ny_am,True,REV,named_extreme_raid+htf_pd+mss,2026-03-12T10:00:00,sell,6698.899,6744.254,side:rev_side_conflicts_with_raid,pdl,bearish,aligned,D_FVG_bear_2026-02-13,0.5864844008378486,0.608532686583632,time,45.35499999999956,0.022048285745783477,70c168d1fdcb00c1,kernel_ticket:pass:kernel_session_ticket|side:FAIL:rev_side_conflicts_with_raid|risk:pass:within_caps|allowlist:FAIL:not_on_mint_allowlist|mode:pass:paper,"{""m1_correct_side_of_eq"": false, ""m2_false_breakout"": false, ""m4_fvg_in_displacement"": true, ""m3_iof_aligned"": true, ""m5_ipda20_discount"": false, ""m6_with_20d_swing"": true, ""m7_osok_profile"": false, ""m8_cbdr_tight"": false, ""m8_ny_continues_london"": false, ""m10_us500_confirms"": null, ""m11_smt_divergence"": null, ""m12_topdown_agree"": true, ""m13_bridge_window_fvg"": false}"
2026-03-13,US500,london,True,REV,named_extreme_raid+htf_pd+mss,2026-03-13T03:15:00,sell,6652.239,6666.942,side:rev_side_conflicts_with_raid,pdl,bearish,aligned,D_FVG_bear_2026-02-13,-1.0680133306127981,-1.0,stop,14.70300000000043,0.06801333061279813,08722c0a26f3e4e0,kernel_ticket:pass:kernel_session_ticket|side:FAIL:rev_side_conflicts_with_raid|risk:pass:within_caps|allowlist:FAIL:not_on_mint_allowlist|mode:pass:paper,"{""m1_correct_side_of_eq"": false, ""m2_false_breakout"": false, ""m4_fvg_in_displacement"": false, ""m3_iof_aligned"": true, ""m5_ipda20_discount"": false, ""m6_with_20d_swing"": true, ""m7_osok_profile"": false, ""m8_cbdr_tight"": true, ""m8_ny_continues_london"": null, ""m10_us500_confirms"": null, ""m11_smt_divergence"": null, ""m12_topdown_agree"": true, ""m13_bridge_window_fvg"": false}"
2026-03-17,US500,ny_am,True,REV,named_extreme_raid+htf_pd+mss,2026-03-17T09:45:00,buy,6745.139,6729.842,side:rev_side_conflicts_with_raid,pdh,bullish,aligned,D_FVG_bear_2026-03-13,-1.0653722952212832,-1.0,stop,15.29700000000048,0.06537229522128317,c241d485cdebca03,kernel_ticket:pass:kernel_session_ticket|side:FAIL:rev_side_conflicts_with_raid|risk:pass:within_caps|allowlist:FAIL:not_on_mint_allowlist|mode:pass:paper,"{""m1_correct_side_of_eq"": false, ""m2_false_breakout"": false, ""m4_fvg_in_displacement"": false, ""m3_iof_aligned"": true, ""m5_ipda20_discount"": true, ""m6_with_20d_swing"": false, ""m7_osok_profile"": false, ""m8_cbdr_tight"": false, ""m8_ny_continues_london"": true, ""m10_us500_confirms"": null, ""m11_smt_divergence"": null, ""m12_topdown_agree"": false, ""m13_bridge_window_fvg"": false}"
2026-03-18,US500,london,True,REV,named_extreme_raid+htf_pd+mss,2026-03-18T02:45:00,buy,6756.136,6754.136,side:rev_side_conflicts_with_raid,pdh,bullish,aligned,D_FVG_bear_2026-03-13,-1.5,-1.0,stop,2.0,0.5,ebb54a5640ef88ca,kernel_ticket:pass:kernel_session_ticket|side:FAIL:rev_side_conflicts_with_raid|risk:pass:within_caps|allowlist:FAIL:not_on_mint_allowlist|mode:pass:paper,"{""m1_correct_side_of_eq"": false, ""m2_false_breakout"": false, ""m4_fvg_in_displacement"": false, ""m3_iof_aligned"": true, ""m5_ipda20_discount"": true, ""m6_with_20d_swing"": false, ""m7_osok_profile"": false, ""m8_cbdr_tight"": true, ""m8_ny_continues_london"": null, ""m10_us500_confirms"": null, ""m11_smt_divergence"": null, ""m12_topdown_agree"": false, ""m13_bridge_window_fvg"": false}"
2026-03-19,US500,ny_am,True,REV,named_extreme_raid+htf_pd+mss,2026-03-19T10:00:00,sell,6594.033,6609.845,side:rev_side_conflicts_with_raid,pdl,bearish,qualified,D_FVG_bear_2026-03-13,-1.0632431065013916,-1.0,stop,15.811999999999898,0.06324310650139175,56c0d523604f9aae,kernel_ticket:pass:kernel_session_ticket|side:FAIL:rev_side_conflicts_with_raid|risk:pass:within_caps|allowlist:FAIL:not_on_mint_allowlist|mode:pass:paper,"{""m1_correct_side_of_eq"": false, ""m2_false_breakout"": true, ""m4_fvg_in_displacement"": true, ""m3_iof_aligned"": false, ""m5_ipda20_discount"": false, ""m6_with_20d_swing"": true, ""m7_osok_profile"": false, ""m8_cbdr_tight"": false, ""m8_ny_continues_london"": true, ""m10_us500_confirms"": null, ""m11_smt_divergence"": null, ""m12_topdown_agree"": true, ""m13_bridge_window_fvg"": false}"
2026-03-23,US500,london,True,REV,named_extreme_raid+htf_pd+mss,2026-03-23T02:15:00,sell,6472.739,6473.936,side:rev_side_conflicts_with_raid,pdl,bearish,aligned,D_FVG_bear_2026-03-19,-1.8354218880533857,-1.0,stop,1.1970000000001164,0.8354218880533858,830ca3e61c5f10ff,kernel_ticket:pass:kernel_session_ticket|side:FAIL:rev_side_conflicts_with_raid|risk:pass:within_caps|allowlist:FAIL:not_on_mint_allowlist|mode:pass:paper,"{""m1_correct_side_of_eq"": false, ""m2_false_breakout"": true, ""m4_fvg_in_displacement"": true, ""m3_iof_aligned"": true, ""m5_ipda20_discount"": false, ""m6_with_20d_swing"": true, ""m7_osok_profile"": false, ""m8_cbdr_tight"": false, ""m8_ny_continues_london"": null, ""m10_us500_confirms"": null, ""m11_smt_divergence"": null, ""m12_topdown_agree"": true, ""m13_bridge_window_fvg"": false}"
2026-03-23,US500,ny_am,True,REV,named_extreme_raid+htf_pd+mss,2026-03-23T07:30:00,sell,6625.636,6633.799,allowlist:not_on_mint_allowlist,pdh,bearish,qualified,D_FVG_bear_2026-03-19,-1.1225039813794015,-1.0,stop,8.162999999999556,0.1225039813794015,06fa4afbef5a0da0,kernel_ticket:pass:kernel_session_ticket|side:pass:determined|risk:pass:within_caps|allowlist:FAIL:not_on_mint_allowlist|mode:pass:paper,"{""m1_correct_side_of_eq"": true, ""m2_false_breakout"": false, ""m4_fvg_in_displacement"": false, ""m3_iof_aligned"": false, ""m5_ipda20_discount"": false, ""m6_with_20d_swing"": true, ""m7_osok_profile"": true, ""m8_cbdr_tight"": false, ""m8_ny_continues_london"": true, ""m10_us500_confirms"": null, ""m11_smt_divergence"": null, ""m12_topdown_agree"": true, ""m13_bridge_window_fvg"": false}"
2026-03-25,US500,london,True,REV,named_extreme_raid+htf_pd+mss,2026-03-25T02:15:00,sell,6595.548,6601.939,allowlist:not_on_mint_allowlist,pdh,bearish,aligned,D_FVG_bear_2026-03-19,-1.1564700359880953,-1.0,stop,6.391000000000531,0.15647003598809528,5e89fb3549189ace,kernel_ticket:pass:kernel_session_ticket|side:pass:determined|risk:pass:within_caps|allowlist:FAIL:not_on_mint_allowlist|mode:pass:paper,"{""m1_correct_side_of_eq"": true, ""m2_false_breakout"": false, ""m4_fvg_in_displacement"": true, ""m3_iof_aligned"": true, ""m5_ipda20_discount"": false, ""m6_with_20d_swing"": true, ""m7_osok_profile"": true, ""m8_cbdr_tight"": false, ""m8_ny_continues_london"": null, ""m10_us500_confirms"": null, ""m11_smt_divergence"": null, ""m12_topdown_agree"": true, ""m13_bridge_window_fvg"": false}"
2026-03-25,US500,ny_am,True,REV,named_extreme_raid+htf_pd+mss,2026-03-25T10:00:00,sell,6589.648,6601.939,allowlist:not_on_mint_allowlist,pdh,bearish,aligned,D_FVG_bear_2026-03-19,-1.0813603449678615,-1.0,stop,12.291000000000167,0.08136034496786156,8dc07ba3b9c0e8d9,kernel_ticket:pass:kernel_session_ticket|side:pass:determined|risk:pass:within_caps|allowlist:FAIL:not_on_mint_allowlist|mode:pass:paper,"{""m1_correct_side_of_eq"": true, ""m2_false_breakout"": false, ""m4_fvg_in_displacement"": true, ""m3_iof_aligned"": true, ""m5_ipda20_discount"": false, ""m6_with_20d_swing"": true, ""m7_osok_profile"": true, ""m8_cbdr_tight"": false, ""m8_ny_continues_london"": false, ""m10_us500_confirms"": null, ""m11_smt_divergence"": null, ""m12_topdown_agree"": true, ""m13_bridge_window_fvg"": true}"
2026-03-26,US500,ny_am,True,REV,named_extreme_raid+htf_pd+mss,2026-03-26T07:15:00,sell,6544.599,6567.242,side:rev_side_conflicts_with_raid,pdl,bearish,qualified,D_FVG_bear_2026-03-19,-1.0441637592191846,-1.0,stop,22.64300000000003,0.04416375921918468,fe2c8ee3aa6c321c,kernel_ticket:pass:kernel_session_ticket|side:FAIL:rev_side_conflicts_with_raid|risk:pass:within_caps|allowlist:FAIL:not_on_mint_allowlist|mode:pass:paper,"{""m1_correct_side_of_eq"": false, ""m2_false_breakout"": true, ""m4_fvg_in_displacement"": true, ""m3_iof_aligned"": false, ""m5_ipda20_discount"": false, ""m6_with_20d_swing"": true, ""m7_osok_profile"": false, ""m8_cbdr_tight"": true, ""m8_ny_continues_london"": true, ""m10_us500_confirms"": null, ""m11_smt_divergence"": null, ""m12_topdown_agree"": true, ""m13_bridge_window_fvg"": false}"
2026-03-27,US500,ny_am,True,REV,named_extreme_raid+htf_pd+mss,2026-03-27T07:15:00,sell,6448.633,6470.539,side:rev_side_conflicts_with_raid,pdl,bearish,aligned,D_FVG_bear_2026-03-19,1.954350406281384,2.0,target,21.90599999999995,0.04564959371861601,87af8f8766d07461,kernel_ticket:pass:kernel_session_ticket|side:FAIL:rev_side_conflicts_with_raid|risk:pass:within_caps|allowlist:FAIL:not_on_mint_allowlist|mode:pass:paper,"{""m1_correct_side_of_eq"": false, ""m2_false_breakout"": true, ""m4_fvg_in_displacement"": true, ""m3_iof_aligned"": true, ""m5_ipda20_discount"": false, ""m6_with_20d_swing"": true, ""m7_osok_profile"": false, ""m8_cbdr_tight"": false, ""m8_ny_continues_london"": true, ""m10_us500_confirms"": null, ""m11_smt_divergence"": null, ""m12_topdown_agree"": true, ""m13_bridge_window_fvg"": false}"
2026-04-01,US500,london,True,REV,named_extreme_raid+htf_pd+mss,2026-04-01T02:15:00,buy,6558.839,6539.451,side:rev_side_conflicts_with_raid,pdh,bullish,aligned,D_FVG_bear_2026-03-30,1.9484217041468948,2.0,target,19.38799999999992,0.05157829585310523,4b96cece5d5d25a8,kernel_ticket:pass:kernel_session_ticket|side:FAIL:rev_side_conflicts_with_raid|risk:pass:within_caps|allowlist:FAIL:not_on_mint_allowlist|mode:pass:paper,"{""m1_correct_side_of_eq"": false, ""m2_false_breakout"": true, ""m4_fvg_in_displacement"": true, ""m3_iof_aligned"": true, ""m5_ipda20_discount"": true, ""m6_with_20d_swing"": false, ""m7_osok_profile"": false, ""m8_cbdr_tight"": false, ""m8_ny_continues_london"": null, ""m10_us500_confirms"": null, ""m11_smt_divergence"": null, ""m12_topdown_agree"": false, ""m13_bridge_window_fvg"": false}"
2026-04-01,US500,ny_am,True,REV,named_extreme_raid+htf_pd+mss,2026-04-01T07:15:00,buy,6577.648,6539.451,side:rev_side_conflicts_with_raid,pdh,bullish,aligned,D_FVG_bear_2026-03-27,-0.08940492708851358,-0.06322486059114475,time,38.197000000000116,0.026180066497368825,35880f15c3b3b851,kernel_ticket:pass:kernel_session_ticket|side:FAIL:rev_side_conflicts_with_raid|risk:pass:within_caps|allowlist:FAIL:not_on_mint_allowlist|mode:pass:paper,"{""m1_correct_side_of_eq"": false, ""m2_false_breakout"": true, ""m4_fvg_in_displacement"": true, ""m3_iof_aligned"": true, ""m5_ipda20_discount"": true, ""m6_with_20d_swing"": false, ""m7_osok_profile"": false, ""m8_cbdr_tight"": false, ""m8_ny_continues_london"": true, ""m10_us500_confirms"": null, ""m11_smt_divergence"": null, ""m12_topdown_agree"": false, ""m13_bridge_window_fvg"": false}"
2026-04-08,US500,london,True,REV,named_extreme_raid+htf_pd+mss,2026-04-08T02:15:00,buy,6797.045,6626.742,side:rev_side_conflicts_with_raid,pdh,bullish,aligned,D_FVG_bear_2026-03-13,-0.07871851934493203,-0.0728466321791158,time,170.30299999999988,0.0058718871658162254,c0bef2dcd8825c80,kernel_ticket:pass:kernel_session_ticket|side:FAIL:rev_side_conflicts_with_raid|risk:pass:within_caps|allowlist:FAIL:not_on_mint_allowlist|mode:pass:paper,"{""m1_correct_side_of_eq"": false, ""m2_false_breakout"": false, ""m4_fvg_in_displacement"": true, ""m3_iof_aligned"": true, ""m5_ipda20_discount"": false, ""m6_with_20d_swing"": false, ""m7_osok_profile"": false, ""m8_cbdr_tight"": false, ""m8_ny_continues_london"": null, ""m10_us500_confirms"": null, ""m11_smt_divergence"": null, ""m12_topdown_agree"": true, ""m13_bridge_window_fvg"": false}"
2026-04-14,US500,ny_am,True,REV,named_extreme_raid+htf_pd+mss,2026-04-14T07:15:00,buy,6893.733,6887.033,side:rev_side_conflicts_with_raid,pdh,bullish,qualified,D_FVG_bull_2026-04-09,1.8507462686567124,2.0,target,6.699999999999818,0.14925373134328762,bc5d5acd5a55df9e,kernel_ticket:pass:kernel_session_ticket|side:FAIL:rev_side_conflicts_with_raid|risk:pass:within_caps|allowlist:FAIL:not_on_mint_allowlist|mode:pass:paper,"{""m1_correct_side_of_eq"": false, ""m2_false_breakout"": true, ""m4_fvg_in_displacement"": true, ""m3_iof_aligned"": false, ""m5_ipda20_discount"": false, ""m6_with_20d_swing"": true, ""m7_osok_profile"": false, ""m8_cbdr_tight"": false, ""m8_ny_continues_london"": true, ""m10_us500_confirms"": null, ""m11_smt_divergence"": null, ""m12_topdown_agree"": true, ""m13_bridge_window_fvg"": false}"
2026-04-15,US500,ny_am,True,REV,named_extreme_raid+htf_pd+mss,2026-04-15T10:00:00,buy,6979.899,6969.433,side:rev_side_conflicts_with_raid,pdh,bullish,aligned,D_FVG_bull_2026-04-14,1.904452512898914,2.0,target,10.46600000000035,0.09554748710108606,cb2409489417f91d,kernel_ticket:pass:kernel_session_ticket|side:FAIL:rev_side_conflicts_with_raid|risk:pass:within_caps|allowlist:FAIL:not_on_mint_allowlist|mode:pass:paper,"{""m1_correct_side_of_eq"": false, ""m2_false_breakout"": false, ""m4_fvg_in_displacement"": true, ""m3_iof_aligned"": true, ""m5_ipda20_discount"": false, ""m6_with_20d_swing"": true, ""m7_osok_profile"": false, ""m8_cbdr_tight"": true, ""m8_ny_continues_london"": true, ""m10_us500_confirms"": null, ""m11_smt_divergence"": null, ""m12_topdown_agree"": true, ""m13_bridge_window_fvg"": false}"
2026-04-16,US500,london,True,REV,named_extreme_raid+htf_pd+mss,2026-04-16T02:15:00,buy,7039.345,7026.348,side:rev_side_conflicts_with_raid,pdh,bullish,aligned,D_FVG_bull_2026-04-15,-1.076940832499806,-1.0,stop,12.997000000000298,0.07694083249980588,a08b3942652b9631,kernel_ticket:pass:kernel_session_ticket|side:FAIL:rev_side_conflicts_with_raid|risk:pass:within_caps|allowlist:FAIL:not_on_mint_allowlist|mode:pass:paper,"{""m1_correct_side_of_eq"": false, ""m2_false_breakout"": false, ""m4_fvg_in_displacement"": true, ""m3_iof_aligned"": true, ""m5_ipda20_discount"": false, ""m6_with_20d_swing"": true, ""m7_osok_profile"": false, ""m8_cbdr_tight"": true, ""m8_ny_continues_london"": null, ""m10_us500_confirms"": null, ""m11_smt_divergence"": null, ""m12_topdown_agree"": true, ""m13_bridge_window_fvg"": false}"
2026-04-17,US500,ny_am,True,REV,named_extreme_raid+htf_pd+mss,2026-04-17T07:45:00,buy,7062.145,7050.999,side:rev_side_conflicts_with_raid,pdh,bullish,qualified,D_FVG_bull_2026-04-16,1.9102817154136065,2.0,target,11.14600000000064,0.08971828458639355,a2abc85f744bc397,kernel_ticket:pass:kernel_session_ticket|side:FAIL:rev_side_conflicts_with_raid|risk:pass:within_caps|allowlist:FAIL:not_on_mint_allowlist|mode:pass:paper,"{""m1_correct_side_of_eq"": false, ""m2_false_breakout"": true, ""m4_fvg_in_displacement"": true, ""m3_iof_aligned"": false, ""m5_ipda20_discount"": false, ""m6_with_20d_swing"": true, ""m7_osok_profile"": false, ""m8_cbdr_tight"": true, ""m8_ny_continues_london"": true, ""m10_us500_confirms"": null, ""m11_smt_divergence"": null, ""m12_topdown_agree"": true, ""m13_bridge_window_fvg"": false}"
2026-04-21,US500,london,True,REV,named_extreme_raid+htf_pd+mss,2026-04-21T02:15:00,buy,7128.448,7122.754,side:rev_side_conflicts_with_raid,pdh,bullish,qualified,D_FVG_bull_2026-04-17,-1.1756234632946834,-1.0,stop,5.694000000000415,0.17562346329468337,750865bbcab86720,kernel_ticket:pass:kernel_session_ticket|side:FAIL:rev_side_conflicts_with_raid|risk:pass:within_caps|allowlist:FAIL:not_on_mint_allowlist|mode:pass:paper,"{""m1_correct_side_of_eq"": false, ""m2_false_breakout"": false, ""m4_fvg_in_displacement"": true, ""m3_iof_aligned"": false, ""m5_ipda20_discount"": false, ""m6_with_20d_swing"": true, ""m7_osok_profile"": false, ""m8_cbdr_tight"": true, ""m8_ny_continues_london"": null, ""m10_us500_confirms"": null, ""m11_smt_divergence"": null, ""m12_topdown_agree"": true, ""m13_bridge_window_fvg"": false}"
2026-04-21,US500,ny_am,True,REV,named_extreme_raid+htf_pd+mss,2026-04-21T07:15:00,buy,7136.639,7122.754,side:rev_side_conflicts_with_raid,pdh,bullish,aligned,D_FVG_bull_2026-04-17,-1.07202016564638,-1.0,stop,13.885000000000218,0.07202016564637985,2571ec3db4dc33b2,kernel_ticket:pass:kernel_session_ticket|side:FAIL:rev_side_conflicts_with_raid|risk:pass:within_caps|allowlist:FAIL:not_on_mint_allowlist|mode:pass:paper,"{""m1_correct_side_of_eq"": false, ""m2_false_breakout"": false, ""m4_fvg_in_displacement"": true, ""m3_iof_aligned"": true, ""m5_ipda20_discount"": false, ""m6_with_20d_swing"": true, ""m7_osok_profile"": false, ""m8_cbdr_tight"": true, ""m8_ny_continues_london"": true, ""m10_us500_confirms"": null, ""m11_smt_divergence"": null, ""m12_topdown_agree"": true, ""m13_bridge_window_fvg"": false}"
2026-05-01,US500,ny_am,True,REV,named_extreme_raid+htf_pd+mss,2026-05-01T10:00:00,buy,7264.648,7222.048,side:rev_side_conflicts_with_raid,pdh,bullish,aligned,D_FVG_bull_2026-04-17,-0.8476291079812223,-0.8241549295774666,time,42.600000000000364,0.02347417840375567,b244f64c85693674,kernel_ticket:pass:kernel_session_ticket|side:FAIL:rev_side_conflicts_with_raid|risk:pass:within_caps|allowlist:FAIL:not_on_mint_allowlist|mode:pass:paper,"{""m1_correct_side_of_eq"": false, ""m2_false_breakout"": false, ""m4_fvg_in_displacement"": true, ""m3_iof_aligned"": true, ""m5_ipda20_discount"": false, ""m6_with_20d_swing"": true, ""m7_osok_profile"": false, ""m8_cbdr_tight"": false, ""m8_ny_continues_london"": false, ""m10_us500_confirms"": null, ""m11_smt_divergence"": null, ""m12_topdown_agree"": true, ""m13_bridge_window_fvg"": false}"
2026-05-06,US500,london,True,REV,named_extreme_raid+htf_pd+mss,2026-05-06T02:15:00,buy,7283.699,7272.554,side:rev_side_conflicts_with_raid,pdh,bullish,aligned,D_FVG_bull_2026-05-01,1.910273665320768,2.0,target,11.144999999999527,0.08972633467923216,a6ff3650b82d0127,kernel_ticket:pass:kernel_session_ticket|side:FAIL:rev_side_conflicts_with_raid|risk:pass:within_caps|allowlist:FAIL:not_on_mint_allowlist|mode:pass:paper,"{""m1_correct_side_of_eq"": false, ""m2_false_breakout"": false, ""m4_fvg_in_displacement"": false, ""m3_iof_aligned"": true, ""m5_ipda20_discount"": false, ""m6_with_20d_swing"": true, ""m7_osok_profile"": false, ""m8_cbdr_tight"": false, ""m8_ny_continues_london"": null, ""m10_us500_confirms"": null, ""m11_smt_divergence"": null, ""m12_topdown_agree"": true, ""m13_bridge_window_fvg"": false}"
2026-05-06,US500,ny_am,True,REV,named_extreme_raid+htf_pd+mss,2026-05-06T07:15:00,buy,7335.445,7272.554,side:rev_side_conflicts_with_raid,pdh,bullish,aligned,D_FVG_bull_2026-05-01,0.42449635082921683,0.4403968771366377,time,62.89099999999962,0.01590052630742087,ba0e633a9f75479c,kernel_ticket:pass:kernel_session_ticket|side:FAIL:rev_side_conflicts_with_raid|risk:pass:within_caps|allowlist:FAIL:not_on_mint_allowlist|mode:pass:paper,"{""m1_correct_side_of_eq"": false, ""m2_false_breakout"": false, ""m4_fvg_in_displacement"": true, ""m3_iof_aligned"": true, ""m5_ipda20_discount"": false, ""m6_with_20d_swing"": true, ""m7_osok_profile"": false, ""m8_cbdr_tight"": false, ""m8_ny_continues_london"": true, ""m10_us500_confirms"": null, ""m11_smt_divergence"": null, ""m12_topdown_agree"": true, ""m13_bridge_window_fvg"": false}"
2026-05-07,US500,ny_am,True,REV,named_extreme_raid+htf_pd+mss,2026-05-07T07:15:00,buy,7370.433,7369.048,side:rev_side_conflicts_with_raid,pdh,bullish,aligned,D_FVG_bull_2026-05-06,-1.7220216606497059,-1.0,stop,1.3850000000002183,0.7220216606497057,18232ab4a3d4a3ab,kernel_ticket:pass:kernel_session_ticket|side:FAIL:rev_side_conflicts_with_raid|risk:pass:within_caps|allowlist:FAIL:not_on_mint_allowlist|mode:pass:paper,"{""m1_correct_side_of_eq"": false, ""m2_false_breakout"": true, ""m4_fvg_in_displacement"": true, ""m3_iof_aligned"": true, ""m5_ipda20_discount"": false, ""m6_with_20d_swing"": true, ""m7_osok_profile"": false, ""m8_cbdr_tight"": true, ""m8_ny_continues_london"": true, ""m10_us500_confirms"": null, ""m11_smt_divergence"": null, ""m12_topdown_agree"": true, ""m13_bridge_window_fvg"": false}"
2026-05-11,US500,ny_am,True,REV,named_extreme_raid+htf_pd+mss,2026-05-11T10:00:00,buy,7408.448,7403.248,side:rev_side_conflicts_with_raid,pdh,bullish,aligned,D_FVG_bull_2026-05-07,-1.1923076923076654,-1.0,stop,5.200000000000728,0.1923076923076654,54e22d1740a75dce,kernel_ticket:pass:kernel_session_ticket|side:FAIL:rev_side_conflicts_with_raid|risk:pass:within_caps|allowlist:FAIL:not_on_mint_allowlist|mode:pass:paper,"{""m1_correct_side_of_eq"": false, ""m2_false_breakout"": false, ""m4_fvg_in_displacement"": false, ""m3_iof_aligned"": true, ""m5_ipda20_discount"": false, ""m6_with_20d_swing"": true, ""m7_osok_profile"": false, ""m8_cbdr_tight"": true, ""m8_ny_continues_london"": true, ""m10_us500_confirms"": null, ""m11_smt_divergence"": null, ""m12_topdown_agree"": true, ""m13_bridge_window_fvg"": false}"
2026-05-14,US500,ny_am,True,REV,named_extreme_raid+htf_pd+mss,2026-05-14T07:15:00,buy,7470.033,7459.799,side:rev_side_conflicts_with_raid,pdh,bullish,aligned,D_FVG_bull_2026-05-07,-1.09771350400625,-1.0,stop,10.234000000000378,0.09771350400625005,d3ac852b74d520a6,kernel_ticket:pass:kernel_session_ticket|side:FAIL:rev_side_conflicts_with_raid|risk:pass:within_caps|allowlist:FAIL:not_on_mint_allowlist|mode:pass:paper,"{""m1_correct_side_of_eq"": false, ""m2_false_breakout"": true, ""m4_fvg_in_displacement"": true, ""m3_iof_aligned"": true, ""m5_ipda20_discount"": false, ""m6_with_20d_swing"": true, ""m7_osok_profile"": false, ""m8_cbdr_tight"": true, ""m8_ny_continues_london"": true, ""m10_us500_confirms"": null, ""m11_smt_divergence"": null, ""m12_topdown_agree"": true, ""m13_bridge_window_fvg"": false}"
2026-05-18,US500,london,True,REV,named_extreme_raid+htf_pd+mss,2026-05-18T02:15:00,sell,7364.699,7387.954,side:rev_side_conflicts_with_raid,pdl,bearish,aligned,D_FVG_bull_2026-05-14,-1.0430015050526766,-1.0,stop,23.25500000000011,0.04300150505267664,8e4ee28923025c55,kernel_ticket:pass:kernel_session_ticket|side:FAIL:rev_side_conflicts_with_raid|risk:pass:within_caps|allowlist:FAIL:not_on_mint_allowlist|mode:pass:paper,"{""m1_correct_side_of_eq"": false, ""m2_false_breakout"": false, ""m4_fvg_in_displacement"": false, ""m3_iof_aligned"": true, ""m5_ipda20_discount"": true, ""m6_with_20d_swing"": false, ""m7_osok_profile"": false, ""m8_cbdr_tight"": false, ""m8_ny_continues_london"": null, ""m10_us500_confirms"": null, ""m11_smt_divergence"": null, ""m12_topdown_agree"": false, ""m13_bridge_window_fvg"": false}"
2026-05-21,US500,london,True,REV,named_extreme_raid+htf_pd+mss,2026-05-21T04:30:00,buy,7438.433,7437.754,side:rev_side_conflicts_with_raid,pdh,bullish,aligned,D_FVG_bull_2026-05-07,-2.4727540500734486,-1.0,stop,0.6790000000000873,1.4727540500734484,844903093845db22,kernel_ticket:pass:kernel_session_ticket|side:FAIL:rev_side_conflicts_with_raid|risk:pass:within_caps|allowlist:FAIL:not_on_mint_allowlist|mode:pass:paper,"{""m1_correct_side_of_eq"": false, ""m2_false_breakout"": false, ""m4_fvg_in_displacement"": false, ""m3_iof_aligned"": true, ""m5_ipda20_discount"": false, ""m6_with_20d_swing"": true, ""m7_osok_profile"": false, ""m8_cbdr_tight"": false, ""m8_ny_continues_london"": null, ""m10_us500_confirms"": null, ""m11_smt_divergence"": null, ""m12_topdown_agree"": true, ""m13_bridge_window_fvg"": false}"
2026-05-22,US500,london,True,REV,named_extreme_raid+htf_pd+mss,2026-05-22T02:15:00,buy,7471.236,7466.899,side:rev_side_conflicts_with_raid,pdh,bullish,qualified,D_FVG_bear_2026-05-18,-1.2305741295826855,-1.0,stop,4.336999999999534,0.23057412958268558,fa3bc789a2fcaefc,kernel_ticket:pass:kernel_session_ticket|side:FAIL:rev_side_conflicts_with_raid|risk:pass:within_caps|allowlist:FAIL:not_on_mint_allowlist|mode:pass:paper,"{""m1_correct_side_of_eq"": false, ""m2_false_breakout"": false, ""m4_fvg_in_displacement"": true, ""m3_iof_aligned"": false, ""m5_ipda20_discount"": false, ""m6_with_20d_swing"": true, ""m7_osok_profile"": false, ""m8_cbdr_tight"": false, ""m8_ny_continues_london"": null, ""m10_us500_confirms"": null, ""m11_smt_divergence"": null, ""m12_topdown_agree"": true, ""m13_bridge_window_fvg"": false}"
2026-05-22,US500,ny_am,True,REV,named_extreme_raid+htf_pd+mss,2026-05-22T10:00:00,buy,7492.845,7466.899,side:rev_side_conflicts_with_raid,pdh,bullish,aligned,D_FVG_bear_2026-05-18,-1.0385415863716951,-1.0,stop,25.945999999999913,0.03854158637169519,bc1b1acd697ed47f,kernel_ticket:pass:kernel_session_ticket|side:FAIL:rev_side_conflicts_with_raid|risk:pass:within_caps|allowlist:FAIL:not_on_mint_allowlist|mode:pass:paper,"{""m1_correct_side_of_eq"": false, ""m2_false_breakout"": false, ""m4_fvg_in_displacement"": true, ""m3_iof_aligned"": true, ""m5_ipda20_discount"": false, ""m6_with_20d_swing"": true, ""m7_osok_profile"": false, ""m8_cbdr_tight"": false, ""m8_ny_continues_london"": true, ""m10_us500_confirms"": null, ""m11_smt_divergence"": null, ""m12_topdown_agree"": true, ""m13_bridge_window_fvg"": false}"
2026-05-26,US500,ny_am,True,REV,named_extreme_raid+htf_pd+mss,2026-05-26T10:00:00,buy,7524.548,7506.899,side:rev_side_conflicts_with_raid,pdh,bullish,qualified,D_FVG_bull_2026-05-22,-1.0566604340189265,-1.0,stop,17.648999999999432,0.056660434018926405,730ec4a4da394bcc,kernel_ticket:pass:kernel_session_ticket|side:FAIL:rev_side_conflicts_with_raid|risk:pass:within_caps|allowlist:FAIL:not_on_mint_allowlist|mode:pass:paper,"{""m1_correct_side_of_eq"": false, ""m2_false_breakout"": false, ""m4_fvg_in_displacement"": true, ""m3_iof_aligned"": false, ""m5_ipda20_discount"": false, ""m6_with_20d_swing"": true, ""m7_osok_profile"": false, ""m8_cbdr_tight"": true, ""m8_ny_continues_london"": false, ""m10_us500_confirms"": null, ""m11_smt_divergence"": null, ""m12_topdown_agree"": true, ""m13_bridge_window_fvg"": false}"
2026-05-28,US500,ny_am,True,REV,named_extreme_raid+htf_pd+mss,2026-05-28T07:15:00,buy,7502.945,7499.045,allowlist:not_on_mint_allowlist,pdl,bullish,qualified,D_FVG_bull_2026-05-26,1.7435897435897196,2.0,target,3.899999999999636,0.2564102564102803,597635eb0ff2216a,kernel_ticket:pass:kernel_session_ticket|side:pass:determined|risk:pass:within_caps|allowlist:FAIL:not_on_mint_allowlist|mode:pass:paper,"{""m1_correct_side_of_eq"": true, ""m2_false_breakout"": false, ""m4_fvg_in_displacement"": true, ""m3_iof_aligned"": false, ""m5_ipda20_discount"": false, ""m6_with_20d_swing"": true, ""m7_osok_profile"": false, ""m8_cbdr_tight"": true, ""m8_ny_continues_london"": true, ""m10_us500_confirms"": null, ""m11_smt_divergence"": null, ""m12_topdown_agree"": true, ""m13_bridge_window_fvg"": false}"
2026-05-29,US500,ny_am,True,REV,named_extreme_raid+htf_pd+mss,2026-05-29T10:00:00,buy,7594.899,7572.839,side:rev_side_conflicts_with_raid,pdh,bullish,aligned,D_FVG_bull_2026-05-26,-1.045330915684496,-1.0,stop,22.0600000000004,0.04533091568449601,082db0e8f3ebbe40,kernel_ticket:pass:kernel_session_ticket|side:FAIL:rev_side_conflicts_with_raid|risk:pass:within_caps|allowlist:FAIL:not_on_mint_allowlist|mode:pass:paper,"{""m1_correct_side_of_eq"": false, ""m2_false_breakout"": false, ""m4_fvg_in_displacement"": true, ""m3_iof_aligned"": true, ""m5_ipda20_discount"": false, ""m6_with_20d_swing"": true, ""m7_osok_profile"": false, ""m8_cbdr_tight"": true, ""m8_ny_continues_london"": false, ""m10_us500_confirms"": null, ""m11_smt_divergence"": null, ""m12_topdown_agree"": true, ""m13_bridge_window_fvg"": false}"
2026-06-01,US500,london,True,REV,named_extreme_raid+htf_pd+mss,2026-06-01T02:15:00,buy,7604.245,7597.499,side:rev_side_conflicts_with_raid,pdh,bullish,aligned,D_FVG_bull_2026-05-29,-1.1482359916987823,-1.0,stop,6.746000000000095,0.14823599169878238,ce7f547d5f05947a,kernel_ticket:pass:kernel_session_ticket|side:FAIL:rev_side_conflicts_with_raid|risk:pass:within_caps|allowlist:FAIL:not_on_mint_allowlist|mode:pass:paper,"{""m1_correct_side_of_eq"": false, ""m2_false_breakout"": false, ""m4_fvg_in_displacement"": true, ""m3_iof_aligned"": true, ""m5_ipda20_discount"": false, ""m6_with_20d_swing"": true, ""m7_osok_profile"": false, ""m8_cbdr_tight"": true, ""m8_ny_continues_london"": null, ""m10_us500_confirms"": null, ""m11_smt_divergence"": null, ""m12_topdown_agree"": true, ""m13_bridge_window_fvg"": false}"
2026-06-15,US500,london,True,REV,named_extreme_raid+htf_pd+mss,2026-06-15T02:30:00,buy,7522.242,7456.954,side:rev_side_conflicts_with_raid,pdh,bullish,aligned,D_FVG_bear_2026-06-08,0.5376638892292582,0.5529806396274937,time,65.28800000000047,0.015316750398235402,a756c0f70380de49,kernel_ticket:pass:kernel_session_ticket|side:FAIL:rev_side_conflicts_with_raid|risk:pass:within_caps|allowlist:FAIL:not_on_mint_allowlist|mode:pass:paper,"{""m1_correct_side_of_eq"": false, ""m2_false_breakout"": false, ""m4_fvg_in_displacement"": true, ""m3_iof_aligned"": true, ""m5_ipda20_discount"": false, ""m6_with_20d_swing"": false, ""m7_osok_profile"": false, ""m8_cbdr_tight"": true, ""m8_ny_continues_london"": null, ""m10_us500_confirms"": null, ""m11_smt_divergence"": null, ""m12_topdown_agree"": true, ""m13_bridge_window_fvg"": false}"
2026-06-15,US500,ny_am,True,REV,named_extreme_raid+htf_pd+mss,2026-06-15T10:00:00,buy,7544.142,7456.954,side:rev_side_conflicts_with_raid,pdh,bullish,aligned,D_FVG_bear_2026-06-08,0.151431389640781,0.16290085791623174,time,87.1880000000001,0.011469468275450737,b88cea8e883546db,kernel_ticket:pass:kernel_session_ticket|side:FAIL:rev_side_conflicts_with_raid|risk:pass:within_caps|allowlist:FAIL:not_on_mint_allowlist|mode:pass:paper,"{""m1_correct_side_of_eq"": false, ""m2_false_breakout"": false, ""m4_fvg_in_displacement"": true, ""m3_iof_aligned"": true, ""m5_ipda20_discount"": false, ""m6_with_20d_swing"": false, ""m7_osok_profile"": false, ""m8_cbdr_tight"": true, ""m8_ny_continues_london"": false, ""m10_us500_confirms"": null, ""m11_smt_divergence"": null, ""m12_topdown_agree"": true, ""m13_bridge_window_fvg"": false}"
2026-06-22,US500,ny_am,True,REV,named_extreme_raid+htf_pd+mss,2026-06-22T10:00:00,buy,7528.036,7512.154,side:rev_side_conflicts_with_raid,pdh,bullish,aligned,D_FVG_bear_2026-06-08,-1.0629643621710128,-1.0,stop,15.881999999999607,0.06296436217101277,f0536b7d8716982c,kernel_ticket:pass:kernel_session_ticket|side:FAIL:rev_side_conflicts_with_raid|risk:pass:within_caps|allowlist:FAIL:not_on_mint_allowlist|mode:pass:paper,"{""m1_correct_side_of_eq"": false, ""m2_false_breakout"": true, ""m4_fvg_in_displacement"": false, ""m3_iof_aligned"": true, ""m5_ipda20_discount"": false, ""m6_with_20d_swing"": true, ""m7_osok_profile"": false, ""m8_cbdr_tight"": true, ""m8_ny_continues_london"": true, ""m10_us500_confirms"": null, ""m11_smt_divergence"": null, ""m12_topdown_agree"": true, ""m13_bridge_window_fvg"": false}"
2026-06-26,US500,london,True,REV,named_extreme_raid+htf_pd+mss,2026-06-26T02:15:00,sell,7309.498,7322.799,side:rev_side_conflicts_with_raid,pdl,bearish,qualified,D_FVG_bear_2026-06-24,-1.0751823171190114,-1.0,stop,13.301000000000386,0.07518231711901142,8fefb3c6635f91a0,kernel_ticket:pass:kernel_session_ticket|side:FAIL:rev_side_conflicts_with_raid|risk:pass:within_caps|allowlist:FAIL:not_on_mint_allowlist|mode:pass:paper,"{""m1_correct_side_of_eq"": false, ""m2_false_breakout"": false, ""m4_fvg_in_displacement"": false, ""m3_iof_aligned"": false, ""m5_ipda20_discount"": false, ""m6_with_20d_swing"": true, ""m7_osok_profile"": false, ""m8_cbdr_tight"": false, ""m8_ny_continues_london"": null, ""m10_us500_confirms"": null, ""m11_smt_divergence"": null, ""m12_topdown_agree"": false, ""m13_bridge_window_fvg"": false}"
2026-06-30,US500,london,True,REV,named_extreme_raid+htf_pd+mss,2026-06-30T04:30:00,buy,7448.881,7444.221,side:rev_side_conflicts_with_raid,pdh,bullish,qualified,D_FVG_bear_2026-06-24,-1.2145922746780764,-1.0,stop,4.660000000000764,0.2145922746780764,a9662b15b828760f,kernel_ticket:pass:kernel_session_ticket|side:FAIL:rev_side_conflicts_with_raid|risk:pass:within_caps|allowlist:FAIL:not_on_mint_allowlist|mode:pass:paper,"{""m1_correct_side_of_eq"": false, ""m2_false_breakout"": false, ""m4_fvg_in_displacement"": true, ""m3_iof_aligned"": false, ""m5_ipda20_discount"": false, ""m6_with_20d_swing"": false, ""m7_osok_profile"": false, ""m8_cbdr_tight"": true, ""m8_ny_continues_london"": null, ""m10_us500_confirms"": null, ""m11_smt_divergence"": null, ""m12_topdown_agree"": false, ""m13_bridge_window_fvg"": false}"
2026-06-30,US500,ny_am,True,REV,named_extreme_raid+htf_pd+mss,2026-06-30T10:00:00,buy,7466.892,7444.221,side:rev_side_conflicts_with_raid,pdh,bullish,aligned,D_FVG_bear_2026-06-24,0.7914957434608176,0.8356049578757083,time,22.671000000000276,0.044109214414890734,8d96c09b3c9042fb,kernel_ticket:pass:kernel_session_ticket|side:FAIL:rev_side_conflicts_with_raid|risk:pass:within_caps|allowlist:FAIL:not_on_mint_allowlist|mode:pass:paper,"{""m1_correct_side_of_eq"": false, ""m2_false_breakout"": false, ""m4_fvg_in_displacement"": true, ""m3_iof_aligned"": true, ""m5_ipda20_discount"": false, ""m6_with_20d_swing"": false, ""m7_osok_profile"": false, ""m8_cbdr_tight"": true, ""m8_ny_continues_london"": false, ""m10_us500_confirms"": null, ""m11_smt_divergence"": null, ""m12_topdown_agree"": false, ""m13_bridge_window_fvg"": false}"
2026-07-08,US500,london,True,REV,named_extreme_raid+htf_pd+mss,2026-07-08T04:45:00,sell,7436.328,7478.182,side:rev_side_conflicts_with_raid,pdl,bearish,qualified,D_FVG_bull_2026-07-01,-1.0238925789649738,-1.0,stop,41.85399999999936,0.023892578964973845,3e7ea4a3aa8f56b3,kernel_ticket:pass:kernel_session_ticket|side:FAIL:rev_side_conflicts_with_raid|risk:pass:within_caps|allowlist:FAIL:not_on_mint_allowlist|mode:pass:paper,"{""m1_correct_side_of_eq"": false, ""m2_false_breakout"": false, ""m4_fvg_in_displacement"": false, ""m3_iof_aligned"": false, ""m5_ipda20_discount"": true, ""m6_with_20d_swing"": false, ""m7_osok_profile"": false, ""m8_cbdr_tight"": true, ""m8_ny_continues_london"": null, ""m10_us500_confirms"": null, ""m11_smt_divergence"": null, ""m12_topdown_agree"": false, ""m13_bridge_window_fvg"": false}"
2026-07-08,US500,ny_am,True,REV,named_extreme_raid+htf_pd+mss,2026-07-08T07:15:00,sell,7434.933,7478.182,side:rev_side_conflicts_with_raid,pdl,bearish,qualified,D_FVG_bull_2026-07-01,-1.0231219218941479,-1.0,stop,43.248999999999796,0.02312192189414795,af90d7b05fc9038b,kernel_ticket:pass:kernel_session_ticket|side:FAIL:rev_side_conflicts_with_raid|risk:pass:within_caps|allowlist:FAIL:not_on_mint_allowlist|mode:pass:paper,"{""m1_correct_side_of_eq"": false, ""m2_false_breakout"": false, ""m4_fvg_in_displacement"": true, ""m3_iof_aligned"": false, ""m5_ipda20_discount"": true, ""m6_with_20d_swing"": false, ""m7_osok_profile"": false, ""m8_cbdr_tight"": true, ""m8_ny_continues_london"": true, ""m10_us500_confirms"": null, ""m11_smt_divergence"": null, ""m12_topdown_agree"": false, ""m13_bridge_window_fvg"": false}"
2026-07-15,US500,ny_am,True,REV,named_extreme_raid+htf_pd+mss,2026-07-15T10:00:00,buy,7570.371,7568.736,side:rev_side_conflicts_with_raid,pdh,bullish,aligned,D_FVG_bull_2026-06-16,1.388379204893048,2.0,target,1.6350000000002183,0.611620795106952,64971401b48f74d1,kernel_ticket:pass:kernel_session_ticket|side:FAIL:rev_side_conflicts_with_raid|risk:pass:within_caps|allowlist:FAIL:not_on_mint_allowlist|mode:pass:paper,"{""m1_correct_side_of_eq"": false, ""m2_false_breakout"": true, ""m4_fvg_in_displacement"": true, ""m3_iof_aligned"": true, ""m5_ipda20_discount"": false, ""m6_with_20d_swing"": true, ""m7_osok_profile"": false, ""m8_cbdr_tight"": true, ""m8_ny_continues_london"": false, ""m10_us500_confirms"": null, ""m11_smt_divergence"": null, ""m12_topdown_agree"": true, ""m13_bridge_window_fvg"": false}"
2026-07-17,US500,ny_am,True,REV,named_extreme_raid+htf_pd+mss,2026-07-17T09:30:00,sell,7443.089,7504.106,side:rev_side_conflicts_with_raid,pdl,bearish,aligned,D_FVG_bull_2026-07-01,-0.2487011816379079,-0.23231230640641498,time,61.016999999999825,0.01638887523149291,7c6ef5dd5ad34d66,kernel_ticket:pass:kernel_session_ticket|side:FAIL:rev_side_conflicts_with_raid|risk:pass:within_caps|allowlist:FAIL:not_on_mint_allowlist|mode:pass:paper,"{""m1_correct_side_of_eq"": false, ""m2_false_breakout"": false, ""m4_fvg_in_displacement"": true, ""m3_iof_aligned"": true, ""m5_ipda20_discount"": true, ""m6_with_20d_swing"": false, ""m7_osok_profile"": false, ""m8_cbdr_tight"": false, ""m8_ny_continues_london"": true, ""m10_us500_confirms"": null, ""m11_smt_divergence"": null, ""m12_topdown_agree"": false, ""m13_bridge_window_fvg"": false}"
2026-07-27,US500,ny_am,True,REV,named_extreme_raid+htf_pd+mss,2026-07-27T10:00:00,sell,7440.048,7460.689,allowlist:not_on_mint_allowlist,pdh,bearish,aligned,D_FVG_bull_2026-07-01,1.951552734848119,2.0,target,20.64100000000053,0.04844726515188093,947141c30f1d50f8,kernel_ticket:pass:kernel_session_ticket|side:pass:determined|risk:pass:within_caps|allowlist:FAIL:not_on_mint_allowlist|mode:pass:paper,"{""m1_correct_side_of_eq"": true, ""m2_false_breakout"": false, ""m4_fvg_in_displacement"": true, ""m3_iof_aligned"": true, ""m5_ipda20_discount"": true, ""m6_with_20d_swing"": false, ""m7_osok_profile"": true, ""m8_cbdr_tight"": false, ""m8_ny_continues_london"": false, ""m10_us500_confirms"": null, ""m11_smt_divergence"": null, ""m12_topdown_agree"": true, ""m13_bridge_window_fvg"": true}"
2026-07-31,US500,london,True,REV,named_extreme_raid+htf_pd+mss,2026-07-31T02:15:00,buy,7481.164,7460.949,side:rev_side_conflicts_with_raid,pdh,bullish,qualified,D_FVG_bear_2026-07-24,-1.0494682166707887,-1.0,stop,20.215000000000146,0.04946821667078866,ed83290949de91d1,kernel_ticket:pass:kernel_session_ticket|side:FAIL:rev_side_conflicts_with_raid|risk:pass:within_caps|allowlist:FAIL:not_on_mint_allowlist|mode:pass:paper,"{""m1_correct_side_of_eq"": false, ""m2_false_breakout"": false, ""m4_fvg_in_displacement"": true, ""m3_iof_aligned"": false, ""m5_ipda20_discount"": false, ""m6_with_20d_swing"": false, ""m7_osok_profile"": false, ""m8_cbdr_tight"": false, ""m8_ny_continues_london"": null, ""m10_us500_confirms"": null, ""m11_smt_divergence"": null, ""m12_topdown_agree"": false, ""m13_bridge_window_fvg"": false}"
2026-08-03,US500,london,True,REV,named_extreme_raid+htf_pd+mss,2026-08-03T02:30:00,buy,7531.549,7512.299,side:rev_side_conflicts_with_raid,pdh,bullish,qualified,D_FVG_bear_2026-07-24,1.948051948051948,2.0,target,19.25,0.05194805194805195,132741e61f88ad8d,kernel_ticket:pass:kernel_session_ticket|side:FAIL:rev_side_conflicts_with_raid|risk:pass:within_caps|allowlist:FAIL:not_on_mint_allowlist|mode:pass:paper,"{""m1_correct_side_of_eq"": false, ""m2_false_breakout"": false, ""m4_fvg_in_displacement"": true, ""m3_iof_aligned"": false, ""m5_ipda20_discount"": false, ""m6_with_20d_swing"": true, ""m7_osok_profile"": false, ""m8_cbdr_tight"": false, ""m8_ny_continues_london"": null, ""m10_us500_confirms"": null, ""m11_smt_divergence"": null, ""m12_topdown_agree"": true, ""m13_bridge_window_fvg"": false}"
2026-08-03,US500,ny_am,True,REV,named_extreme_raid+htf_pd+mss,2026-08-03T10:00:00,buy,7559.736,7512.299,side:rev_side_conflicts_with_raid,pdh,bullish,aligned,D_FVG_bear_2026-07-24,0.8493159348188091,0.8703965259185835,time,47.4369999999999,0.021080591099774483,1919cd9f85dc8fa6,kernel_ticket:pass:kernel_session_ticket|side:FAIL:rev_side_conflicts_with_raid|risk:pass:within_caps|allowlist:FAIL:not_on_mint_allowlist|mode:pass:paper,"{""m1_correct_side_of_eq"": false, ""m2_false_breakout"": false, ""m4_fvg_in_displacement"": true, ""m3_iof_aligned"": true, ""m5_ipda20_discount"": false, ""m6_with_20d_swing"": true, ""m7_osok_profile"": false, ""m8_cbdr_tight"": false, ""m8_ny_continues_london"": false, ""m10_us500_confirms"": null, ""m11_smt_divergence"": null, ""m12_topdown_agree"": true, ""m13_bridge_window_fvg"": false}"
2026-08-04,US500,london,True,REV,named_extreme_raid+htf_pd+mss,2026-08-04T02:45:00,buy,7617.031,7610.159,side:rev_side_conflicts_with_raid,pdh,bullish,aligned,D_FVG_bull_2026-08-03,-1.145518044237479,-1.0,stop,6.872000000000298,0.14551804423747913,f11f0a71405266fc,kernel_ticket:pass:kernel_session_ticket|side:FAIL:rev_side_conflicts_with_raid|risk:pass:within_caps|allowlist:FAIL:not_on_mint_allowlist|mode:pass:paper,"{""m1_correct_side_of_eq"": false, ""m2_false_breakout"": false, ""m4_fvg_in_displacement"": true, ""m3_iof_aligned"": true, ""m5_ipda20_discount"": false, ""m6_with_20d_swing"": true, ""m7_osok_profile"": false, ""m8_cbdr_tight"": true, ""m8_ny_continues_london"": null, ""m10_us500_confirms"": null, ""m11_smt_divergence"": null, ""m12_topdown_agree"": true, ""m13_bridge_window_fvg"": false}"
2026-08-04,US500,ny_am,True,REV,named_extreme_raid+htf_pd+mss,2026-08-04T10:00:00,buy,7658.175,7610.159,side:rev_side_conflicts_with_raid,pdh,bullish,aligned,D_FVG_bull_2026-08-03,1.979173608797068,2.0,target,48.01600000000053,0.020826391202932126,77f4eac6053861a1,kernel_ticket:pass:kernel_session_ticket|side:FAIL:rev_side_conflicts_with_raid|risk:pass:within_caps|allowlist:FAIL:not_on_mint_allowlist|mode:pass:paper,"{""m1_correct_side_of_eq"": false, ""m2_false_breakout"": false, ""m4_fvg_in_displacement"": true, ""m3_iof_aligned"": true, ""m5_ipda20_discount"": false, ""m6_with_20d_swing"": true, ""m7_osok_profile"": false, ""m8_cbdr_tight"": true, ""m8_ny_continues_london"": false, ""m10_us500_confirms"": null, ""m11_smt_divergence"": null, ""m12_topdown_agree"": true, ""m13_bridge_window_fvg"": false}"
2026-08-05,US500,london,True,REV,named_extreme_raid+htf_pd+mss,2026-08-05T02:15:00,buy,7772.301,7758.489,side:rev_side_conflicts_with_raid,pdh,bullish,aligned,D_FVG_bull_2026-08-04,-1.0724008108890777,-1.0,stop,13.812000000000808,0.07240081088907772,984c4f04c2ed4bf5,kernel_ticket:pass:kernel_session_ticket|side:FAIL:rev_side_conflicts_with_raid|risk:pass:within_caps|allowlist:FAIL:not_on_mint_allowlist|mode:pass:paper,"{""m1_correct_side_of_eq"": false, ""m2_false_breakout"": false, ""m4_fvg_in_displacement"": true, ""m3_iof_aligned"": true, ""m5_ipda20_discount"": false, ""m6_with_20d_swing"": true, ""m7_osok_profile"": false, ""m8_cbdr_tight"": true, ""m8_ny_continues_london"": null, ""m10_us500_confirms"": null, ""m11_smt_divergence"": null, ""m12_topdown_agree"": true, ""m13_bridge_window_fvg"": false}"
2026-08-05,US500,ny_am,True,REV,named_extreme_raid+htf_pd+mss,2026-08-05T10:00:00,buy,7792.198,7758.489,side:rev_side_conflicts_with_raid,pdh,bullish,aligned,D_FVG_bull_2026-08-04,-1.0296656679225127,-1.0,stop,33.70900000000074,0.02966566792251262,353e8d983002def2,kernel_ticket:pass:kernel_session_ticket|side:FAIL:rev_side_conflicts_with_raid|risk:pass:within_caps|allowlist:FAIL:not_on_mint_allowlist|mode:pass:paper,"{""m1_correct_side_of_eq"": false, ""m2_false_breakout"": false, ""m4_fvg_in_displacement"": true, ""m3_iof_aligned"": true, ""m5_ipda20_discount"": false, ""m6_with_20d_swing"": true, ""m7_osok_profile"": false, ""m8_cbdr_tight"": true, ""m8_ny_continues_london"": false, ""m10_us500_confirms"": null, ""m11_smt_divergence"": null, ""m12_topdown_agree"": true, ""m13_bridge_window_fvg"": false}"
2026-08-13,US500,ny_am,True,REV,named_extreme_raid+htf_pd+mss,2026-08-13T10:00:00,buy,7799.214,7772.404,side:rev_side_conflicts_with_raid,pdh,bullish,aligned,D_FVG_bull_2026-08-05,0.009287579261462182,0.04658709436776651,time,26.80999999999949,0.037299515106304325,23957f7bc93862fd,kernel_ticket:pass:kernel_session_ticket|side:FAIL:rev_side_conflicts_with_raid|risk:pass:within_caps|allowlist:FAIL:not_on_mint_allowlist|mode:pass:paper,"{""m1_correct_side_of_eq"": false, ""m2_false_breakout"": false, ""m4_fvg_in_displacement"": false, ""m3_iof_aligned"": true, ""m5_ipda20_discount"": false, ""m6_with_20d_swing"": true, ""m7_osok_profile"": false, ""m8_cbdr_tight"": true, ""m8_ny_continues_london"": true, ""m10_us500_confirms"": null, ""m11_smt_divergence"": null, ""m12_topdown_agree"": true, ""m13_bridge_window_fvg"": false}"
2026-08-18,US500,london,True,REV,named_extreme_raid+htf_pd+mss,2026-08-18T02:15:00,sell,7715.116,7744.246,side:rev_side_conflicts_with_raid,pdl,bearish,aligned,D_FVG_bull_2026-08-14,0.691417782354945,0.7257466529351028,time,29.13000000000011,0.03432887058015779,5b26d023d78bab1f,kernel_ticket:pass:kernel_session_ticket|side:FAIL:rev_side_conflicts_with_raid|risk:pass:within_caps|allowlist:FAIL:not_on_mint_allowlist|mode:pass:paper,"{""m1_correct_side_of_eq"": false, ""m2_false_breakout"": false, ""m4_fvg_in_displacement"": true, ""m3_iof_aligned"": true, ""m5_ipda20_discount"": true, ""m6_with_20d_swing"": false, ""m7_osok_profile"": false, ""m8_cbdr_tight"": true, ""m8_ny_continues_london"": null, ""m10_us500_confirms"": null, ""m11_smt_divergence"": null, ""m12_topdown_agree"": false, ""m13_bridge_window_fvg"": false}"
2026-08-18,US500,ny_am,True,REV,named_extreme_raid+htf_pd+mss,2026-08-18T07:15:00,sell,7715.378,7744.246,side:rev_side_conflicts_with_raid,pdl,bearish,qualified,D_FVG_bull_2026-08-14,0.7067687404738485,0.7414091727864434,time,28.868000000000393,0.03464043231259479,007b6e573281ae17,kernel_ticket:pass:kernel_session_ticket|side:FAIL:rev_side_conflicts_with_raid|risk:pass:within_caps|allowlist:FAIL:not_on_mint_allowlist|mode:pass:paper,"{""m1_correct_side_of_eq"": false, ""m2_false_breakout"": false, ""m4_fvg_in_displacement"": true, ""m3_iof_aligned"": false, ""m5_ipda20_discount"": true, ""m6_with_20d_swing"": false, ""m7_osok_profile"": false, ""m8_cbdr_tight"": true, ""m8_ny_continues_london"": true, ""m10_us500_confirms"": null, ""m11_smt_divergence"": null, ""m12_topdown_agree"": false, ""m13_bridge_window_fvg"": false}"
2026-08-19,US500,london,True,REV,named_extreme_raid+htf_pd+mss,2026-08-19T02:30:00,sell,7685.062,7689.255,side:rev_side_conflicts_with_raid,pdl,bearish,aligned,D_FVG_bear_2026-08-18,-1.238492725971846,-1.0,stop,4.193000000000211,0.23849272597184587,e69906e17a478026,kernel_ticket:pass:kernel_session_ticket|side:FAIL:rev_side_conflicts_with_raid|risk:pass:within_caps|allowlist:FAIL:not_on_mint_allowlist|mode:pass:paper,"{""m1_correct_side_of_eq"": false, ""m2_false_breakout"": false, ""m4_fvg_in_displacement"": true, ""m3_iof_aligned"": true, ""m5_ipda20_discount"": true, ""m6_with_20d_swing"": false, ""m7_osok_profile"": false, ""m8_cbdr_tight"": true, ""m8_ny_continues_london"": null, ""m10_us500_confirms"": null, ""m11_smt_divergence"": null, ""m12_topdown_agree"": false, ""m13_bridge_window_fvg"": false}"
2026-08-25,US500,ny_am,True,REV,named_extreme_raid+htf_pd+mss,2026-08-25T10:00:00,sell,7673.819,7687.379,allowlist:not_on_mint_allowlist,pdh,bearish,aligned,D_FVG_bear_2026-08-18,-0.24579646017697304,-0.17205014749260447,time,13.55999999999949,0.07374631268436856,3ba6fc366fc5e131,kernel_ticket:pass:kernel_session_ticket|side:pass:determined|risk:pass:within_caps|allowlist:FAIL:not_on_mint_allowlist|mode:pass:paper,"{""m1_correct_side_of_eq"": true, ""m2_false_breakout"": false, ""m4_fvg_in_displacement"": true, ""m3_iof_aligned"": true, ""m5_ipda20_discount"": true, ""m6_with_20d_swing"": false, ""m7_osok_profile"": true, ""m8_cbdr_tight"": true, ""m8_ny_continues_london"": false, ""m10_us500_confirms"": null, ""m11_smt_divergence"": null, ""m12_topdown_agree"": true, ""m13_bridge_window_fvg"": true}"
2026-08-27,US500,ny_am,True,REV,named_extreme_raid+htf_pd+mss,2026-08-27T07:15:00,buy,7714.486,7690.982,side:rev_side_conflicts_with_raid,pdh,bullish,aligned,D_FVG_bull_2026-08-04,-1.0425459496255958,-1.0,stop,23.503999999999905,0.04254594962559582,1702a55642176e94,kernel_ticket:pass:kernel_session_ticket|side:FAIL:rev_side_conflicts_with_raid|risk:pass:within_caps|allowlist:FAIL:not_on_mint_allowlist|mode:pass:paper,"{""m1_correct_side_of_eq"": false, ""m2_false_breakout"": false, ""m4_fvg_in_displacement"": true, ""m3_iof_aligned"": true, ""m5_ipda20_discount"": false, ""m6_with_20d_swing"": true, ""m7_osok_profile"": false, ""m8_cbdr_tight"": false, ""m8_ny_continues_london"": true, ""m10_us500_confirms"": null, ""m11_smt_divergence"": null, ""m12_topdown_agree"": false, ""m13_bridge_window_fvg"": false}"
2026-08-31,US500,ny_am,True,REV,named_extreme_raid+htf_pd+mss,2026-08-31T10:00:00,sell,7678.492,7700.548,side:rev_side_conflicts_with_raid,pdl,bearish,aligned,D_FVG_bull_2026-08-28,-0.356002901704752,-0.3106637649619147,time,22.055999999999585,0.045339136742837266,5ecdfffe31981739,kernel_ticket:pass:kernel_session_ticket|side:FAIL:rev_side_conflicts_with_raid|risk:pass:within_caps|allowlist:FAIL:not_on_mint_allowlist|mode:pass:paper,"{""m1_correct_side_of_eq"": false, ""m2_false_breakout"": false, ""m4_fvg_in_displacement"": true, ""m3_iof_aligned"": true, ""m5_ipda20_discount"": true, ""m6_with_20d_swing"": false, ""m7_osok_profile"": false, ""m8_cbdr_tight"": true, ""m8_ny_continues_london"": false, ""m10_us500_confirms"": null, ""m11_smt_divergence"": null, ""m12_topdown_agree"": false, ""m13_bridge_window_fvg"": false}"
2026-09-01,US500,ny_am,True,REV,named_extreme_raid+htf_pd+mss,2026-09-01T07:15:00,sell,7644.989,7664.113,side:rev_side_conflicts_with_raid,pdl,bearish,qualified,D_FVG_bull_2026-08-28,0.5714285714285442,0.6237188872620499,time,19.124000000000706,0.052290315833505706,e1e0c1c245e4fff0,kernel_ticket:pass:kernel_session_ticket|side:FAIL:rev_side_conflicts_with_raid|risk:pass:within_caps|allowlist:FAIL:not_on_mint_allowlist|mode:pass:paper,"{""m1_correct_side_of_eq"": false, ""m2_false_breakout"": true, ""m4_fvg_in_displacement"": true, ""m3_iof_aligned"": false, ""m5_ipda20_discount"": false, ""m6_with_20d_swing"": false, ""m7_osok_profile"": false, ""m8_cbdr_tight"": false, ""m8_ny_continues_london"": true, ""m10_us500_confirms"": null, ""m11_smt_divergence"": null, ""m12_topdown_agree"": false, ""m13_bridge_window_fvg"": false}"
2026-09-03,US500,ny_am,True,REV,named_extreme_raid+htf_pd+mss,2026-09-03T10:00:00,buy,7712.249,7681.558,side:rev_side_conflicts_with_raid,pdh,bullish,aligned,D_FVG_bear_2026-09-01,1.1196767782086183,1.1522596200840869,time,30.690999999999804,0.03258284187546859,664a23c6d1fa379a,kernel_ticket:pass:kernel_session_ticket|side:FAIL:rev_side_conflicts_with_raid|risk:pass:within_caps|allowlist:FAIL:not_on_mint_allowlist|mode:pass:paper,"{""m1_correct_side_of_eq"": false, ""m2_false_breakout"": true, ""m4_fvg_in_displacement"": true, ""m3_iof_aligned"": true, ""m5_ipda20_discount"": true, ""m6_with_20d_swing"": false, ""m7_osok_profile"": false, ""m8_cbdr_tight"": true, ""m8_ny_continues_london"": true, ""m10_us500_confirms"": null, ""m11_smt_divergence"": null, ""m12_topdown_agree"": true, ""m13_bridge_window_fvg"": false}"
2026-09-08,US500,london,True,REV,named_extreme_raid+htf_pd+mss,2026-09-08T03:15:00,sell,7700.019,7705.653,side:rev_side_conflicts_with_raid,pdl,bearish,aligned,D_FVG_bear_2026-08-18,1.8225062122825706,2.0,target,5.6340000000000146,0.17749378771742944,7766c4190ce0316d,kernel_ticket:pass:kernel_session_ticket|side:FAIL:rev_side_conflicts_with_raid|risk:pass:within_caps|allowlist:FAIL:not_on_mint_allowlist|mode:pass:paper,"{""m1_correct_side_of_eq"": false, ""m2_false_breakout"": false, ""m4_fvg_in_displacement"": true, ""m3_iof_aligned"": true, ""m5_ipda20_discount"": false, ""m6_with_20d_swing"": true, ""m7_osok_profile"": false, ""m8_cbdr_tight"": true, ""m8_ny_continues_london"": null, ""m10_us500_confirms"": null, ""m11_smt_divergence"": null, ""m12_topdown_agree"": false, ""m13_bridge_window_fvg"": false}"
2026-09-08,US500,ny_am,True,REV,named_extreme_raid+htf_pd+mss,2026-09-08T10:00:00,sell,7689.534,7705.653,side:rev_side_conflicts_with_raid,pdl,bearish,aligned,D_FVG_bull_2026-08-28,0.8214529437309693,0.8834915317327041,time,16.119000000000597,0.062038588001734785,9dcd1bfaffd97259,kernel_ticket:pass:kernel_session_ticket|side:FAIL:rev_side_conflicts_with_raid|risk:pass:within_caps|allowlist:FAIL:not_on_mint_allowlist|mode:pass:paper,"{""m1_correct_side_of_eq"": false, ""m2_false_breakout"": false, ""m4_fvg_in_displacement"": true, ""m3_iof_aligned"": true, ""m5_ipda20_discount"": false, ""m6_with_20d_swing"": true, ""m7_osok_profile"": false, ""m8_cbdr_tight"": true, ""m8_ny_continues_london"": true, ""m10_us500_confirms"": null, ""m11_smt_divergence"": null, ""m12_topdown_agree"": false, ""m13_bridge_window_fvg"": false}"
2026-09-09,US500,ny_am,True,REV,named_extreme_raid+htf_pd+mss,2026-09-09T07:15:00,sell,7649.101,7666.616,side:rev_side_conflicts_with_raid,pdl,bearish,aligned,D_FVG_bull_2026-09-04,0.5556951184698306,0.612789037967403,time,17.515000000000327,0.05709391949757244,e8dab8b4e48ed07c,kernel_ticket:pass:kernel_session_ticket|side:FAIL:rev_side_conflicts_with_raid|risk:pass:within_caps|allowlist:FAIL:not_on_mint_allowlist|mode:pass:paper,"{""m1_correct_side_of_eq"": false, ""m2_false_breakout"": false, ""m4_fvg_in_displacement"": true, ""m3_iof_aligned"": true, ""m5_ipda20_discount"": false, ""m6_with_20d_swing"": true, ""m7_osok_profile"": false, ""m8_cbdr_tight"": false, ""m8_ny_continues_london"": true, ""m10_us500_confirms"": null, ""m11_smt_divergence"": null, ""m12_topdown_agree"": false, ""m13_bridge_window_fvg"": false}"
2026-09-10,US500,ny_am,True,REV,named_extreme_raid+htf_pd+mss,2026-09-10T08:30:00,sell,7619.942,7623.303,side:rev_side_conflicts_with_raid,pdl,bearish,aligned,D_FVG_bull_2026-09-04,-1.2975304968759407,-1.0,stop,3.3609999999998763,0.29753049687594074,8289c06b8ce070a7,kernel_ticket:pass:kernel_session_ticket|side:FAIL:rev_side_conflicts_with_raid|risk:pass:within_caps|allowlist:FAIL:not_on_mint_allowlist|mode:pass:paper,"{""m1_correct_side_of_eq"": false, ""m2_false_breakout"": true, ""m4_fvg_in_displacement"": false, ""m3_iof_aligned"": true, ""m5_ipda20_discount"": false, ""m6_with_20d_swing"": true, ""m7_osok_profile"": false, ""m8_cbdr_tight"": true, ""m8_ny_continues_london"": true, ""m10_us500_confirms"": null, ""m11_smt_divergence"": null, ""m12_topdown_agree"": false, ""m13_bridge_window_fvg"": false}"
2026-09-18,US500,london,True,REV,named_extreme_raid+htf_pd+mss,2026-09-18T03:00:00,buy,7666.964,7653.004,side:rev_side_conflicts_with_raid,pdh,bullish,aligned,D_FVG_bear_2026-09-10,-1.0716332378223494,-1.0,stop,13.960000000000036,0.07163323782234939,35d53c528b6dfd7d,kernel_ticket:pass:kernel_session_ticket|side:FAIL:rev_side_conflicts_with_raid|risk:pass:within_caps|allowlist:FAIL:not_on_mint_allowlist|mode:pass:paper,"{""m1_correct_side_of_eq"": false, ""m2_false_breakout"": false, ""m4_fvg_in_displacement"": true, ""m3_iof_aligned"": true, ""m5_ipda20_discount"": false, ""m6_with_20d_swing"": false, ""m7_osok_profile"": false, ""m8_cbdr_tight"": true, ""m8_ny_continues_london"": null, ""m10_us500_confirms"": null, ""m11_smt_divergence"": null, ""m12_topdown_agree"": false, ""m13_bridge_window_fvg"": false}"
2026-09-21,US500,london,True,REV,named_extreme_raid+htf_pd+mss,2026-09-21T02:15:00,buy,7679.254,7672.082,side:rev_side_conflicts_with_raid,pdh,bullish,aligned,D_FVG_bear_2026-09-10,1.8605688789737787,2.0,target,7.171999999999571,0.1394311210262214,4743b4f149649e4d,kernel_ticket:pass:kernel_session_ticket|side:FAIL:rev_side_conflicts_with_raid|risk:pass:within_caps|allowlist:FAIL:not_on_mint_allowlist|mode:pass:paper,"{""m1_correct_side_of_eq"": false, ""m2_false_breakout"": false, ""m4_fvg_in_displacement"": false, ""m3_iof_aligned"": true, ""m5_ipda20_discount"": false, ""m6_with_20d_swing"": true, ""m7_osok_profile"": false, ""m8_cbdr_tight"": false, ""m8_ny_continues_london"": null, ""m10_us500_confirms"": null, ""m11_smt_divergence"": null, ""m12_topdown_agree"": true, ""m13_bridge_window_fvg"": false}"
2026-09-21,US500,ny_am,True,REV,named_extreme_raid+htf_pd+mss,2026-09-21T07:15:00,buy,7696.495,7672.082,side:rev_side_conflicts_with_raid,pdh,bullish,aligned,D_FVG_bear_2026-09-10,1.959038217343218,2.0,target,24.412999999999556,0.04096178265678197,133012cd9221f91f,kernel_ticket:pass:kernel_session_ticket|side:FAIL:rev_side_conflicts_with_raid|risk:pass:within_caps|allowlist:FAIL:not_on_mint_allowlist|mode:pass:paper,"{""m1_correct_side_of_eq"": false, ""m2_false_breakout"": false, ""m4_fvg_in_displacement"": true, ""m3_iof_aligned"": true, ""m5_ipda20_discount"": false, ""m6_with_20d_swing"": true, ""m7_osok_profile"": false, ""m8_cbdr_tight"": false, ""m8_ny_continues_london"": true, ""m10_us500_confirms"": null, ""m11_smt_divergence"": null, ""m12_topdown_agree"": true, ""m13_bridge_window_fvg"": false}"
2026-09-24,US500,london,True,REV,named_extreme_raid+htf_pd+mss,2026-09-24T03:15:00,sell,7679.828,7694.273,side:rev_side_conflicts_with_raid,pdl,bearish,aligned,D_FVG_bull_2026-09-04,1.9307718933887144,2.0,target,14.444999999999709,0.06922810661128558,b89b891472360607,kernel_ticket:pass:kernel_session_ticket|side:FAIL:rev_side_conflicts_with_raid|risk:pass:within_caps|allowlist:FAIL:not_on_mint_allowlist|mode:pass:paper,"{""m1_correct_side_of_eq"": false, ""m2_false_breakout"": false, ""m4_fvg_in_displacement"": true, ""m3_iof_aligned"": true, ""m5_ipda20_discount"": true, ""m6_with_20d_swing"": false, ""m7_osok_profile"": false, ""m8_cbdr_tight"": false, ""m8_ny_continues_london"": null, ""m10_us500_confirms"": null, ""m11_smt_divergence"": null, ""m12_topdown_agree"": false, ""m13_bridge_window_fvg"": false}"
2026-09-24,US500,ny_am,True,REV,named_extreme_raid+htf_pd+mss,2026-09-24T07:15:00,sell,7666.563,7694.273,side:rev_side_conflicts_with_raid,pdl,bearish,qualified,D_FVG_bull_2026-09-04,-1.0360880548538434,-1.0,stop,27.710000000000036,0.03608805485384333,8ef5ef25a6cff9bd,kernel_ticket:pass:kernel_session_ticket|side:FAIL:rev_side_conflicts_with_raid|risk:pass:within_caps|allowlist:FAIL:not_on_mint_allowlist|mode:pass:paper,"{""m1_correct_side_of_eq"": false, ""m2_false_breakout"": false, ""m4_fvg_in_displacement"": true, ""m3_iof_aligned"": false, ""m5_ipda20_discount"": true, ""m6_with_20d_swing"": false, ""m7_osok_profile"": false, ""m8_cbdr_tight"": false, ""m8_ny_continues_london"": true, ""m10_us500_confirms"": null, ""m11_smt_divergence"": null, ""m12_topdown_agree"": false, ""m13_bridge_window_fvg"": false}"
