date,symbol,session,ticket,module,reason,entry_time,direction,entry,stop,blocked_by,raid_level,iof_state,iof_confidence,origin_pd_array,R,R_gross,exit,risk_pts,cost_R,fingerprint,gates,features
2025-09-29,US500,london,True,REV,named_extreme_raid+htf_pd+mss,2025-09-29T02:15:00,bearish,6664.742,6667.745,allowlist:not_on_mint_allowlist,pdh,bullish,qualified,D_FVG_bull_2025-09-12,-1.3330003330003661,-1.0,stop,3.0029999999997017,0.3330003330003661,sha256:17d8913b488ff2ca,kernel_ticket:pass:kernel_session_ticket|direction:pass:determined|risk:pass:within_caps|allowlist:FAIL:not_on_mint_allowlist|mode:pass:paper|contract:FAIL:hermes_integration_i0_ftn_never_actionable,"{""m1_correct_side_of_eq"": true, ""m2_false_breakout"": false, ""m4_fvg_in_displacement"": false, ""m3_iof_aligned"": false, ""m5_ipda20_discount"": true, ""m6_with_20d_swing"": false, ""m7_osok_profile"": true, ""m8_cbdr_tight"": true, ""m8_ny_continues_london"": null, ""m10_us500_confirms"": null, ""m11_smt_divergence"": null, ""m12_topdown_agree"": false, ""m13_bridge_window_fvg"": false}"
2025-09-29,US500,ny_am,True,REV,named_extreme_raid+htf_pd+mss,2025-09-29T07:15:00,bearish,6672.748,6683.799,allowlist:not_on_mint_allowlist,pdh,bullish,aligned,D_FVG_bull_2025-09-12,1.90951045154285,2.0,target,11.051000000000386,0.09048954845715004,sha256:fc8a04917e235b81,kernel_ticket:pass:kernel_session_ticket|direction:pass:determined|risk:pass:within_caps|allowlist:FAIL:not_on_mint_allowlist|mode:pass:paper|contract:FAIL:hermes_integration_i0_ftn_never_actionable,"{""m1_correct_side_of_eq"": true, ""m2_false_breakout"": false, ""m4_fvg_in_displacement"": false, ""m3_iof_aligned"": true, ""m5_ipda20_discount"": true, ""m6_with_20d_swing"": false, ""m7_osok_profile"": true, ""m8_cbdr_tight"": true, ""m8_ny_continues_london"": false, ""m10_us500_confirms"": null, ""m11_smt_divergence"": null, ""m12_topdown_agree"": false, ""m13_bridge_window_fvg"": false}"
2025-09-30,US500,london,True,REV,named_extreme_raid+htf_pd+mss,2025-09-30T04:00:00,bullish,6649.954,6640.833,allowlist:not_on_mint_allowlist,pdl,bullish,qualified,D_FVG_bull_2025-09-12,1.8903628988049568,2.0,target,9.121000000000095,0.10963710119504326,sha256:b304404a8042d390,kernel_ticket:pass:kernel_session_ticket|direction:pass:determined|risk:pass:within_caps|allowlist:FAIL:not_on_mint_allowlist|mode:pass:paper|contract:FAIL:hermes_integration_i0_ftn_never_actionable,"{""m1_correct_side_of_eq"": true, ""m2_false_breakout"": true, ""m4_fvg_in_displacement"": false, ""m3_iof_aligned"": false, ""m5_ipda20_discount"": false, ""m6_with_20d_swing"": true, ""m7_osok_profile"": true, ""m8_cbdr_tight"": true, ""m8_ny_continues_london"": null, ""m10_us500_confirms"": null, ""m11_smt_divergence"": null, ""m12_topdown_agree"": false, ""m13_bridge_window_fvg"": false}"
2025-09-30,US500,ny_am,True,REV,named_extreme_raid+htf_pd+mss,2025-09-30T10:00:00,bullish,6655.533,6640.833,allowlist:not_on_mint_allowlist,pdl,bullish,qualified,D_FVG_bull_2025-09-12,1.9319727891156497,2.0,target,14.700000000000728,0.06802721088435038,sha256:2e17db669cc1509a,kernel_ticket:pass:kernel_session_ticket|direction:pass:determined|risk:pass:within_caps|allowlist:FAIL:not_on_mint_allowlist|mode:pass:paper|contract:FAIL:hermes_integration_i0_ftn_never_actionable,"{""m1_correct_side_of_eq"": true, ""m2_false_breakout"": true, ""m4_fvg_in_displacement"": true, ""m3_iof_aligned"": false, ""m5_ipda20_discount"": false, ""m6_with_20d_swing"": true, ""m7_osok_profile"": true, ""m8_cbdr_tight"": true, ""m8_ny_continues_london"": false, ""m10_us500_confirms"": null, ""m11_smt_divergence"": null, ""m12_topdown_agree"": false, ""m13_bridge_window_fvg"": true}"
2025-10-01,US500,ny_am,True,REV,named_extreme_raid+htf_pd+mss,2025-10-01T10:00:00,bullish,6662.151,6627.454,allowlist:not_on_mint_allowlist,pdl,bullish,aligned,D_FVG_bull_2025-09-12,1.3600023056748407,1.3888232412024077,time,34.697000000000116,0.028820935527567128,sha256:bb5f59208c034460,kernel_ticket:pass:kernel_session_ticket|direction:pass:determined|risk:pass:within_caps|allowlist:FAIL:not_on_mint_allowlist|mode:pass:paper|contract:FAIL:hermes_integration_i0_ftn_never_actionable,"{""m1_correct_side_of_eq"": true, ""m2_false_breakout"": false, ""m4_fvg_in_displacement"": true, ""m3_iof_aligned"": true, ""m5_ipda20_discount"": false, ""m6_with_20d_swing"": true, ""m7_osok_profile"": true, ""m8_cbdr_tight"": false, ""m8_ny_continues_london"": false, ""m10_us500_confirms"": null, ""m11_smt_divergence"": null, ""m12_topdown_agree"": false, ""m13_bridge_window_fvg"": true}"
2025-10-02,US500,ny_am,True,REV,named_extreme_raid+htf_pd+mss,2025-10-02T07:15:00,bearish,6725.699,6727.354,allowlist:not_on_mint_allowlist,pdh,bullish,aligned,D_FVG_bull_2025-09-12,-1.6042296072505162,-1.0,stop,1.6550000000006548,0.6042296072505162,sha256:893102e44e3e1d4c,kernel_ticket:pass:kernel_session_ticket|direction:pass:determined|risk:pass:within_caps|allowlist:FAIL:not_on_mint_allowlist|mode:pass:paper|contract:FAIL:hermes_integration_i0_ftn_never_actionable,"{""m1_correct_side_of_eq"": true, ""m2_false_breakout"": true, ""m4_fvg_in_displacement"": true, ""m3_iof_aligned"": true, ""m5_ipda20_discount"": true, ""m6_with_20d_swing"": false, ""m7_osok_profile"": false, ""m8_cbdr_tight"": true, ""m8_ny_continues_london"": false, ""m10_us500_confirms"": null, ""m11_smt_divergence"": null, ""m12_topdown_agree"": false, ""m13_bridge_window_fvg"": false}"
2025-10-03,US500,london,True,REV,named_extreme_raid+htf_pd+mss,2025-10-03T02:15:00,bearish,6732.945,6737.442,allowlist:not_on_mint_allowlist,pdh,bullish,qualified,D_FVG_bull_2025-10-02,-1.2223704692016752,-1.0,stop,4.497000000000298,0.22237046920167527,sha256:f3eae8f915b1766b,kernel_ticket:pass:kernel_session_ticket|direction:pass:determined|risk:pass:within_caps|allowlist:FAIL:not_on_mint_allowlist|mode:pass:paper|contract:FAIL:hermes_integration_i0_ftn_never_actionable,"{""m1_correct_side_of_eq"": true, ""m2_false_breakout"": true, ""m4_fvg_in_displacement"": true, ""m3_iof_aligned"": false, ""m5_ipda20_discount"": true, ""m6_with_20d_swing"": false, ""m7_osok_profile"": false, ""m8_cbdr_tight"": true, ""m8_ny_continues_london"": null, ""m10_us500_confirms"": null, ""m11_smt_divergence"": null, ""m12_topdown_agree"": false, ""m13_bridge_window_fvg"": false}"
2025-10-03,US500,ny_am,True,REV,named_extreme_raid+htf_pd+mss,2025-10-03T07:15:00,bearish,6731.451,6740.499,allowlist:not_on_mint_allowlist,pdh,bullish,qualified,D_FVG_bull_2025-10-02,-1.110521662245803,-1.0,stop,9.047999999999774,0.11052166224580293,sha256:a1f77281f7d62755,kernel_ticket:pass:kernel_session_ticket|direction:pass:determined|risk:pass:within_caps|allowlist:FAIL:not_on_mint_allowlist|mode:pass:paper|contract:FAIL:hermes_integration_i0_ftn_never_actionable,"{""m1_correct_side_of_eq"": true, ""m2_false_breakout"": true, ""m4_fvg_in_displacement"": true, ""m3_iof_aligned"": false, ""m5_ipda20_discount"": true, ""m6_with_20d_swing"": false, ""m7_osok_profile"": false, ""m8_cbdr_tight"": true, ""m8_ny_continues_london"": false, ""m10_us500_confirms"": null, ""m11_smt_divergence"": null, ""m12_topdown_agree"": false, ""m13_bridge_window_fvg"": false}"
2025-10-07,US500,ny_am,True,REV,named_extreme_raid+htf_pd+mss,2025-10-07T09:15:00,bearish,6750.139,6755.842,allowlist:not_on_mint_allowlist,pdh,bullish,aligned,D_FVG_bull_2025-10-02,1.8246536910397888,2.0,target,5.70299999999952,0.17534630896021114,sha256:84e3a6a9b5008e55,kernel_ticket:pass:kernel_session_ticket|direction:pass:determined|risk:pass:within_caps|allowlist:FAIL:not_on_mint_allowlist|mode:pass:paper|contract:FAIL:hermes_integration_i0_ftn_never_actionable,"{""m1_correct_side_of_eq"": true, ""m2_false_breakout"": false, ""m4_fvg_in_displacement"": false, ""m3_iof_aligned"": true, ""m5_ipda20_discount"": true, ""m6_with_20d_swing"": false, ""m7_osok_profile"": true, ""m8_cbdr_tight"": true, ""m8_ny_continues_london"": false, ""m10_us500_confirms"": null, ""m11_smt_divergence"": null, ""m12_topdown_agree"": false, ""m13_bridge_window_fvg"": false}"
2025-10-09,US500,london,True,REV,named_extreme_raid+htf_pd+mss,2025-10-09T02:15:00,bearish,6760.545,6761.854,allowlist:not_on_mint_allowlist,pdh,bullish,aligned,D_FVG_bull_2025-10-02,1.2360580595875859,2.0,target,1.3090000000001965,0.763941940412414,sha256:c28c4e706a353ed1,kernel_ticket:pass:kernel_session_ticket|direction:pass:determined|risk:pass:within_caps|allowlist:FAIL:not_on_mint_allowlist|mode:pass:paper|contract:FAIL:hermes_integration_i0_ftn_never_actionable,"{""m1_correct_side_of_eq"": true, ""m2_false_breakout"": true, ""m4_fvg_in_displacement"": false, ""m3_iof_aligned"": true, ""m5_ipda20_discount"": true, ""m6_with_20d_swing"": false, ""m7_osok_profile"": false, ""m8_cbdr_tight"": true, ""m8_ny_continues_london"": null, ""m10_us500_confirms"": null, ""m11_smt_divergence"": null, ""m12_topdown_agree"": false, ""m13_bridge_window_fvg"": false}"
2025-10-17,US500,london,True,REV,named_extreme_raid+htf_pd+mss,2025-10-17T02:15:00,bullish,6590.799,6579.454,allowlist:not_on_mint_allowlist,pdl,bearish,aligned,D_FVG_bull_2025-10-02,-1.0881445570735988,-1.0,stop,11.345000000000255,0.08814455707359872,sha256:abe61735403c4fd6,kernel_ticket:pass:kernel_session_ticket|direction:pass:determined|risk:pass:within_caps|allowlist:FAIL:not_on_mint_allowlist|mode:pass:paper|contract:FAIL:hermes_integration_i0_ftn_never_actionable,"{""m1_correct_side_of_eq"": true, ""m2_false_breakout"": false, ""m4_fvg_in_displacement"": false, ""m3_iof_aligned"": true, ""m5_ipda20_discount"": true, ""m6_with_20d_swing"": false, ""m7_osok_profile"": false, ""m8_cbdr_tight"": false, ""m8_ny_continues_london"": null, ""m10_us500_confirms"": null, ""m11_smt_divergence"": null, ""m12_topdown_agree"": false, ""m13_bridge_window_fvg"": false}"
2025-10-17,US500,ny_am,True,REV,named_extreme_raid+htf_pd+mss,2025-10-17T07:15:00,bullish,6614.551,6532.099,allowlist:not_on_mint_allowlist,pdl,bearish,qualified,D_FVG_bull_2025-10-02,0.6040241595109852,0.6161524280793643,time,82.45200000000023,0.012128268568379145,sha256:9bd19d462b3a3ea0,kernel_ticket:pass:kernel_session_ticket|direction:pass:determined|risk:pass:within_caps|allowlist:FAIL:not_on_mint_allowlist|mode:pass:paper|contract:FAIL:hermes_integration_i0_ftn_never_actionable,"{""m1_correct_side_of_eq"": true, ""m2_false_breakout"": false, ""m4_fvg_in_displacement"": true, ""m3_iof_aligned"": false, ""m5_ipda20_discount"": true, ""m6_with_20d_swing"": false, ""m7_osok_profile"": false, ""m8_cbdr_tight"": false, ""m8_ny_continues_london"": false, ""m10_us500_confirms"": null, ""m11_smt_divergence"": null, ""m12_topdown_agree"": false, ""m13_bridge_window_fvg"": false}"
2025-10-20,US500,london,True,REV,named_extreme_raid+htf_pd+mss,2025-10-20T03:30:00,bearish,6696.099,6697.342,allowlist:not_on_mint_allowlist,pdh,bullish,qualified,D_FVG_bull_2025-10-02,-1.8045052292843247,-1.0,stop,1.2429999999994834,0.8045052292843247,sha256:8703e47e177ee0c1,kernel_ticket:pass:kernel_session_ticket|direction:pass:determined|risk:pass:within_caps|allowlist:FAIL:not_on_mint_allowlist|mode:pass:paper|contract:FAIL:hermes_integration_i0_ftn_never_actionable,"{""m1_correct_side_of_eq"": true, ""m2_false_breakout"": false, ""m4_fvg_in_displacement"": false, ""m3_iof_aligned"": false, ""m5_ipda20_discount"": true, ""m6_with_20d_swing"": false, ""m7_osok_profile"": true, ""m8_cbdr_tight"": false, ""m8_ny_continues_london"": null, ""m10_us500_confirms"": null, ""m11_smt_divergence"": null, ""m12_topdown_agree"": false, ""m13_bridge_window_fvg"": false}"
2025-10-20,US500,ny_am,True,REV,named_extreme_raid+htf_pd+mss,2025-10-20T10:00:00,bearish,6709.436,6717.651,allowlist:not_on_mint_allowlist,pdh,bullish,aligned,D_FVG_bull_2025-10-02,-1.121728545343881,-1.0,stop,8.215000000000146,0.12172854534388099,sha256:c6850854120357bd,kernel_ticket:pass:kernel_session_ticket|direction:pass:determined|risk:pass:within_caps|allowlist:FAIL:not_on_mint_allowlist|mode:pass:paper|contract:FAIL:hermes_integration_i0_ftn_never_actionable,"{""m1_correct_side_of_eq"": true, ""m2_false_breakout"": false, ""m4_fvg_in_displacement"": false, ""m3_iof_aligned"": true, ""m5_ipda20_discount"": true, ""m6_with_20d_swing"": false, ""m7_osok_profile"": true, ""m8_cbdr_tight"": false, ""m8_ny_continues_london"": true, ""m10_us500_confirms"": null, ""m11_smt_divergence"": null, ""m12_topdown_agree"": false, ""m13_bridge_window_fvg"": false}"
2025-10-24,US500,london,True,REV,named_extreme_raid+htf_pd+mss,2025-10-24T02:15:00,bearish,6760.536,6762.099,allowlist:not_on_mint_allowlist,pdh,bullish,aligned,D_FVG_bull_2025-10-21,-1.6397952655149934,-1.0,stop,1.5630000000001019,0.6397952655149934,sha256:1d25d50c6179b7dd,kernel_ticket:pass:kernel_session_ticket|direction:pass:determined|risk:pass:within_caps|allowlist:FAIL:not_on_mint_allowlist|mode:pass:paper|contract:FAIL:hermes_integration_i0_ftn_never_actionable,"{""m1_correct_side_of_eq"": true, ""m2_false_breakout"": false, ""m4_fvg_in_displacement"": false, ""m3_iof_aligned"": true, ""m5_ipda20_discount"": true, ""m6_with_20d_swing"": false, ""m7_osok_profile"": false, ""m8_cbdr_tight"": true, ""m8_ny_continues_london"": null, ""m10_us500_confirms"": null, ""m11_smt_divergence"": null, ""m12_topdown_agree"": false, ""m13_bridge_window_fvg"": false}"
2025-10-24,US500,ny_am,True,REV,named_extreme_raid+htf_pd+mss,2025-10-24T07:15:00,bearish,6761.851,6764.536,allowlist:not_on_mint_allowlist,pdh,bullish,qualified,D_FVG_bull_2025-10-21,-1.3724394785846745,-1.0,stop,2.6850000000004,0.37243947858467447,sha256:f5fb3fe2e03d81e2,kernel_ticket:pass:kernel_session_ticket|direction:pass:determined|risk:pass:within_caps|allowlist:FAIL:not_on_mint_allowlist|mode:pass:paper|contract:FAIL:hermes_integration_i0_ftn_never_actionable,"{""m1_correct_side_of_eq"": true, ""m2_false_breakout"": false, ""m4_fvg_in_displacement"": true, ""m3_iof_aligned"": false, ""m5_ipda20_discount"": true, ""m6_with_20d_swing"": false, ""m7_osok_profile"": false, ""m8_cbdr_tight"": true, ""m8_ny_continues_london"": true, ""m10_us500_confirms"": null, ""m11_smt_divergence"": null, ""m12_topdown_agree"": false, ""m13_bridge_window_fvg"": false}"
2025-10-27,US500,london,True,REV,named_extreme_raid+htf_pd+mss,2025-10-27T02:15:00,bearish,6850.745,6852.754,allowlist:not_on_mint_allowlist,pdh,bullish,aligned,D_FVG_bull_2025-10-21,-1.497760079641609,-1.0,stop,2.0090000000000146,0.4977600796416091,sha256:b3414847cf2022f0,kernel_ticket:pass:kernel_session_ticket|direction:pass:determined|risk:pass:within_caps|allowlist:FAIL:not_on_mint_allowlist|mode:pass:paper|contract:FAIL:hermes_integration_i0_ftn_never_actionable,"{""m1_correct_side_of_eq"": true, ""m2_false_breakout"": false, ""m4_fvg_in_displacement"": false, ""m3_iof_aligned"": true, ""m5_ipda20_discount"": true, ""m6_with_20d_swing"": false, ""m7_osok_profile"": true, ""m8_cbdr_tight"": true, ""m8_ny_continues_london"": null, ""m10_us500_confirms"": null, ""m11_smt_divergence"": null, ""m12_topdown_agree"": false, ""m13_bridge_window_fvg"": false}"
2025-10-27,US500,ny_am,True,REV,named_extreme_raid+htf_pd+mss,2025-10-27T07:15:00,bearish,6850.742,6855.751,allowlist:not_on_mint_allowlist,pdh,bullish,qualified,D_FVG_bull_2025-10-21,-1.1996406468356953,-1.0,stop,5.0090000000000146,0.19964064683569516,sha256:2d174fdbc25ba1f5,kernel_ticket:pass:kernel_session_ticket|direction:pass:determined|risk:pass:within_caps|allowlist:FAIL:not_on_mint_allowlist|mode:pass:paper|contract:FAIL:hermes_integration_i0_ftn_never_actionable,"{""m1_correct_side_of_eq"": true, ""m2_false_breakout"": false, ""m4_fvg_in_displacement"": true, ""m3_iof_aligned"": false, ""m5_ipda20_discount"": true, ""m6_with_20d_swing"": false, ""m7_osok_profile"": true, ""m8_cbdr_tight"": true, ""m8_ny_continues_london"": true, ""m10_us500_confirms"": null, ""m11_smt_divergence"": null, ""m12_topdown_agree"": false, ""m13_bridge_window_fvg"": false}"
2025-10-28,US500,ny_am,True,REV,named_extreme_raid+htf_pd+mss,2025-10-28T09:15:00,bearish,6893.145,6894.854,allowlist:not_on_mint_allowlist,pdh,bullish,aligned,D_FVG_bull_2025-10-27,1.4148624926857238,2.0,target,1.7089999999998327,0.5851375073142762,sha256:62d1be8b03722dcb,kernel_ticket:pass:kernel_session_ticket|direction:pass:determined|risk:pass:within_caps|allowlist:FAIL:not_on_mint_allowlist|mode:pass:paper|contract:FAIL:hermes_integration_i0_ftn_never_actionable,"{""m1_correct_side_of_eq"": true, ""m2_false_breakout"": true, ""m4_fvg_in_displacement"": false, ""m3_iof_aligned"": true, ""m5_ipda20_discount"": true, ""m6_with_20d_swing"": false, ""m7_osok_profile"": true, ""m8_cbdr_tight"": true, ""m8_ny_continues_london"": false, ""m10_us500_confirms"": null, ""m11_smt_divergence"": null, ""m12_topdown_agree"": false, ""m13_bridge_window_fvg"": false}"
2025-10-29,US500,london,True,REV,named_extreme_raid+htf_pd+mss,2025-10-29T03:15:00,bearish,6911.145,6912.648,allowlist:not_on_mint_allowlist,pdh,bullish,aligned,D_FVG_bull_2025-10-28,1.3346640053225558,2.0,target,1.5029999999997017,0.6653359946774441,sha256:74bc1351c5f59068,kernel_ticket:pass:kernel_session_ticket|direction:pass:determined|risk:pass:within_caps|allowlist:FAIL:not_on_mint_allowlist|mode:pass:paper|contract:FAIL:hermes_integration_i0_ftn_never_actionable,"{""m1_correct_side_of_eq"": true, ""m2_false_breakout"": true, ""m4_fvg_in_displacement"": false, ""m3_iof_aligned"": true, ""m5_ipda20_discount"": true, ""m6_with_20d_swing"": false, ""m7_osok_profile"": true, ""m8_cbdr_tight"": true, ""m8_ny_continues_london"": null, ""m10_us500_confirms"": null, ""m11_smt_divergence"": null, ""m12_topdown_agree"": false, ""m13_bridge_window_fvg"": false}"
2025-10-29,US500,ny_am,True,REV,named_extreme_raid+htf_pd+mss,2025-10-29T10:00:00,bearish,6917.651,6920.048,allowlist:not_on_mint_allowlist,pdh,bullish,aligned,D_FVG_bull_2025-10-28,1.5828118481435014,2.0,target,2.3969999999999345,0.41718815185649866,sha256:94fbc9b8801af62a,kernel_ticket:pass:kernel_session_ticket|direction:pass:determined|risk:pass:within_caps|allowlist:FAIL:not_on_mint_allowlist|mode:pass:paper|contract:FAIL:hermes_integration_i0_ftn_never_actionable,"{""m1_correct_side_of_eq"": true, ""m2_false_breakout"": true, ""m4_fvg_in_displacement"": true, ""m3_iof_aligned"": true, ""m5_ipda20_discount"": true, ""m6_with_20d_swing"": false, ""m7_osok_profile"": true, ""m8_cbdr_tight"": true, ""m8_ny_continues_london"": true, ""m10_us500_confirms"": null, ""m11_smt_divergence"": null, ""m12_topdown_agree"": false, ""m13_bridge_window_fvg"": true}"
2025-11-04,US500,ny_am,True,REV,named_extreme_raid+htf_pd+mss,2025-11-04T10:00:00,bullish,6808.054,6755.833,allowlist:not_on_mint_allowlist,pdl,bullish,aligned,D_FVG_bull_2025-10-21,-0.6606537599816108,-0.6415043756343177,time,52.22100000000046,0.019149384347293068,sha256:e20b29cc2aa95e6a,kernel_ticket:pass:kernel_session_ticket|direction:pass:determined|risk:pass:within_caps|allowlist:FAIL:not_on_mint_allowlist|mode:pass:paper|contract:FAIL:hermes_integration_i0_ftn_never_actionable,"{""m1_correct_side_of_eq"": true, ""m2_false_breakout"": false, ""m4_fvg_in_displacement"": true, ""m3_iof_aligned"": true, ""m5_ipda20_discount"": false, ""m6_with_20d_swing"": true, ""m7_osok_profile"": true, ""m8_cbdr_tight"": false, ""m8_ny_continues_london"": false, ""m10_us500_confirms"": null, ""m11_smt_divergence"": null, ""m12_topdown_agree"": true, ""m13_bridge_window_fvg"": true}"
2025-11-05,US500,ny_am,True,REV,named_extreme_raid+htf_pd+mss,2025-11-05T07:15:00,bullish,6757.351,6742.636,allowlist:not_on_mint_allowlist,pdl,bearish,qualified,D_FVG_bull_2025-10-28,1.9320421338769926,2.0,target,14.714999999999236,0.06795786612300726,sha256:dd26d47f993755ea,kernel_ticket:pass:kernel_session_ticket|direction:pass:determined|risk:pass:within_caps|allowlist:FAIL:not_on_mint_allowlist|mode:pass:paper|contract:FAIL:hermes_integration_i0_ftn_never_actionable,"{""m1_correct_side_of_eq"": true, ""m2_false_breakout"": true, ""m4_fvg_in_displacement"": true, ""m3_iof_aligned"": false, ""m5_ipda20_discount"": false, ""m6_with_20d_swing"": true, ""m7_osok_profile"": true, ""m8_cbdr_tight"": false, ""m8_ny_continues_london"": false, ""m10_us500_confirms"": null, ""m11_smt_divergence"": null, ""m12_topdown_agree"": false, ""m13_bridge_window_fvg"": false}"
2025-11-07,US500,ny_am,True,REV,named_extreme_raid+htf_pd+mss,2025-11-07T07:15:00,bullish,6709.351,6688.645,allowlist:not_on_mint_allowlist,pdl,bearish,aligned,D_FVG_bull_2025-10-27,-1.0482951801410239,-1.0,stop,20.70599999999922,0.04829518014102374,sha256:65d17b545c9f1265,kernel_ticket:pass:kernel_session_ticket|direction:pass:determined|risk:pass:within_caps|allowlist:FAIL:not_on_mint_allowlist|mode:pass:paper|contract:FAIL:hermes_integration_i0_ftn_never_actionable,"{""m1_correct_side_of_eq"": true, ""m2_false_breakout"": false, ""m4_fvg_in_displacement"": true, ""m3_iof_aligned"": true, ""m5_ipda20_discount"": true, ""m6_with_20d_swing"": false, ""m7_osok_profile"": false, ""m8_cbdr_tight"": false, ""m8_ny_continues_london"": false, ""m10_us500_confirms"": null, ""m11_smt_divergence"": null, ""m12_topdown_agree"": false, ""m13_bridge_window_fvg"": false}"
2025-11-10,US500,london,True,REV,named_extreme_raid+htf_pd+mss,2025-11-10T02:15:00,bearish,6777.799,6783.336,allowlist:not_on_mint_allowlist,pdh,bullish,qualified,D_FVG_bull_2025-10-21,-1.1806032147372139,-1.0,stop,5.537000000000262,0.18060321473721377,sha256:20ee4dfeb39d2c0a,kernel_ticket:pass:kernel_session_ticket|direction:pass:determined|risk:pass:within_caps|allowlist:FAIL:not_on_mint_allowlist|mode:pass:paper|contract:FAIL:hermes_integration_i0_ftn_never_actionable,"{""m1_correct_side_of_eq"": true, ""m2_false_breakout"": false, ""m4_fvg_in_displacement"": false, ""m3_iof_aligned"": false, ""m5_ipda20_discount"": true, ""m6_with_20d_swing"": false, ""m7_osok_profile"": true, ""m8_cbdr_tight"": false, ""m8_ny_continues_london"": null, ""m10_us500_confirms"": null, ""m11_smt_divergence"": null, ""m12_topdown_agree"": false, ""m13_bridge_window_fvg"": false}"
2025-11-10,US500,ny_am,True,REV,named_extreme_raid+htf_pd+mss,2025-11-10T07:15:00,bearish,6791.033,6798.848,allowlist:not_on_mint_allowlist,pdh,bullish,aligned,D_FVG_bull_2025-10-21,-1.1279590531030137,-1.0,stop,7.8149999999996,0.1279590531030136,sha256:0f51d74c56d5b222,kernel_ticket:pass:kernel_session_ticket|direction:pass:determined|risk:pass:within_caps|allowlist:FAIL:not_on_mint_allowlist|mode:pass:paper|contract:FAIL:hermes_integration_i0_ftn_never_actionable,"{""m1_correct_side_of_eq"": true, ""m2_false_breakout"": false, ""m4_fvg_in_displacement"": true, ""m3_iof_aligned"": true, ""m5_ipda20_discount"": true, ""m6_with_20d_swing"": false, ""m7_osok_profile"": true, ""m8_cbdr_tight"": false, ""m8_ny_continues_london"": false, ""m10_us500_confirms"": null, ""m11_smt_divergence"": null, ""m12_topdown_agree"": false, ""m13_bridge_window_fvg"": false}"
2025-11-12,US500,london,True,REV,named_extreme_raid+htf_pd+mss,2025-11-12T02:15:00,bearish,6868.233,6869.999,allowlist:not_on_mint_allowlist,pdh,bullish,aligned,D_FVG_bull_2025-10-27,-1.5662514156286604,-1.0,stop,1.7659999999996217,0.5662514156286604,sha256:5d9d677d038b4f90,kernel_ticket:pass:kernel_session_ticket|direction:pass:determined|risk:pass:within_caps|allowlist:FAIL:not_on_mint_allowlist|mode:pass:paper|contract:FAIL:hermes_integration_i0_ftn_never_actionable,"{""m1_correct_side_of_eq"": true, ""m2_false_breakout"": false, ""m4_fvg_in_displacement"": false, ""m3_iof_aligned"": true, ""m5_ipda20_discount"": true, ""m6_with_20d_swing"": false, ""m7_osok_profile"": true, ""m8_cbdr_tight"": true, ""m8_ny_continues_london"": null, ""m10_us500_confirms"": null, ""m11_smt_divergence"": null, ""m12_topdown_agree"": false, ""m13_bridge_window_fvg"": false}"
2025-11-12,US500,ny_am,True,REV,named_extreme_raid+htf_pd+mss,2025-11-12T07:15:00,bearish,6869.436,6877.754,allowlist:not_on_mint_allowlist,pdh,bullish,qualified,D_FVG_bull_2025-10-28,1.8797787929790846,2.0,target,8.318000000000211,0.12022120702091545,sha256:2e3267cd00030064,kernel_ticket:pass:kernel_session_ticket|direction:pass:determined|risk:pass:within_caps|allowlist:FAIL:not_on_mint_allowlist|mode:pass:paper|contract:FAIL:hermes_integration_i0_ftn_never_actionable,"{""m1_correct_side_of_eq"": true, ""m2_false_breakout"": false, ""m4_fvg_in_displacement"": true, ""m3_iof_aligned"": false, ""m5_ipda20_discount"": true, ""m6_with_20d_swing"": false, ""m7_osok_profile"": true, ""m8_cbdr_tight"": true, ""m8_ny_continues_london"": false, ""m10_us500_confirms"": null, ""m11_smt_divergence"": null, ""m12_topdown_agree"": false, ""m13_bridge_window_fvg"": false}"
2025-11-14,US500,london,True,REV,named_extreme_raid+htf_pd+mss,2025-11-14T02:15:00,bullish,6718.942,6717.245,allowlist:not_on_mint_allowlist,pdl,bearish,aligned,D_FVG_bull_2025-11-11,-1.5892751915143968,-1.0,stop,1.6970000000001164,0.5892751915143968,sha256:114902b1acd406f7,kernel_ticket:pass:kernel_session_ticket|direction:pass:determined|risk:pass:within_caps|allowlist:FAIL:not_on_mint_allowlist|mode:pass:paper|contract:FAIL:hermes_integration_i0_ftn_never_actionable,"{""m1_correct_side_of_eq"": true, ""m2_false_breakout"": true, ""m4_fvg_in_displacement"": true, ""m3_iof_aligned"": true, ""m5_ipda20_discount"": true, ""m6_with_20d_swing"": true, ""m7_osok_profile"": false, ""m8_cbdr_tight"": true, ""m8_ny_continues_london"": null, ""m10_us500_confirms"": null, ""m11_smt_divergence"": null, ""m12_topdown_agree"": false, ""m13_bridge_window_fvg"": false}"
2025-11-14,US500,ny_am,True,REV,named_extreme_raid+htf_pd+mss,2025-11-14T07:15:00,bullish,6676.954,6674.742,allowlist:not_on_mint_allowlist,pdl,bearish,aligned,D_FVG_bull_2025-10-21,-1.4520795660037118,-1.0,stop,2.2119999999995343,0.4520795660037118,sha256:652f4d1138cb4b4d,kernel_ticket:pass:kernel_session_ticket|direction:pass:determined|risk:pass:within_caps|allowlist:FAIL:not_on_mint_allowlist|mode:pass:paper|contract:FAIL:hermes_integration_i0_ftn_never_actionable,"{""m1_correct_side_of_eq"": true, ""m2_false_breakout"": true, ""m4_fvg_in_displacement"": true, ""m3_iof_aligned"": true, ""m5_ipda20_discount"": true, ""m6_with_20d_swing"": true, ""m7_osok_profile"": false, ""m8_cbdr_tight"": true, ""m8_ny_continues_london"": false, ""m10_us500_confirms"": null, ""m11_smt_divergence"": null, ""m12_topdown_agree"": false, ""m13_bridge_window_fvg"": false}"
2025-11-17,US500,london,True,REV,named_extreme_raid+htf_pd+mss,2025-11-17T03:45:00,bearish,6776.542,6780.554,allowlist:not_on_mint_allowlist,pdh,bearish,qualified,D_FVG_bull_2025-10-28,1.7507477567297929,2.0,target,4.011999999999716,0.24925224327020706,sha256:3441010035cc7e3d,kernel_ticket:pass:kernel_session_ticket|direction:pass:determined|risk:pass:within_caps|allowlist:FAIL:not_on_mint_allowlist|mode:pass:paper|contract:FAIL:hermes_integration_i0_ftn_never_actionable,"{""m1_correct_side_of_eq"": true, ""m2_false_breakout"": false, ""m4_fvg_in_displacement"": false, ""m3_iof_aligned"": false, ""m5_ipda20_discount"": false, ""m6_with_20d_swing"": false, ""m7_osok_profile"": true, ""m8_cbdr_tight"": false, ""m8_ny_continues_london"": null, ""m10_us500_confirms"": null, ""m11_smt_divergence"": null, ""m12_topdown_agree"": true, ""m13_bridge_window_fvg"": false}"
2025-11-17,US500,ny_am,True,REV,named_extreme_raid+htf_pd+mss,2025-11-17T07:15:00,bearish,6740.545,6780.554,allowlist:not_on_mint_allowlist,pdh,bearish,qualified,D_FVG_bull_2025-11-11,1.9750056237346598,2.0,target,40.009000000000015,0.02499437626534029,sha256:1347cc7f50d6c60f,kernel_ticket:pass:kernel_session_ticket|direction:pass:determined|risk:pass:within_caps|allowlist:FAIL:not_on_mint_allowlist|mode:pass:paper|contract:FAIL:hermes_integration_i0_ftn_never_actionable,"{""m1_correct_side_of_eq"": true, ""m2_false_breakout"": false, ""m4_fvg_in_displacement"": true, ""m3_iof_aligned"": false, ""m5_ipda20_discount"": false, ""m6_with_20d_swing"": false, ""m7_osok_profile"": true, ""m8_cbdr_tight"": false, ""m8_ny_continues_london"": false, ""m10_us500_confirms"": null, ""m11_smt_divergence"": null, ""m12_topdown_agree"": true, ""m13_bridge_window_fvg"": false}"
2025-11-18,US500,london,True,REV,named_extreme_raid+htf_pd+mss,2025-11-18T02:15:00,bullish,6620.742,6614.039,allowlist:not_on_mint_allowlist,pdl,bearish,aligned,D_FVG_bull_2025-10-21,1.850813068775185,2.0,target,6.703000000000429,0.14918693122481516,sha256:116c64357be11c92,kernel_ticket:pass:kernel_session_ticket|direction:pass:determined|risk:pass:within_caps|allowlist:FAIL:not_on_mint_allowlist|mode:pass:paper|contract:FAIL:hermes_integration_i0_ftn_never_actionable,"{""m1_correct_side_of_eq"": true, ""m2_false_breakout"": true, ""m4_fvg_in_displacement"": false, ""m3_iof_aligned"": true, ""m5_ipda20_discount"": true, ""m6_with_20d_swing"": false, ""m7_osok_profile"": true, ""m8_cbdr_tight"": false, ""m8_ny_continues_london"": null, ""m10_us500_confirms"": null, ""m11_smt_divergence"": null, ""m12_topdown_agree"": false, ""m13_bridge_window_fvg"": false}"
2025-11-18,US500,ny_am,True,REV,named_extreme_raid+htf_pd+mss,2025-11-18T10:00:00,bullish,6602.433,6601.133,allowlist:not_on_mint_allowlist,pdl,bearish,aligned,D_FVG_bull_2025-10-21,-1.7692307692306617,-1.0,stop,1.300000000000182,0.7692307692306616,sha256:09ac26e32309469e,kernel_ticket:pass:kernel_session_ticket|direction:pass:determined|risk:pass:within_caps|allowlist:FAIL:not_on_mint_allowlist|mode:pass:paper|contract:FAIL:hermes_integration_i0_ftn_never_actionable,"{""m1_correct_side_of_eq"": true, ""m2_false_breakout"": true, ""m4_fvg_in_displacement"": true, ""m3_iof_aligned"": true, ""m5_ipda20_discount"": true, ""m6_with_20d_swing"": false, ""m7_osok_profile"": true, ""m8_cbdr_tight"": false, ""m8_ny_continues_london"": true, ""m10_us500_confirms"": null, ""m11_smt_divergence"": null, ""m12_topdown_agree"": false, ""m13_bridge_window_fvg"": true}"
2025-11-21,US500,ny_am,True,REV,named_extreme_raid+htf_pd+mss,2025-11-21T07:15:00,bullish,6527.154,6506.354,allowlist:not_on_mint_allowlist,pdl,bearish,aligned,D_FVG_bull_2025-11-11,1.9519230769230773,2.0,target,20.800000000000182,0.048076923076922656,sha256:5e9ab1efe1cb5416,kernel_ticket:pass:kernel_session_ticket|direction:pass:determined|risk:pass:within_caps|allowlist:FAIL:not_on_mint_allowlist|mode:pass:paper|contract:FAIL:hermes_integration_i0_ftn_never_actionable,"{""m1_correct_side_of_eq"": true, ""m2_false_breakout"": false, ""m4_fvg_in_displacement"": true, ""m3_iof_aligned"": true, ""m5_ipda20_discount"": true, ""m6_with_20d_swing"": false, ""m7_osok_profile"": false, ""m8_cbdr_tight"": false, ""m8_ny_continues_london"": false, ""m10_us500_confirms"": null, ""m11_smt_divergence"": null, ""m12_topdown_agree"": false, ""m13_bridge_window_fvg"": false}"
2025-12-05,US500,london,True,REV,named_extreme_raid+htf_pd+mss,2025-12-05T02:15:00,bearish,6872.045,6875.848,allowlist:not_on_mint_allowlist,pdh,bullish,qualified,D_FVG_bear_2025-11-14,-1.2629503023928559,-1.0,stop,3.8029999999998836,0.26295030239285583,sha256:ff0bc8e5d1c96d71,kernel_ticket:pass:kernel_session_ticket|direction:pass:determined|risk:pass:within_caps|allowlist:FAIL:not_on_mint_allowlist|mode:pass:paper|contract:FAIL:hermes_integration_i0_ftn_never_actionable,"{""m1_correct_side_of_eq"": true, ""m2_false_breakout"": false, ""m4_fvg_in_displacement"": false, ""m3_iof_aligned"": false, ""m5_ipda20_discount"": true, ""m6_with_20d_swing"": false, ""m7_osok_profile"": false, ""m8_cbdr_tight"": true, ""m8_ny_continues_london"": null, ""m10_us500_confirms"": null, ""m11_smt_divergence"": null, ""m12_topdown_agree"": false, ""m13_bridge_window_fvg"": false}"
2025-12-05,US500,ny_am,True,REV,named_extreme_raid+htf_pd+mss,2025-12-05T10:00:00,bearish,6880.539,6883.154,allowlist:not_on_mint_allowlist,pdh,bullish,aligned,D_FVG_bear_2025-11-14,-1.3824091778201666,-1.0,stop,2.615000000000691,0.3824091778201666,sha256:0ffe1bc87091bb79,kernel_ticket:pass:kernel_session_ticket|direction:pass:determined|risk:pass:within_caps|allowlist:FAIL:not_on_mint_allowlist|mode:pass:paper|contract:FAIL:hermes_integration_i0_ftn_never_actionable,"{""m1_correct_side_of_eq"": true, ""m2_false_breakout"": false, ""m4_fvg_in_displacement"": true, ""m3_iof_aligned"": true, ""m5_ipda20_discount"": true, ""m6_with_20d_swing"": false, ""m7_osok_profile"": false, ""m8_cbdr_tight"": true, ""m8_ny_continues_london"": true, ""m10_us500_confirms"": null, ""m11_smt_divergence"": null, ""m12_topdown_agree"": false, ""m13_bridge_window_fvg"": true}"
2025-12-11,US500,ny_am,True,REV,named_extreme_raid+htf_pd+mss,2025-12-11T07:15:00,bullish,6861.054,6820.739,allowlist:not_on_mint_allowlist,pdl,bullish,aligned,D_FVG_bear_2025-11-14,1.0090288974327069,1.0338335607094025,time,40.31500000000051,0.024804663276695706,sha256:af277336d67d5ca0,kernel_ticket:pass:kernel_session_ticket|direction:pass:determined|risk:pass:within_caps|allowlist:FAIL:not_on_mint_allowlist|mode:pass:paper|contract:FAIL:hermes_integration_i0_ftn_never_actionable,"{""m1_correct_side_of_eq"": true, ""m2_false_breakout"": true, ""m4_fvg_in_displacement"": true, ""m3_iof_aligned"": true, ""m5_ipda20_discount"": false, ""m6_with_20d_swing"": true, ""m7_osok_profile"": false, ""m8_cbdr_tight"": false, ""m8_ny_continues_london"": true, ""m10_us500_confirms"": null, ""m11_smt_divergence"": null, ""m12_topdown_agree"": true, ""m13_bridge_window_fvg"": false}"
2025-12-16,US500,london,True,REV,named_extreme_raid+htf_pd+mss,2025-12-16T02:45:00,bullish,6772.133,6770.433,allowlist:not_on_mint_allowlist,pdl,bearish,qualified,D_FVG_bull_2025-12-01,1.41176470588229,2.0,target,1.699999999999818,0.58823529411771,sha256:a754079167d43255,kernel_ticket:pass:kernel_session_ticket|direction:pass:determined|risk:pass:within_caps|allowlist:FAIL:not_on_mint_allowlist|mode:pass:paper|contract:FAIL:hermes_integration_i0_ftn_never_actionable,"{""m1_correct_side_of_eq"": true, ""m2_false_breakout"": false, ""m4_fvg_in_displacement"": true, ""m3_iof_aligned"": false, ""m5_ipda20_discount"": false, ""m6_with_20d_swing"": true, ""m7_osok_profile"": true, ""m8_cbdr_tight"": true, ""m8_ny_continues_london"": null, ""m10_us500_confirms"": null, ""m11_smt_divergence"": null, ""m12_topdown_agree"": false, ""m13_bridge_window_fvg"": false}"
2025-12-19,US500,ny_am,True,REV,named_extreme_raid+htf_pd+mss,2025-12-19T10:00:00,bearish,6827.099,6829.054,allowlist:not_on_mint_allowlist,pdh,bullish,aligned,D_FVG_bull_2025-12-01,-1.5115089514066686,-1.0,stop,1.9549999999999272,0.5115089514066686,sha256:b1c38e3c95ccb089,kernel_ticket:pass:kernel_session_ticket|direction:pass:determined|risk:pass:within_caps|allowlist:FAIL:not_on_mint_allowlist|mode:pass:paper|contract:FAIL:hermes_integration_i0_ftn_never_actionable,"{""m1_correct_side_of_eq"": true, ""m2_false_breakout"": false, ""m4_fvg_in_displacement"": false, ""m3_iof_aligned"": true, ""m5_ipda20_discount"": true, ""m6_with_20d_swing"": false, ""m7_osok_profile"": false, ""m8_cbdr_tight"": false, ""m8_ny_continues_london"": false, ""m10_us500_confirms"": null, ""m11_smt_divergence"": null, ""m12_topdown_agree"": false, ""m13_bridge_window_fvg"": false}"
2025-12-22,US500,ny_am,True,REV,named_extreme_raid+htf_pd+mss,2025-12-22T07:15:00,bearish,6856.754,6860.499,allowlist:not_on_mint_allowlist,pdh,bullish,qualified,D_FVG_bull_2025-12-01,-1.2670226969292468,-1.0,stop,3.744999999999891,0.2670226969292468,sha256:6ddc489b6b987046,kernel_ticket:pass:kernel_session_ticket|direction:pass:determined|risk:pass:within_caps|allowlist:FAIL:not_on_mint_allowlist|mode:pass:paper|contract:FAIL:hermes_integration_i0_ftn_never_actionable,"{""m1_correct_side_of_eq"": true, ""m2_false_breakout"": false, ""m4_fvg_in_displacement"": false, ""m3_iof_aligned"": false, ""m5_ipda20_discount"": true, ""m6_with_20d_swing"": false, ""m7_osok_profile"": true, ""m8_cbdr_tight"": true, ""m8_ny_continues_london"": false, ""m10_us500_confirms"": null, ""m11_smt_divergence"": null, ""m12_topdown_agree"": false, ""m13_bridge_window_fvg"": false}"
2025-12-23,US500,ny_am,True,REV,named_extreme_raid+htf_pd+mss,2025-12-23T07:15:00,bearish,6874.036,6884.554,allowlist:not_on_mint_allowlist,pdh,bullish,qualified,D_FVG_bull_2025-12-22,-1.0950751093363755,-1.0,stop,10.518000000000029,0.09507510933637547,sha256:e2d959dc464140b7,kernel_ticket:pass:kernel_session_ticket|direction:pass:determined|risk:pass:within_caps|allowlist:FAIL:not_on_mint_allowlist|mode:pass:paper|contract:FAIL:hermes_integration_i0_ftn_never_actionable,"{""m1_correct_side_of_eq"": true, ""m2_false_breakout"": false, ""m4_fvg_in_displacement"": true, ""m3_iof_aligned"": false, ""m5_ipda20_discount"": true, ""m6_with_20d_swing"": false, ""m7_osok_profile"": true, ""m8_cbdr_tight"": true, ""m8_ny_continues_london"": false, ""m10_us500_confirms"": null, ""m11_smt_divergence"": null, ""m12_topdown_agree"": false, ""m13_bridge_window_fvg"": false}"
2025-12-26,US500,ny_am,True,REV,named_extreme_raid+htf_pd+mss,2025-12-26T07:15:00,bearish,6929.054,6933.742,allowlist:not_on_mint_allowlist,pdh,bullish,qualified,D_FVG_bull_2025-12-23,-1.2133105802047734,-1.0,stop,4.688000000000102,0.21331058020477353,sha256:f137afc047e8bde1,kernel_ticket:pass:kernel_session_ticket|direction:pass:determined|risk:pass:within_caps|allowlist:FAIL:not_on_mint_allowlist|mode:pass:paper|contract:FAIL:hermes_integration_i0_ftn_never_actionable,"{""m1_correct_side_of_eq"": true, ""m2_false_breakout"": false, ""m4_fvg_in_displacement"": true, ""m3_iof_aligned"": false, ""m5_ipda20_discount"": true, ""m6_with_20d_swing"": false, ""m7_osok_profile"": false, ""m8_cbdr_tight"": true, ""m8_ny_continues_london"": false, ""m10_us500_confirms"": null, ""m11_smt_divergence"": null, ""m12_topdown_agree"": false, ""m13_bridge_window_fvg"": false}"
2025-12-31,US500,london,True,REV,named_extreme_raid+htf_pd+mss,2025-12-31T02:15:00,bullish,6881.439,6879.133,allowlist:not_on_mint_allowlist,pdl,bearish,aligned,D_FVG_bull_2025-12-26,1.5663486556809256,2.0,target,2.3060000000004948,0.43365134431907437,sha256:159bdb156ab48e8b,kernel_ticket:pass:kernel_session_ticket|direction:pass:determined|risk:pass:within_caps|allowlist:FAIL:not_on_mint_allowlist|mode:pass:paper|contract:FAIL:hermes_integration_i0_ftn_never_actionable,"{""m1_correct_side_of_eq"": true, ""m2_false_breakout"": false, ""m4_fvg_in_displacement"": false, ""m3_iof_aligned"": true, ""m5_ipda20_discount"": false, ""m6_with_20d_swing"": true, ""m7_osok_profile"": true, ""m8_cbdr_tight"": false, ""m8_ny_continues_london"": null, ""m10_us500_confirms"": null, ""m11_smt_divergence"": null, ""m12_topdown_agree"": false, ""m13_bridge_window_fvg"": false}"
2025-12-31,US500,ny_am,True,REV,named_extreme_raid+htf_pd+mss,2025-12-31T07:15:00,bullish,6884.999,6874.942,allowlist:not_on_mint_allowlist,pdl,bearish,qualified,D_FVG_bear_2025-12-30,-1.0994332305856638,-1.0,stop,10.056999999999789,0.09943323058566382,sha256:53c2caf4cb5f9c06,kernel_ticket:pass:kernel_session_ticket|direction:pass:determined|risk:pass:within_caps|allowlist:FAIL:not_on_mint_allowlist|mode:pass:paper|contract:FAIL:hermes_integration_i0_ftn_never_actionable,"{""m1_correct_side_of_eq"": true, ""m2_false_breakout"": false, ""m4_fvg_in_displacement"": false, ""m3_iof_aligned"": false, ""m5_ipda20_discount"": false, ""m6_with_20d_swing"": true, ""m7_osok_profile"": true, ""m8_cbdr_tight"": false, ""m8_ny_continues_london"": false, ""m10_us500_confirms"": null, ""m11_smt_divergence"": null, ""m12_topdown_agree"": false, ""m13_bridge_window_fvg"": false}"
2026-01-05,US500,ny_am,True,REV,named_extreme_raid+htf_pd+mss,2026-01-05T10:00:00,bearish,6897.036,6906.245,allowlist:not_on_mint_allowlist,pdh,bullish,aligned,D_FVG_bull_2025-12-23,-1.1085894233901639,-1.0,stop,9.208999999999833,0.10858942339016377,sha256:da061ca9fc0858c7,kernel_ticket:pass:kernel_session_ticket|direction:pass:determined|risk:pass:within_caps|allowlist:FAIL:not_on_mint_allowlist|mode:pass:paper|contract:FAIL:hermes_integration_i0_ftn_never_actionable,"{""m1_correct_side_of_eq"": true, ""m2_false_breakout"": false, ""m4_fvg_in_displacement"": false, ""m3_iof_aligned"": true, ""m5_ipda20_discount"": true, ""m6_with_20d_swing"": false, ""m7_osok_profile"": true, ""m8_cbdr_tight"": false, ""m8_ny_continues_london"": true, ""m10_us500_confirms"": null, ""m11_smt_divergence"": null, ""m12_topdown_agree"": false, ""m13_bridge_window_fvg"": false}"
2026-01-07,US500,ny_am,True,REV,named_extreme_raid+htf_pd+mss,2026-01-07T10:00:00,bearish,6951.045,6957.151,allowlist:not_on_mint_allowlist,pdh,bullish,aligned,D_FVG_bear_2025-12-30,1.8362266622993715,2.0,target,6.105999999999767,0.16377333770062857,sha256:66eeb6d44907e115,kernel_ticket:pass:kernel_session_ticket|direction:pass:determined|risk:pass:within_caps|allowlist:FAIL:not_on_mint_allowlist|mode:pass:paper|contract:FAIL:hermes_integration_i0_ftn_never_actionable,"{""m1_correct_side_of_eq"": true, ""m2_false_breakout"": false, ""m4_fvg_in_displacement"": false, ""m3_iof_aligned"": true, ""m5_ipda20_discount"": true, ""m6_with_20d_swing"": false, ""m7_osok_profile"": true, ""m8_cbdr_tight"": true, ""m8_ny_continues_london"": true, ""m10_us500_confirms"": null, ""m11_smt_divergence"": null, ""m12_topdown_agree"": false, ""m13_bridge_window_fvg"": false}"
2026-01-08,US500,london,True,REV,named_extreme_raid+htf_pd+mss,2026-01-08T02:15:00,bullish,6901.445,6893.242,allowlist:not_on_mint_allowlist,pdl,bearish,aligned,D_FVG_bear_2025-12-30,1.8780933804705524,2.0,target,8.20299999999952,0.12190661952944759,sha256:53a508f1b270629b,kernel_ticket:pass:kernel_session_ticket|direction:pass:determined|risk:pass:within_caps|allowlist:FAIL:not_on_mint_allowlist|mode:pass:paper|contract:FAIL:hermes_integration_i0_ftn_never_actionable,"{""m1_correct_side_of_eq"": true, ""m2_false_breakout"": false, ""m4_fvg_in_displacement"": true, ""m3_iof_aligned"": true, ""m5_ipda20_discount"": false, ""m6_with_20d_swing"": true, ""m7_osok_profile"": false, ""m8_cbdr_tight"": false, ""m8_ny_continues_london"": null, ""m10_us500_confirms"": null, ""m11_smt_divergence"": null, ""m12_topdown_agree"": false, ""m13_bridge_window_fvg"": false}"
2026-01-08,US500,ny_am,True,REV,named_extreme_raid+htf_pd+mss,2026-01-08T10:00:00,bullish,6908.536,6893.242,allowlist:not_on_mint_allowlist,pdl,bearish,aligned,D_FVG_bear_2025-12-30,0.6514319340917892,0.716817052438854,time,15.293999999999869,0.06538511834706477,sha256:e5d3a9fe2885a339,kernel_ticket:pass:kernel_session_ticket|direction:pass:determined|risk:pass:within_caps|allowlist:FAIL:not_on_mint_allowlist|mode:pass:paper|contract:FAIL:hermes_integration_i0_ftn_never_actionable,"{""m1_correct_side_of_eq"": true, ""m2_false_breakout"": false, ""m4_fvg_in_displacement"": true, ""m3_iof_aligned"": true, ""m5_ipda20_discount"": false, ""m6_with_20d_swing"": true, ""m7_osok_profile"": false, ""m8_cbdr_tight"": false, ""m8_ny_continues_london"": true, ""m10_us500_confirms"": null, ""m11_smt_divergence"": null, ""m12_topdown_agree"": false, ""m13_bridge_window_fvg"": true}"
2026-01-12,US500,ny_am,True,REV,named_extreme_raid+htf_pd+mss,2026-01-12T10:00:00,bullish,6961.499,6910.151,allowlist:not_on_mint_allowlist,pdl,bullish,aligned,D_FVG_bear_2025-12-30,0.28345797304666787,0.30293292825427093,time,51.347999999999956,0.019474955207603038,sha256:6897fc113a7b5e60,kernel_ticket:pass:kernel_session_ticket|direction:pass:determined|risk:pass:within_caps|allowlist:FAIL:not_on_mint_allowlist|mode:pass:paper|contract:FAIL:hermes_integration_i0_ftn_never_actionable,"{""m1_correct_side_of_eq"": false, ""m2_false_breakout"": false, ""m4_fvg_in_displacement"": true, ""m3_iof_aligned"": true, ""m5_ipda20_discount"": false, ""m6_with_20d_swing"": true, ""m7_osok_profile"": true, ""m8_cbdr_tight"": true, ""m8_ny_continues_london"": false, ""m10_us500_confirms"": null, ""m11_smt_divergence"": null, ""m12_topdown_agree"": true, ""m13_bridge_window_fvg"": true}"
2026-01-13,US500,ny_am,True,REV,named_extreme_raid+htf_pd+mss,2026-01-13T10:00:00,bearish,6967.239,6998.754,allowlist:not_on_mint_allowlist,pdh,bullish,qualified,D_FVG_bear_2025-12-30,0.08211962557511379,0.11385054735839127,time,31.515000000000327,0.03173092178327747,sha256:2861da6988e4ee1f,kernel_ticket:pass:kernel_session_ticket|direction:pass:determined|risk:pass:within_caps|allowlist:FAIL:not_on_mint_allowlist|mode:pass:paper|contract:FAIL:hermes_integration_i0_ftn_never_actionable,"{""m1_correct_side_of_eq"": true, ""m2_false_breakout"": true, ""m4_fvg_in_displacement"": true, ""m3_iof_aligned"": false, ""m5_ipda20_discount"": true, ""m6_with_20d_swing"": false, ""m7_osok_profile"": true, ""m8_cbdr_tight"": false, ""m8_ny_continues_london"": true, ""m10_us500_confirms"": null, ""m11_smt_divergence"": null, ""m12_topdown_agree"": false, ""m13_bridge_window_fvg"": true}"
2026-01-14,US500,ny_am,True,REV,named_extreme_raid+htf_pd+mss,2026-01-14T10:00:00,bullish,6911.351,6910.233,allowlist:not_on_mint_allowlist,pdl,bearish,aligned,D_FVG_bear_2025-12-30,-1.8944543828268892,-1.0,stop,1.1179999999994834,0.8944543828268892,sha256:54df9cc886abd2f2,kernel_ticket:pass:kernel_session_ticket|direction:pass:determined|risk:pass:within_caps|allowlist:FAIL:not_on_mint_allowlist|mode:pass:paper|contract:FAIL:hermes_integration_i0_ftn_never_actionable,"{""m1_correct_side_of_eq"": true, ""m2_false_breakout"": false, ""m4_fvg_in_displacement"": true, ""m3_iof_aligned"": true, ""m5_ipda20_discount"": false, ""m6_with_20d_swing"": true, ""m7_osok_profile"": true, ""m8_cbdr_tight"": false, ""m8_ny_continues_london"": true, ""m10_us500_confirms"": null, ""m11_smt_divergence"": null, ""m12_topdown_agree"": false, ""m13_bridge_window_fvg"": true}"
2026-01-20,US500,london,True,REV,named_extreme_raid+htf_pd+mss,2026-01-20T02:15:00,bullish,6848.736,6842.733,allowlist:not_on_mint_allowlist,pdl,bearish,aligned,D_FVG_bull_2025-12-26,-1.1665833749791854,-1.0,stop,6.002999999999702,0.16658337497918535,sha256:8d379e53cc7e591d,kernel_ticket:pass:kernel_session_ticket|direction:pass:determined|risk:pass:within_caps|allowlist:FAIL:not_on_mint_allowlist|mode:pass:paper|contract:FAIL:hermes_integration_i0_ftn_never_actionable,"{""m1_correct_side_of_eq"": true, ""m2_false_breakout"": false, ""m4_fvg_in_displacement"": false, ""m3_iof_aligned"": true, ""m5_ipda20_discount"": true, ""m6_with_20d_swing"": true, ""m7_osok_profile"": true, ""m8_cbdr_tight"": false, ""m8_ny_continues_london"": null, ""m10_us500_confirms"": null, ""m11_smt_divergence"": null, ""m12_topdown_agree"": false, ""m13_bridge_window_fvg"": false}"
2026-01-20,US500,ny_am,True,REV,named_extreme_raid+htf_pd+mss,2026-01-20T07:15:00,bullish,6842.548,6810.933,allowlist:not_on_mint_allowlist,pdl,bearish,qualified,D_FVG_bull_2025-12-26,-1.0316305551162426,-1.0,stop,31.61499999999978,0.031630555116242506,sha256:a541d1f4545f3dc2,kernel_ticket:pass:kernel_session_ticket|direction:pass:determined|risk:pass:within_caps|allowlist:FAIL:not_on_mint_allowlist|mode:pass:paper|contract:FAIL:hermes_integration_i0_ftn_never_actionable,"{""m1_correct_side_of_eq"": true, ""m2_false_breakout"": false, ""m4_fvg_in_displacement"": true, ""m3_iof_aligned"": false, ""m5_ipda20_discount"": true, ""m6_with_20d_swing"": true, ""m7_osok_profile"": true, ""m8_cbdr_tight"": false, ""m8_ny_continues_london"": false, ""m10_us500_confirms"": null, ""m11_smt_divergence"": null, ""m12_topdown_agree"": false, ""m13_bridge_window_fvg"": false}"
2026-01-21,US500,ny_am,True,REV,named_extreme_raid+htf_pd+mss,2026-01-21T07:15:00,bullish,6789.148,6782.245,allowlist:not_on_mint_allowlist,pdl,bearish,aligned,D_FVG_bull_2025-12-22,-1.1448645516442075,-1.0,stop,6.903000000000247,0.14486455164420747,sha256:801accf7000e3247,kernel_ticket:pass:kernel_session_ticket|direction:pass:determined|risk:pass:within_caps|allowlist:FAIL:not_on_mint_allowlist|mode:pass:paper|contract:FAIL:hermes_integration_i0_ftn_never_actionable,"{""m1_correct_side_of_eq"": true, ""m2_false_breakout"": false, ""m4_fvg_in_displacement"": false, ""m3_iof_aligned"": true, ""m5_ipda20_discount"": true, ""m6_with_20d_swing"": true, ""m7_osok_profile"": true, ""m8_cbdr_tight"": false, ""m8_ny_continues_london"": false, ""m10_us500_confirms"": null, ""m11_smt_divergence"": null, ""m12_topdown_agree"": false, ""m13_bridge_window_fvg"": false}"
2026-01-22,US500,ny_am,True,REV,named_extreme_raid+htf_pd+mss,2026-01-22T07:15:00,bearish,6909.451,6923.242,allowlist:not_on_mint_allowlist,pdh,bullish,qualified,D_FVG_bull_2025-12-23,-1.0725110579363344,-1.0,stop,13.791000000000167,0.07251105793633442,sha256:c5e6aca3fb5eb653,kernel_ticket:pass:kernel_session_ticket|direction:pass:determined|risk:pass:within_caps|allowlist:FAIL:not_on_mint_allowlist|mode:pass:paper|contract:FAIL:hermes_integration_i0_ftn_never_actionable,"{""m1_correct_side_of_eq"": true, ""m2_false_breakout"": true, ""m4_fvg_in_displacement"": true, ""m3_iof_aligned"": false, ""m5_ipda20_discount"": true, ""m6_with_20d_swing"": false, ""m7_osok_profile"": false, ""m8_cbdr_tight"": false, ""m8_ny_continues_london"": false, ""m10_us500_confirms"": null, ""m11_smt_divergence"": null, ""m12_topdown_agree"": false, ""m13_bridge_window_fvg"": false}"
2026-01-26,US500,ny_am,True,REV,named_extreme_raid+htf_pd+mss,2026-01-26T07:15:00,bullish,6913.199,6889.951,allowlist:not_on_mint_allowlist,pdl,bullish,aligned,D_FVG_bear_2026-01-20,1.9569855471438395,2.0,target,23.247999999999593,0.04301445285616042,sha256:d866d12a28ee294e,kernel_ticket:pass:kernel_session_ticket|direction:pass:determined|risk:pass:within_caps|allowlist:FAIL:not_on_mint_allowlist|mode:pass:paper|contract:FAIL:hermes_integration_i0_ftn_never_actionable,"{""m1_correct_side_of_eq"": false, ""m2_false_breakout"": true, ""m4_fvg_in_displacement"": true, ""m3_iof_aligned"": true, ""m5_ipda20_discount"": false, ""m6_with_20d_swing"": true, ""m7_osok_profile"": true, ""m8_cbdr_tight"": true, ""m8_ny_continues_london"": false, ""m10_us500_confirms"": null, ""m11_smt_divergence"": null, ""m12_topdown_agree"": true, ""m13_bridge_window_fvg"": false}"
2026-01-27,US500,london,True,REV,named_extreme_raid+htf_pd+mss,2026-01-27T02:15:00,bearish,6971.651,6977.454,allowlist:not_on_mint_allowlist,pdh,bullish,qualified,D_FVG_bear_2026-01-21,1.8276753403411994,2.0,target,5.802999999999884,0.17232465965880064,sha256:cf1a58856b16f1ad,kernel_ticket:pass:kernel_session_ticket|direction:pass:determined|risk:pass:within_caps|allowlist:FAIL:not_on_mint_allowlist|mode:pass:paper|contract:FAIL:hermes_integration_i0_ftn_never_actionable,"{""m1_correct_side_of_eq"": true, ""m2_false_breakout"": false, ""m4_fvg_in_displacement"": true, ""m3_iof_aligned"": false, ""m5_ipda20_discount"": true, ""m6_with_20d_swing"": false, ""m7_osok_profile"": true, ""m8_cbdr_tight"": true, ""m8_ny_continues_london"": null, ""m10_us500_confirms"": null, ""m11_smt_divergence"": null, ""m12_topdown_agree"": false, ""m13_bridge_window_fvg"": false}"
2026-01-27,US500,ny_am,True,REV,named_extreme_raid+htf_pd+mss,2026-01-27T10:00:00,bearish,6975.039,6978.799,allowlist:not_on_mint_allowlist,pdh,bullish,aligned,D_FVG_bear_2026-01-21,-1.2659574468084953,-1.0,stop,3.7600000000002183,0.2659574468084952,sha256:79b20fa972ceae72,kernel_ticket:pass:kernel_session_ticket|direction:pass:determined|risk:pass:within_caps|allowlist:FAIL:not_on_mint_allowlist|mode:pass:paper|contract:FAIL:hermes_integration_i0_ftn_never_actionable,"{""m1_correct_side_of_eq"": true, ""m2_false_breakout"": false, ""m4_fvg_in_displacement"": true, ""m3_iof_aligned"": true, ""m5_ipda20_discount"": true, ""m6_with_20d_swing"": false, ""m7_osok_profile"": true, ""m8_cbdr_tight"": true, ""m8_ny_continues_london"": true, ""m10_us500_confirms"": null, ""m11_smt_divergence"": null, ""m12_topdown_agree"": false, ""m13_bridge_window_fvg"": true}"
2026-01-28,US500,london,True,REV,named_extreme_raid+htf_pd+mss,2026-01-28T02:15:00,bearish,7007.054,7014.399,allowlist:not_on_mint_allowlist,pdh,bullish,aligned,D_FVG_bull_2026-01-27,1.8638529611980987,2.0,target,7.345000000000255,0.13614703880190135,sha256:1ab73caac03c877b,kernel_ticket:pass:kernel_session_ticket|direction:pass:determined|risk:pass:within_caps|allowlist:FAIL:not_on_mint_allowlist|mode:pass:paper|contract:FAIL:hermes_integration_i0_ftn_never_actionable,"{""m1_correct_side_of_eq"": true, ""m2_false_breakout"": false, ""m4_fvg_in_displacement"": false, ""m3_iof_aligned"": true, ""m5_ipda20_discount"": true, ""m6_with_20d_swing"": false, ""m7_osok_profile"": true, ""m8_cbdr_tight"": true, ""m8_ny_continues_london"": null, ""m10_us500_confirms"": null, ""m11_smt_divergence"": null, ""m12_topdown_agree"": false, ""m13_bridge_window_fvg"": false}"
2026-01-28,US500,ny_am,True,REV,named_extreme_raid+htf_pd+mss,2026-01-28T07:15:00,bearish,6998.354,7014.399,allowlist:not_on_mint_allowlist,pdh,bullish,qualified,D_FVG_bull_2026-01-27,1.937675288251792,2.0,target,16.045000000000073,0.06232471174820788,sha256:71840722159127b4,kernel_ticket:pass:kernel_session_ticket|direction:pass:determined|risk:pass:within_caps|allowlist:FAIL:not_on_mint_allowlist|mode:pass:paper|contract:FAIL:hermes_integration_i0_ftn_never_actionable,"{""m1_correct_side_of_eq"": true, ""m2_false_breakout"": false, ""m4_fvg_in_displacement"": false, ""m3_iof_aligned"": false, ""m5_ipda20_discount"": true, ""m6_with_20d_swing"": false, ""m7_osok_profile"": true, ""m8_cbdr_tight"": true, ""m8_ny_continues_london"": true, ""m10_us500_confirms"": null, ""m11_smt_divergence"": null, ""m12_topdown_agree"": false, ""m13_bridge_window_fvg"": false}"
2026-02-02,US500,london,True,REV,named_extreme_raid+htf_pd+mss,2026-02-02T02:15:00,bullish,6856.454,6837.951,allowlist:not_on_mint_allowlist,pdl,bearish,aligned,D_FVG_bear_2026-01-20,1.9459547100470185,2.0,target,18.5029999999997,0.05404528995298147,sha256:56f9e8fd5a1dd5df,kernel_ticket:pass:kernel_session_ticket|direction:pass:determined|risk:pass:within_caps|allowlist:FAIL:not_on_mint_allowlist|mode:pass:paper|contract:FAIL:hermes_integration_i0_ftn_never_actionable,"{""m1_correct_side_of_eq"": true, ""m2_false_breakout"": false, ""m4_fvg_in_displacement"": false, ""m3_iof_aligned"": true, ""m5_ipda20_discount"": true, ""m6_with_20d_swing"": true, ""m7_osok_profile"": true, ""m8_cbdr_tight"": false, ""m8_ny_continues_london"": null, ""m10_us500_confirms"": null, ""m11_smt_divergence"": null, ""m12_topdown_agree"": false, ""m13_bridge_window_fvg"": false}"
2026-02-03,US500,london,True,REV,named_extreme_raid+htf_pd+mss,2026-02-03T03:15:00,bearish,7001.448,7003.254,allowlist:not_on_mint_allowlist,pdh,bullish,aligned,D_FVG_bull_2026-01-27,1.4462901439644353,2.0,target,1.8059999999995853,0.5537098560355646,sha256:14ced54d2a3576c3,kernel_ticket:pass:kernel_session_ticket|direction:pass:determined|risk:pass:within_caps|allowlist:FAIL:not_on_mint_allowlist|mode:pass:paper|contract:FAIL:hermes_integration_i0_ftn_never_actionable,"{""m1_correct_side_of_eq"": true, ""m2_false_breakout"": false, ""m4_fvg_in_displacement"": false, ""m3_iof_aligned"": true, ""m5_ipda20_discount"": true, ""m6_with_20d_swing"": false, ""m7_osok_profile"": true, ""m8_cbdr_tight"": true, ""m8_ny_continues_london"": null, ""m10_us500_confirms"": null, ""m11_smt_divergence"": null, ""m12_topdown_agree"": false, ""m13_bridge_window_fvg"": false}"
2026-02-05,US500,ny_am,True,REV,named_extreme_raid+htf_pd+mss,2026-02-05T08:00:00,bullish,6847.339,6832.333,allowlist:not_on_mint_allowlist,pdl,bearish,aligned,D_FVG_bear_2026-01-20,-1.0666400106624003,-1.0,stop,15.006000000000313,0.06664001066240031,sha256:b8d1235902e20801,kernel_ticket:pass:kernel_session_ticket|direction:pass:determined|risk:pass:within_caps|allowlist:FAIL:not_on_mint_allowlist|mode:pass:paper|contract:FAIL:hermes_integration_i0_ftn_never_actionable,"{""m1_correct_side_of_eq"": true, ""m2_false_breakout"": true, ""m4_fvg_in_displacement"": false, ""m3_iof_aligned"": true, ""m5_ipda20_discount"": true, ""m6_with_20d_swing"": false, ""m7_osok_profile"": false, ""m8_cbdr_tight"": false, ""m8_ny_continues_london"": false, ""m10_us500_confirms"": null, ""m11_smt_divergence"": null, ""m12_topdown_agree"": false, ""m13_bridge_window_fvg"": false}"
2026-02-13,US500,london,True,REV,named_extreme_raid+htf_pd+mss,2026-02-13T02:15:00,bullish,6825.136,6805.799,allowlist:not_on_mint_allowlist,pdl,bearish,qualified,D_FVG_bear_2026-01-20,-1.0517143300408531,-1.0,stop,19.337000000000444,0.051714330040853136,sha256:3e3dfaa8f3fd8d9b,kernel_ticket:pass:kernel_session_ticket|direction:pass:determined|risk:pass:within_caps|allowlist:FAIL:not_on_mint_allowlist|mode:pass:paper|contract:FAIL:hermes_integration_i0_ftn_never_actionable,"{""m1_correct_side_of_eq"": true, ""m2_false_breakout"": false, ""m4_fvg_in_displacement"": true, ""m3_iof_aligned"": false, ""m5_ipda20_discount"": true, ""m6_with_20d_swing"": false, ""m7_osok_profile"": false, ""m8_cbdr_tight"": false, ""m8_ny_continues_london"": null, ""m10_us500_confirms"": null, ""m11_smt_divergence"": null, ""m12_topdown_agree"": false, ""m13_bridge_window_fvg"": false}"
2026-02-13,US500,ny_am,True,REV,named_extreme_raid+htf_pd+mss,2026-02-13T07:15:00,bullish,6812.399,6801.548,allowlist:not_on_mint_allowlist,pdl,bearish,aligned,D_FVG_bear_2026-01-20,1.9078425951525253,2.0,target,10.851000000000568,0.09215740484747467,sha256:5d3495a8cb1b63a2,kernel_ticket:pass:kernel_session_ticket|direction:pass:determined|risk:pass:within_caps|allowlist:FAIL:not_on_mint_allowlist|mode:pass:paper|contract:FAIL:hermes_integration_i0_ftn_never_actionable,"{""m1_correct_side_of_eq"": true, ""m2_false_breakout"": false, ""m4_fvg_in_displacement"": true, ""m3_iof_aligned"": true, ""m5_ipda20_discount"": true, ""m6_with_20d_swing"": false, ""m7_osok_profile"": false, ""m8_cbdr_tight"": false, ""m8_ny_continues_london"": true, ""m10_us500_confirms"": null, ""m11_smt_divergence"": null, ""m12_topdown_agree"": false, ""m13_bridge_window_fvg"": false}"
2026-02-17,US500,ny_am,True,REV,named_extreme_raid+htf_pd+mss,2026-02-17T10:00:00,bullish,6783.833,6781.842,allowlist:not_on_mint_allowlist,pdl,bearish,aligned,D_FVG_bear_2026-01-20,-1.5022601707684617,-1.0,stop,1.9909999999999854,0.5022601707684617,sha256:a9cf39b3294f3fe7,kernel_ticket:pass:kernel_session_ticket|direction:pass:determined|risk:pass:within_caps|allowlist:FAIL:not_on_mint_allowlist|mode:pass:paper|contract:FAIL:hermes_integration_i0_ftn_never_actionable,"{""m1_correct_side_of_eq"": true, ""m2_false_breakout"": true, ""m4_fvg_in_displacement"": true, ""m3_iof_aligned"": true, ""m5_ipda20_discount"": true, ""m6_with_20d_swing"": false, ""m7_osok_profile"": true, ""m8_cbdr_tight"": false, ""m8_ny_continues_london"": true, ""m10_us500_confirms"": null, ""m11_smt_divergence"": null, ""m12_topdown_agree"": false, ""m13_bridge_window_fvg"": true}"
2026-02-24,US500,ny_am,True,REV,named_extreme_raid+htf_pd+mss,2026-02-24T10:00:00,bullish,6847.954,6814.945,allowlist:not_on_mint_allowlist,pdl,bearish,aligned,D_FVG_bear_2026-02-13,1.2358447696082842,1.2661395377018343,time,33.009000000000015,0.03029476809355023,sha256:acf276d1f7c2c712,kernel_ticket:pass:kernel_session_ticket|direction:pass:determined|risk:pass:within_caps|allowlist:FAIL:not_on_mint_allowlist|mode:pass:paper|contract:FAIL:hermes_integration_i0_ftn_never_actionable,"{""m1_correct_side_of_eq"": true, ""m2_false_breakout"": true, ""m4_fvg_in_displacement"": false, ""m3_iof_aligned"": true, ""m5_ipda20_discount"": true, ""m6_with_20d_swing"": false, ""m7_osok_profile"": true, ""m8_cbdr_tight"": true, ""m8_ny_continues_london"": true, ""m10_us500_confirms"": null, ""m11_smt_divergence"": null, ""m12_topdown_agree"": false, ""m13_bridge_window_fvg"": false}"
2026-02-25,US500,ny_am,True,REV,named_extreme_raid+htf_pd+mss,2026-02-25T08:00:00,bearish,6913.942,6916.948,allowlist:not_on_mint_allowlist,pdh,bullish,aligned,D_FVG_bear_2026-02-13,-1.3326679973386213,-1.0,stop,3.006000000000313,0.3326679973386214,sha256:3439544aece57d27,kernel_ticket:pass:kernel_session_ticket|direction:pass:determined|risk:pass:within_caps|allowlist:FAIL:not_on_mint_allowlist|mode:pass:paper|contract:FAIL:hermes_integration_i0_ftn_never_actionable,"{""m1_correct_side_of_eq"": true, ""m2_false_breakout"": true, ""m4_fvg_in_displacement"": false, ""m3_iof_aligned"": true, ""m5_ipda20_discount"": true, ""m6_with_20d_swing"": true, ""m7_osok_profile"": true, ""m8_cbdr_tight"": true, ""m8_ny_continues_london"": false, ""m10_us500_confirms"": null, ""m11_smt_divergence"": null, ""m12_topdown_agree"": false, ""m13_bridge_window_fvg"": false}"
2026-02-26,US500,ny_am,True,REV,named_extreme_raid+htf_pd+mss,2026-02-26T09:30:00,bearish,6949.336,6959.051,allowlist:not_on_mint_allowlist,pdh,bullish,aligned,D_FVG_bear_2026-02-13,1.8970663921770474,2.0,target,9.715000000000146,0.10293360782295265,sha256:f19364d0efeb5e81,kernel_ticket:pass:kernel_session_ticket|direction:pass:determined|risk:pass:within_caps|allowlist:FAIL:not_on_mint_allowlist|mode:pass:paper|contract:FAIL:hermes_integration_i0_ftn_never_actionable,"{""m1_correct_side_of_eq"": true, ""m2_false_breakout"": true, ""m4_fvg_in_displacement"": false, ""m3_iof_aligned"": true, ""m5_ipda20_discount"": true, ""m6_with_20d_swing"": true, ""m7_osok_profile"": false, ""m8_cbdr_tight"": true, ""m8_ny_continues_london"": false, ""m10_us500_confirms"": null, ""m11_smt_divergence"": null, ""m12_topdown_agree"": false, ""m13_bridge_window_fvg"": false}"
2026-02-27,US500,ny_am,True,REV,named_extreme_raid+htf_pd+mss,2026-02-27T08:45:00,bullish,6847.536,6840.033,allowlist:not_on_mint_allowlist,pdl,bearish,aligned,D_FVG_bear_2026-02-13,-1.1332800213248087,-1.0,stop,7.502999999999702,0.1332800213248087,sha256:0c888d8df9d616e3,kernel_ticket:pass:kernel_session_ticket|direction:pass:determined|risk:pass:within_caps|allowlist:FAIL:not_on_mint_allowlist|mode:pass:paper|contract:FAIL:hermes_integration_i0_ftn_never_actionable,"{""m1_correct_side_of_eq"": true, ""m2_false_breakout"": false, ""m4_fvg_in_displacement"": false, ""m3_iof_aligned"": true, ""m5_ipda20_discount"": true, ""m6_with_20d_swing"": false, ""m7_osok_profile"": false, ""m8_cbdr_tight"": false, ""m8_ny_continues_london"": true, ""m10_us500_confirms"": null, ""m11_smt_divergence"": null, ""m12_topdown_agree"": false, ""m13_bridge_window_fvg"": false}"
2026-03-02,US500,london,True,REV,named_extreme_raid+htf_pd+mss,2026-03-02T02:15:00,bullish,6776.033,6771.742,allowlist:not_on_mint_allowlist,pdl,bearish,aligned,D_FVG_bear_2026-02-13,1.7669540899557303,2.0,target,4.291000000000167,0.23304591004426964,sha256:8247bbacaf416c67,kernel_ticket:pass:kernel_session_ticket|direction:pass:determined|risk:pass:within_caps|allowlist:FAIL:not_on_mint_allowlist|mode:pass:paper|contract:FAIL:hermes_integration_i0_ftn_never_actionable,"{""m1_correct_side_of_eq"": true, ""m2_false_breakout"": false, ""m4_fvg_in_displacement"": false, ""m3_iof_aligned"": true, ""m5_ipda20_discount"": true, ""m6_with_20d_swing"": false, ""m7_osok_profile"": true, ""m8_cbdr_tight"": false, ""m8_ny_continues_london"": null, ""m10_us500_confirms"": null, ""m11_smt_divergence"": null, ""m12_topdown_agree"": false, ""m13_bridge_window_fvg"": false}"
2026-03-06,US500,ny_am,True,REV,named_extreme_raid+htf_pd+mss,2026-03-06T09:00:00,bullish,6738.599,6730.999,allowlist:not_on_mint_allowlist,pdl,bearish,aligned,D_FVG_bear_2026-02-13,-1.1315789473684148,-1.0,stop,7.600000000000364,0.13157894736841474,sha256:e984e3b3f8888dcf,kernel_ticket:pass:kernel_session_ticket|direction:pass:determined|risk:pass:within_caps|allowlist:FAIL:not_on_mint_allowlist|mode:pass:paper|contract:FAIL:hermes_integration_i0_ftn_never_actionable,"{""m1_correct_side_of_eq"": true, ""m2_false_breakout"": false, ""m4_fvg_in_displacement"": false, ""m3_iof_aligned"": true, ""m5_ipda20_discount"": true, ""m6_with_20d_swing"": false, ""m7_osok_profile"": false, ""m8_cbdr_tight"": false, ""m8_ny_continues_london"": false, ""m10_us500_confirms"": null, ""m11_smt_divergence"": null, ""m12_topdown_agree"": false, ""m13_bridge_window_fvg"": false}"
2026-03-09,US500,ny_am,True,REV,named_extreme_raid+htf_pd+mss,2026-03-09T10:00:00,bullish,6652.751,6601.633,allowlist:not_on_mint_allowlist,pdl,bearish,aligned,D_FVG_bear_2026-02-13,1.9804374193043548,2.0,target,51.11800000000039,0.019562580695645218,sha256:2392c9271338949b,kernel_ticket:pass:kernel_session_ticket|direction:pass:determined|risk:pass:within_caps|allowlist:FAIL:not_on_mint_allowlist|mode:pass:paper|contract:FAIL:hermes_integration_i0_ftn_never_actionable,"{""m1_correct_side_of_eq"": true, ""m2_false_breakout"": false, ""m4_fvg_in_displacement"": true, ""m3_iof_aligned"": true, ""m5_ipda20_discount"": true, ""m6_with_20d_swing"": false, ""m7_osok_profile"": true, ""m8_cbdr_tight"": false, ""m8_ny_continues_london"": true, ""m10_us500_confirms"": null, ""m11_smt_divergence"": null, ""m12_topdown_agree"": false, ""m13_bridge_window_fvg"": true}"
2026-03-12,US500,london,True,REV,named_extreme_raid+htf_pd+mss,2026-03-12T02:15:00,bullish,6712.154,6703.133,allowlist:not_on_mint_allowlist,pdl,bearish,qualified,D_FVG_bear_2026-02-13,1.8891475446181212,2.0,target,9.02100000000064,0.11085245538187884,sha256:ebb1e410989a92bf,kernel_ticket:pass:kernel_session_ticket|direction:pass:determined|risk:pass:within_caps|allowlist:FAIL:not_on_mint_allowlist|mode:pass:paper|contract:FAIL:hermes_integration_i0_ftn_never_actionable,"{""m1_correct_side_of_eq"": true, ""m2_false_breakout"": false, ""m4_fvg_in_displacement"": true, ""m3_iof_aligned"": false, ""m5_ipda20_discount"": true, ""m6_with_20d_swing"": false, ""m7_osok_profile"": false, ""m8_cbdr_tight"": false, ""m8_ny_continues_london"": null, ""m10_us500_confirms"": null, ""m11_smt_divergence"": null, ""m12_topdown_agree"": false, ""m13_bridge_window_fvg"": false}"
2026-03-12,US500,ny_am,True,REV,named_extreme_raid+htf_pd+mss,2026-03-12T10:00:00,bullish,6698.899,6691.333,allowlist:not_on_mint_allowlist,pdl,bearish,aligned,D_FVG_bear_2026-02-13,1.8678297647369937,2.0,target,7.566000000000713,0.1321702352630063,sha256:49243db186ed39be,kernel_ticket:pass:kernel_session_ticket|direction:pass:determined|risk:pass:within_caps|allowlist:FAIL:not_on_mint_allowlist|mode:pass:paper|contract:FAIL:hermes_integration_i0_ftn_never_actionable,"{""m1_correct_side_of_eq"": true, ""m2_false_breakout"": false, ""m4_fvg_in_displacement"": true, ""m3_iof_aligned"": true, ""m5_ipda20_discount"": true, ""m6_with_20d_swing"": false, ""m7_osok_profile"": false, ""m8_cbdr_tight"": false, ""m8_ny_continues_london"": true, ""m10_us500_confirms"": null, ""m11_smt_divergence"": null, ""m12_topdown_agree"": false, ""m13_bridge_window_fvg"": true}"
2026-03-13,US500,london,True,REV,named_extreme_raid+htf_pd+mss,2026-03-13T03:15:00,bullish,6652.239,6650.039,allowlist:not_on_mint_allowlist,pdl,bearish,aligned,D_FVG_bear_2026-02-13,-1.4545454545454921,-1.0,stop,2.199999999999818,0.4545454545454921,sha256:c5cf0c1745225aa3,kernel_ticket:pass:kernel_session_ticket|direction:pass:determined|risk:pass:within_caps|allowlist:FAIL:not_on_mint_allowlist|mode:pass:paper|contract:FAIL:hermes_integration_i0_ftn_never_actionable,"{""m1_correct_side_of_eq"": true, ""m2_false_breakout"": false, ""m4_fvg_in_displacement"": false, ""m3_iof_aligned"": true, ""m5_ipda20_discount"": true, ""m6_with_20d_swing"": false, ""m7_osok_profile"": false, ""m8_cbdr_tight"": true, ""m8_ny_continues_london"": null, ""m10_us500_confirms"": null, ""m11_smt_divergence"": null, ""m12_topdown_agree"": false, ""m13_bridge_window_fvg"": false}"
2026-03-13,US500,ny_am,True,REV,named_extreme_raid+htf_pd+mss,2026-03-13T07:15:00,bullish,6690.751,6635.836,allowlist:not_on_mint_allowlist,pdl,bearish,qualified,D_FVG_bear_2026-02-13,-1.0182099608485842,-1.0,stop,54.914999999999964,0.018209960848584186,sha256:65e1b108c985fc99,kernel_ticket:pass:kernel_session_ticket|direction:pass:determined|risk:pass:within_caps|allowlist:FAIL:not_on_mint_allowlist|mode:pass:paper|contract:FAIL:hermes_integration_i0_ftn_never_actionable,"{""m1_correct_side_of_eq"": true, ""m2_false_breakout"": false, ""m4_fvg_in_displacement"": true, ""m3_iof_aligned"": false, ""m5_ipda20_discount"": true, ""m6_with_20d_swing"": false, ""m7_osok_profile"": false, ""m8_cbdr_tight"": true, ""m8_ny_continues_london"": false, ""m10_us500_confirms"": null, ""m11_smt_divergence"": null, ""m12_topdown_agree"": false, ""m13_bridge_window_fvg"": false}"
2026-03-17,US500,ny_am,True,REV,named_extreme_raid+htf_pd+mss,2026-03-17T09:45:00,bearish,6745.139,6750.842,allowlist:not_on_mint_allowlist,pdh,bullish,aligned,D_FVG_bear_2026-03-13,-1.1753463089602112,-1.0,stop,5.70299999999952,0.17534630896021114,sha256:34cb038e2d69fbab,kernel_ticket:pass:kernel_session_ticket|direction:pass:determined|risk:pass:within_caps|allowlist:FAIL:not_on_mint_allowlist|mode:pass:paper|contract:FAIL:hermes_integration_i0_ftn_never_actionable,"{""m1_correct_side_of_eq"": true, ""m2_false_breakout"": false, ""m4_fvg_in_displacement"": false, ""m3_iof_aligned"": true, ""m5_ipda20_discount"": false, ""m6_with_20d_swing"": true, ""m7_osok_profile"": true, ""m8_cbdr_tight"": false, ""m8_ny_continues_london"": false, ""m10_us500_confirms"": null, ""m11_smt_divergence"": null, ""m12_topdown_agree"": false, ""m13_bridge_window_fvg"": false}"
2026-03-18,US500,london,True,REV,named_extreme_raid+htf_pd+mss,2026-03-18T02:45:00,bearish,6756.136,6760.654,allowlist:not_on_mint_allowlist,pdh,bullish,aligned,D_FVG_bear_2026-03-13,1.7786631252766725,2.0,target,4.518000000000029,0.22133687472332747,sha256:f7c1b93ff5f7c622,kernel_ticket:pass:kernel_session_ticket|direction:pass:determined|risk:pass:within_caps|allowlist:FAIL:not_on_mint_allowlist|mode:pass:paper|contract:FAIL:hermes_integration_i0_ftn_never_actionable,"{""m1_correct_side_of_eq"": true, ""m2_false_breakout"": false, ""m4_fvg_in_displacement"": false, ""m3_iof_aligned"": true, ""m5_ipda20_discount"": false, ""m6_with_20d_swing"": true, ""m7_osok_profile"": true, ""m8_cbdr_tight"": true, ""m8_ny_continues_london"": null, ""m10_us500_confirms"": null, ""m11_smt_divergence"": null, ""m12_topdown_agree"": false, ""m13_bridge_window_fvg"": false}"
2026-03-18,US500,ny_am,True,REV,named_extreme_raid+htf_pd+mss,2026-03-18T07:15:00,bearish,6750.345,6760.654,allowlist:not_on_mint_allowlist,pdh,bullish,qualified,D_FVG_bear_2026-03-13,1.9029973809292868,2.0,target,10.309000000000196,0.09700261907071306,sha256:b0598f3e0a58ee37,kernel_ticket:pass:kernel_session_ticket|direction:pass:determined|risk:pass:within_caps|allowlist:FAIL:not_on_mint_allowlist|mode:pass:paper|contract:FAIL:hermes_integration_i0_ftn_never_actionable,"{""m1_correct_side_of_eq"": true, ""m2_false_breakout"": false, ""m4_fvg_in_displacement"": true, ""m3_iof_aligned"": false, ""m5_ipda20_discount"": false, ""m6_with_20d_swing"": true, ""m7_osok_profile"": true, ""m8_cbdr_tight"": true, ""m8_ny_continues_london"": false, ""m10_us500_confirms"": null, ""m11_smt_divergence"": null, ""m12_topdown_agree"": false, ""m13_bridge_window_fvg"": false}"
2026-03-19,US500,london,True,REV,named_extreme_raid+htf_pd+mss,2026-03-19T03:30:00,bullish,6614.433,6606.239,allowlist:not_on_mint_allowlist,pdl,bearish,qualified,D_FVG_bear_2026-03-13,-1.1220405174517878,-1.0,stop,8.194000000000415,0.12204051745178782,sha256:efdbd69741f94364,kernel_ticket:pass:kernel_session_ticket|direction:pass:determined|risk:pass:within_caps|allowlist:FAIL:not_on_mint_allowlist|mode:pass:paper|contract:FAIL:hermes_integration_i0_ftn_never_actionable,"{""m1_correct_side_of_eq"": true, ""m2_false_breakout"": true, ""m4_fvg_in_displacement"": false, ""m3_iof_aligned"": false, ""m5_ipda20_discount"": true, ""m6_with_20d_swing"": false, ""m7_osok_profile"": false, ""m8_cbdr_tight"": false, ""m8_ny_continues_london"": null, ""m10_us500_confirms"": null, ""m11_smt_divergence"": null, ""m12_topdown_agree"": false, ""m13_bridge_window_fvg"": false}"
2026-03-19,US500,ny_am,True,REV,named_extreme_raid+htf_pd+mss,2026-03-19T10:00:00,bullish,6594.033,6557.833,allowlist:not_on_mint_allowlist,pdl,bearish,qualified,D_FVG_bear_2026-03-13,0.298342541436438,0.32596685082870264,time,36.20000000000073,0.027624309392264637,sha256:38bb4687c2591d87,kernel_ticket:pass:kernel_session_ticket|direction:pass:determined|risk:pass:within_caps|allowlist:FAIL:not_on_mint_allowlist|mode:pass:paper|contract:FAIL:hermes_integration_i0_ftn_never_actionable,"{""m1_correct_side_of_eq"": true, ""m2_false_breakout"": true, ""m4_fvg_in_displacement"": true, ""m3_iof_aligned"": false, ""m5_ipda20_discount"": true, ""m6_with_20d_swing"": false, ""m7_osok_profile"": false, ""m8_cbdr_tight"": false, ""m8_ny_continues_london"": false, ""m10_us500_confirms"": null, ""m11_smt_divergence"": null, ""m12_topdown_agree"": false, ""m13_bridge_window_fvg"": true}"
2026-03-20,US500,ny_am,True,REV,named_extreme_raid+htf_pd+mss,2026-03-20T07:15:00,bullish,6583.951,6555.039,allowlist:not_on_mint_allowlist,pdl,bearish,aligned,D_FVG_bear_2026-03-19,-1.0345877144438291,-1.0,stop,28.912000000000262,0.034587714443829236,sha256:7af70076e0324838,kernel_ticket:pass:kernel_session_ticket|direction:pass:determined|risk:pass:within_caps|allowlist:FAIL:not_on_mint_allowlist|mode:pass:paper|contract:FAIL:hermes_integration_i0_ftn_never_actionable,"{""m1_correct_side_of_eq"": true, ""m2_false_breakout"": true, ""m4_fvg_in_displacement"": true, ""m3_iof_aligned"": true, ""m5_ipda20_discount"": true, ""m6_with_20d_swing"": false, ""m7_osok_profile"": false, ""m8_cbdr_tight"": false, ""m8_ny_continues_london"": false, ""m10_us500_confirms"": null, ""m11_smt_divergence"": null, ""m12_topdown_agree"": false, ""m13_bridge_window_fvg"": false}"
2026-03-23,US500,london,True,REV,named_extreme_raid+htf_pd+mss,2026-03-23T02:15:00,bullish,6472.739,6467.999,allowlist:not_on_mint_allowlist,pdl,bearish,aligned,D_FVG_bear_2026-03-19,-1.2109704641350307,-1.0,stop,4.739999999999782,0.21097046413503082,sha256:b7823c2d30a7794d,kernel_ticket:pass:kernel_session_ticket|direction:pass:determined|risk:pass:within_caps|allowlist:FAIL:not_on_mint_allowlist|mode:pass:paper|contract:FAIL:hermes_integration_i0_ftn_never_actionable,"{""m1_correct_side_of_eq"": true, ""m2_false_breakout"": true, ""m4_fvg_in_displacement"": true, ""m3_iof_aligned"": true, ""m5_ipda20_discount"": true, ""m6_with_20d_swing"": false, ""m7_osok_profile"": true, ""m8_cbdr_tight"": false, ""m8_ny_continues_london"": null, ""m10_us500_confirms"": null, ""m11_smt_divergence"": null, ""m12_topdown_agree"": false, ""m13_bridge_window_fvg"": false}"
2026-03-25,US500,london,True,REV,named_extreme_raid+htf_pd+mss,2026-03-25T02:15:00,bearish,6595.548,6611.254,allowlist:not_on_mint_allowlist,pdh,bearish,aligned,D_FVG_bear_2026-03-19,-1.0636699350566656,-1.0,stop,15.706000000000131,0.06366993505666571,sha256:f95babf20b2430d0,kernel_ticket:pass:kernel_session_ticket|direction:pass:determined|risk:pass:within_caps|allowlist:FAIL:not_on_mint_allowlist|mode:pass:paper|contract:FAIL:hermes_integration_i0_ftn_never_actionable,"{""m1_correct_side_of_eq"": true, ""m2_false_breakout"": false, ""m4_fvg_in_displacement"": true, ""m3_iof_aligned"": true, ""m5_ipda20_discount"": false, ""m6_with_20d_swing"": true, ""m7_osok_profile"": true, ""m8_cbdr_tight"": false, ""m8_ny_continues_london"": null, ""m10_us500_confirms"": null, ""m11_smt_divergence"": null, ""m12_topdown_agree"": true, ""m13_bridge_window_fvg"": false}"
2026-03-25,US500,ny_am,True,REV,named_extreme_raid+htf_pd+mss,2026-03-25T10:00:00,bearish,6589.648,6636.848,allowlist:not_on_mint_allowlist,pdh,bearish,aligned,D_FVG_bear_2026-03-19,-0.09290254237288634,-0.07171610169492015,time,47.19999999999982,0.021186440677966184,sha256:754d3718a60f10bb,kernel_ticket:pass:kernel_session_ticket|direction:pass:determined|risk:pass:within_caps|allowlist:FAIL:not_on_mint_allowlist|mode:pass:paper|contract:FAIL:hermes_integration_i0_ftn_never_actionable,"{""m1_correct_side_of_eq"": true, ""m2_false_breakout"": false, ""m4_fvg_in_displacement"": true, ""m3_iof_aligned"": true, ""m5_ipda20_discount"": false, ""m6_with_20d_swing"": true, ""m7_osok_profile"": true, ""m8_cbdr_tight"": false, ""m8_ny_continues_london"": false, ""m10_us500_confirms"": null, ""m11_smt_divergence"": null, ""m12_topdown_agree"": true, ""m13_bridge_window_fvg"": true}"
2026-03-26,US500,london,True,REV,named_extreme_raid+htf_pd+mss,2026-03-26T02:30:00,bullish,6569.939,6558.154,allowlist:not_on_mint_allowlist,pdl,bearish,aligned,D_FVG_bear_2026-03-19,-1.0848536274925764,-1.0,stop,11.784999999999854,0.08485362749257636,sha256:dd9e2150fc29ae4e,kernel_ticket:pass:kernel_session_ticket|direction:pass:determined|risk:pass:within_caps|allowlist:FAIL:not_on_mint_allowlist|mode:pass:paper|contract:FAIL:hermes_integration_i0_ftn_never_actionable,"{""m1_correct_side_of_eq"": true, ""m2_false_breakout"": true, ""m4_fvg_in_displacement"": false, ""m3_iof_aligned"": true, ""m5_ipda20_discount"": true, ""m6_with_20d_swing"": false, ""m7_osok_profile"": false, ""m8_cbdr_tight"": true, ""m8_ny_continues_london"": null, ""m10_us500_confirms"": null, ""m11_smt_divergence"": null, ""m12_topdown_agree"": false, ""m13_bridge_window_fvg"": false}"
2026-03-26,US500,ny_am,True,REV,named_extreme_raid+htf_pd+mss,2026-03-26T07:15:00,bullish,6544.599,6531.233,allowlist:not_on_mint_allowlist,pdl,bearish,qualified,D_FVG_bear_2026-03-19,-1.0748166990872363,-1.0,stop,13.365999999999985,0.07481669908723636,sha256:398c06666110ba63,kernel_ticket:pass:kernel_session_ticket|direction:pass:determined|risk:pass:within_caps|allowlist:FAIL:not_on_mint_allowlist|mode:pass:paper|contract:FAIL:hermes_integration_i0_ftn_never_actionable,"{""m1_correct_side_of_eq"": true, ""m2_false_breakout"": true, ""m4_fvg_in_displacement"": true, ""m3_iof_aligned"": false, ""m5_ipda20_discount"": true, ""m6_with_20d_swing"": false, ""m7_osok_profile"": false, ""m8_cbdr_tight"": true, ""m8_ny_continues_london"": false, ""m10_us500_confirms"": null, ""m11_smt_divergence"": null, ""m12_topdown_agree"": false, ""m13_bridge_window_fvg"": false}"
2026-03-27,US500,ny_am,True,REV,named_extreme_raid+htf_pd+mss,2026-03-27T07:15:00,bullish,6448.633,6443.742,allowlist:not_on_mint_allowlist,pdl,bearish,aligned,D_FVG_bear_2026-03-19,1.795542833776308,2.0,target,4.890999999999622,0.20445716622369195,sha256:a3e9a0643fcf141b,kernel_ticket:pass:kernel_session_ticket|direction:pass:determined|risk:pass:within_caps|allowlist:FAIL:not_on_mint_allowlist|mode:pass:paper|contract:FAIL:hermes_integration_i0_ftn_never_actionable,"{""m1_correct_side_of_eq"": true, ""m2_false_breakout"": true, ""m4_fvg_in_displacement"": false, ""m3_iof_aligned"": true, ""m5_ipda20_discount"": true, ""m6_with_20d_swing"": false, ""m7_osok_profile"": false, ""m8_cbdr_tight"": false, ""m8_ny_continues_london"": false, ""m10_us500_confirms"": null, ""m11_smt_divergence"": null, ""m12_topdown_agree"": false, ""m13_bridge_window_fvg"": false}"
2026-04-01,US500,london,True,REV,named_extreme_raid+htf_pd+mss,2026-04-01T02:15:00,bearish,6558.839,6560.154,allowlist:not_on_mint_allowlist,pdh,bullish,aligned,D_FVG_bear_2026-03-30,-1.760456273763964,-1.0,stop,1.3150000000005093,0.7604562737639641,sha256:5aa98502cbb95257,kernel_ticket:pass:kernel_session_ticket|direction:pass:determined|risk:pass:within_caps|allowlist:FAIL:not_on_mint_allowlist|mode:pass:paper|contract:FAIL:hermes_integration_i0_ftn_never_actionable,"{""m1_correct_side_of_eq"": true, ""m2_false_breakout"": true, ""m4_fvg_in_displacement"": false, ""m3_iof_aligned"": true, ""m5_ipda20_discount"": false, ""m6_with_20d_swing"": true, ""m7_osok_profile"": true, ""m8_cbdr_tight"": false, ""m8_ny_continues_london"": null, ""m10_us500_confirms"": null, ""m11_smt_divergence"": null, ""m12_topdown_agree"": false, ""m13_bridge_window_fvg"": false}"
2026-04-01,US500,ny_am,True,REV,named_extreme_raid+htf_pd+mss,2026-04-01T07:15:00,bearish,6577.648,6580.348,allowlist:not_on_mint_allowlist,pdh,bullish,aligned,D_FVG_bear_2026-03-27,-1.3703703703703953,-1.0,stop,2.699999999999818,0.37037037037039533,sha256:2014aaa8fd412bd8,kernel_ticket:pass:kernel_session_ticket|direction:pass:determined|risk:pass:within_caps|allowlist:FAIL:not_on_mint_allowlist|mode:pass:paper|contract:FAIL:hermes_integration_i0_ftn_never_actionable,"{""m1_correct_side_of_eq"": true, ""m2_false_breakout"": true, ""m4_fvg_in_displacement"": true, ""m3_iof_aligned"": true, ""m5_ipda20_discount"": false, ""m6_with_20d_swing"": true, ""m7_osok_profile"": true, ""m8_cbdr_tight"": false, ""m8_ny_continues_london"": false, ""m10_us500_confirms"": null, ""m11_smt_divergence"": null, ""m12_topdown_agree"": false, ""m13_bridge_window_fvg"": false}"
2026-04-02,US500,ny_am,True,REV,named_extreme_raid+htf_pd+mss,2026-04-02T07:15:00,bullish,6481.336,6475.045,allowlist:not_on_mint_allowlist,pdl,bullish,qualified,D_FVG_bear_2026-03-30,-1.1589572405023008,-1.0,stop,6.291000000000167,0.15895724050230065,sha256:bb6f75221a32406f,kernel_ticket:pass:kernel_session_ticket|direction:pass:determined|risk:pass:within_caps|allowlist:FAIL:not_on_mint_allowlist|mode:pass:paper|contract:FAIL:hermes_integration_i0_ftn_never_actionable,"{""m1_correct_side_of_eq"": true, ""m2_false_breakout"": false, ""m4_fvg_in_displacement"": true, ""m3_iof_aligned"": false, ""m5_ipda20_discount"": true, ""m6_with_20d_swing"": false, ""m7_osok_profile"": false, ""m8_cbdr_tight"": true, ""m8_ny_continues_london"": true, ""m10_us500_confirms"": null, ""m11_smt_divergence"": null, ""m12_topdown_agree"": false, ""m13_bridge_window_fvg"": false}"
2026-04-06,US500,ny_am,True,REV,named_extreme_raid+htf_pd+mss,2026-04-06T07:15:00,bearish,6588.145,6613.936,allowlist:not_on_mint_allowlist,pdh,bullish,qualified,D_FVG_bear_2026-03-27,-1.0387732154627594,-1.0,stop,25.790999999999258,0.03877321546275944,sha256:7d14779c8e557741,kernel_ticket:pass:kernel_session_ticket|direction:pass:determined|risk:pass:within_caps|allowlist:FAIL:not_on_mint_allowlist|mode:pass:paper|contract:FAIL:hermes_integration_i0_ftn_never_actionable,"{""m1_correct_side_of_eq"": true, ""m2_false_breakout"": false, ""m4_fvg_in_displacement"": true, ""m3_iof_aligned"": false, ""m5_ipda20_discount"": true, ""m6_with_20d_swing"": true, ""m7_osok_profile"": true, ""m8_cbdr_tight"": true, ""m8_ny_continues_london"": false, ""m10_us500_confirms"": null, ""m11_smt_divergence"": null, ""m12_topdown_agree"": false, ""m13_bridge_window_fvg"": false}"
2026-04-07,US500,ny_am,True,REV,named_extreme_raid+htf_pd+mss,2026-04-07T07:15:00,bearish,6584.239,6627.742,allowlist:not_on_mint_allowlist,pdh,bullish,qualified,D_FVG_bear_2026-03-27,-0.8069788290462769,-0.7839919086040089,time,43.50300000000061,0.022986920442268025,sha256:fd8cf43ebda85db5,kernel_ticket:pass:kernel_session_ticket|direction:pass:determined|risk:pass:within_caps|allowlist:FAIL:not_on_mint_allowlist|mode:pass:paper|contract:FAIL:hermes_integration_i0_ftn_never_actionable,"{""m1_correct_side_of_eq"": true, ""m2_false_breakout"": true, ""m4_fvg_in_displacement"": true, ""m3_iof_aligned"": false, ""m5_ipda20_discount"": true, ""m6_with_20d_swing"": true, ""m7_osok_profile"": true, ""m8_cbdr_tight"": true, ""m8_ny_continues_london"": false, ""m10_us500_confirms"": null, ""m11_smt_divergence"": null, ""m12_topdown_agree"": false, ""m13_bridge_window_fvg"": false}"
2026-04-08,US500,london,True,REV,named_extreme_raid+htf_pd+mss,2026-04-08T02:15:00,bearish,6797.045,6799.499,allowlist:not_on_mint_allowlist,pdh,bullish,aligned,D_FVG_bear_2026-03-13,1.5925020374897667,2.0,target,2.4539999999997235,0.40749796251023335,sha256:2601f3b66d808968,kernel_ticket:pass:kernel_session_ticket|direction:pass:determined|risk:pass:within_caps|allowlist:FAIL:not_on_mint_allowlist|mode:pass:paper|contract:FAIL:hermes_integration_i0_ftn_never_actionable,"{""m1_correct_side_of_eq"": true, ""m2_false_breakout"": false, ""m4_fvg_in_displacement"": true, ""m3_iof_aligned"": true, ""m5_ipda20_discount"": true, ""m6_with_20d_swing"": true, ""m7_osok_profile"": true, ""m8_cbdr_tight"": false, ""m8_ny_continues_london"": null, ""m10_us500_confirms"": null, ""m11_smt_divergence"": null, ""m12_topdown_agree"": false, ""m13_bridge_window_fvg"": false}"
2026-04-10,US500,ny_am,True,REV,named_extreme_raid+htf_pd+mss,2026-04-10T08:45:00,bearish,6834.154,6846.883,allowlist:not_on_mint_allowlist,pdh,bullish,qualified,D_FVG_bear_2026-03-13,1.9214392332469126,2.0,target,12.72899999999936,0.07856076675308746,sha256:3dfe53e8670dd979,kernel_ticket:pass:kernel_session_ticket|direction:pass:determined|risk:pass:within_caps|allowlist:FAIL:not_on_mint_allowlist|mode:pass:paper|contract:FAIL:hermes_integration_i0_ftn_never_actionable,"{""m1_correct_side_of_eq"": true, ""m2_false_breakout"": true, ""m4_fvg_in_displacement"": false, ""m3_iof_aligned"": false, ""m5_ipda20_discount"": true, ""m6_with_20d_swing"": false, ""m7_osok_profile"": false, ""m8_cbdr_tight"": true, ""m8_ny_continues_london"": true, ""m10_us500_confirms"": null, ""m11_smt_divergence"": null, ""m12_topdown_agree"": false, ""m13_bridge_window_fvg"": false}"
2026-04-14,US500,ny_am,True,REV,named_extreme_raid+htf_pd+mss,2026-04-14T07:15:00,bearish,6893.733,6905.299,allowlist:not_on_mint_allowlist,pdh,bullish,qualified,D_FVG_bull_2026-04-09,-1.086460314715547,-1.0,stop,11.565999999999804,0.08646031471554703,sha256:319c88c7a688d9c6,kernel_ticket:pass:kernel_session_ticket|direction:pass:determined|risk:pass:within_caps|allowlist:FAIL:not_on_mint_allowlist|mode:pass:paper|contract:FAIL:hermes_integration_i0_ftn_never_actionable,"{""m1_correct_side_of_eq"": true, ""m2_false_breakout"": true, ""m4_fvg_in_displacement"": true, ""m3_iof_aligned"": false, ""m5_ipda20_discount"": true, ""m6_with_20d_swing"": false, ""m7_osok_profile"": true, ""m8_cbdr_tight"": false, ""m8_ny_continues_london"": false, ""m10_us500_confirms"": null, ""m11_smt_divergence"": null, ""m12_topdown_agree"": false, ""m13_bridge_window_fvg"": false}"
2026-04-15,US500,ny_am,True,REV,named_extreme_raid+htf_pd+mss,2026-04-15T10:00:00,bearish,6979.899,6987.399,allowlist:not_on_mint_allowlist,pdh,bullish,aligned,D_FVG_bull_2026-04-14,-1.1333333333333333,-1.0,stop,7.5,0.13333333333333333,sha256:7ca8a3c19cdf796f,kernel_ticket:pass:kernel_session_ticket|direction:pass:determined|risk:pass:within_caps|allowlist:FAIL:not_on_mint_allowlist|mode:pass:paper|contract:FAIL:hermes_integration_i0_ftn_never_actionable,"{""m1_correct_side_of_eq"": true, ""m2_false_breakout"": false, ""m4_fvg_in_displacement"": true, ""m3_iof_aligned"": true, ""m5_ipda20_discount"": true, ""m6_with_20d_swing"": false, ""m7_osok_profile"": true, ""m8_cbdr_tight"": true, ""m8_ny_continues_london"": false, ""m10_us500_confirms"": null, ""m11_smt_divergence"": null, ""m12_topdown_agree"": false, ""m13_bridge_window_fvg"": true}"
2026-04-16,US500,london,True,REV,named_extreme_raid+htf_pd+mss,2026-04-16T02:15:00,bearish,7039.345,7041.099,allowlist:not_on_mint_allowlist,pdh,bullish,aligned,D_FVG_bull_2026-04-15,1.4298745724058985,2.0,target,1.7539999999999054,0.5701254275941015,sha256:baab83738284e86e,kernel_ticket:pass:kernel_session_ticket|direction:pass:determined|risk:pass:within_caps|allowlist:FAIL:not_on_mint_allowlist|mode:pass:paper|contract:FAIL:hermes_integration_i0_ftn_never_actionable,"{""m1_correct_side_of_eq"": true, ""m2_false_breakout"": false, ""m4_fvg_in_displacement"": false, ""m3_iof_aligned"": true, ""m5_ipda20_discount"": true, ""m6_with_20d_swing"": false, ""m7_osok_profile"": false, ""m8_cbdr_tight"": true, ""m8_ny_continues_london"": null, ""m10_us500_confirms"": null, ""m11_smt_divergence"": null, ""m12_topdown_agree"": false, ""m13_bridge_window_fvg"": false}"
2026-04-17,US500,ny_am,True,REV,named_extreme_raid+htf_pd+mss,2026-04-17T07:45:00,bearish,7062.145,7063.499,allowlist:not_on_mint_allowlist,pdh,bullish,qualified,D_FVG_bull_2026-04-16,-1.738552437223392,-1.0,stop,1.3539999999993597,0.738552437223392,sha256:3173d0f4f8475c51,kernel_ticket:pass:kernel_session_ticket|direction:pass:determined|risk:pass:within_caps|allowlist:FAIL:not_on_mint_allowlist|mode:pass:paper|contract:FAIL:hermes_integration_i0_ftn_never_actionable,"{""m1_correct_side_of_eq"": true, ""m2_false_breakout"": true, ""m4_fvg_in_displacement"": true, ""m3_iof_aligned"": false, ""m5_ipda20_discount"": true, ""m6_with_20d_swing"": false, ""m7_osok_profile"": false, ""m8_cbdr_tight"": true, ""m8_ny_continues_london"": false, ""m10_us500_confirms"": null, ""m11_smt_divergence"": null, ""m12_topdown_agree"": false, ""m13_bridge_window_fvg"": false}"
2026-04-21,US500,london,True,REV,named_extreme_raid+htf_pd+mss,2026-04-21T02:15:00,bearish,7128.448,7130.299,allowlist:not_on_mint_allowlist,pdh,bullish,qualified,D_FVG_bull_2026-04-17,1.4597514856833147,2.0,target,1.850999999999658,0.5402485143166854,sha256:bed95f836f741d29,kernel_ticket:pass:kernel_session_ticket|direction:pass:determined|risk:pass:within_caps|allowlist:FAIL:not_on_mint_allowlist|mode:pass:paper|contract:FAIL:hermes_integration_i0_ftn_never_actionable,"{""m1_correct_side_of_eq"": true, ""m2_false_breakout"": false, ""m4_fvg_in_displacement"": true, ""m3_iof_aligned"": false, ""m5_ipda20_discount"": true, ""m6_with_20d_swing"": false, ""m7_osok_profile"": true, ""m8_cbdr_tight"": true, ""m8_ny_continues_london"": null, ""m10_us500_confirms"": null, ""m11_smt_divergence"": null, ""m12_topdown_agree"": false, ""m13_bridge_window_fvg"": false}"
2026-04-21,US500,ny_am,True,REV,named_extreme_raid+htf_pd+mss,2026-04-21T07:15:00,bearish,7136.639,7142.442,allowlist:not_on_mint_allowlist,pdh,bullish,aligned,D_FVG_bull_2026-04-17,-1.1723246596588006,-1.0,stop,5.802999999999884,0.17232465965880064,sha256:318758e964a10ef1,kernel_ticket:pass:kernel_session_ticket|direction:pass:determined|risk:pass:within_caps|allowlist:FAIL:not_on_mint_allowlist|mode:pass:paper|contract:FAIL:hermes_integration_i0_ftn_never_actionable,"{""m1_correct_side_of_eq"": true, ""m2_false_breakout"": false, ""m4_fvg_in_displacement"": true, ""m3_iof_aligned"": true, ""m5_ipda20_discount"": true, ""m6_with_20d_swing"": false, ""m7_osok_profile"": true, ""m8_cbdr_tight"": true, ""m8_ny_continues_london"": false, ""m10_us500_confirms"": null, ""m11_smt_divergence"": null, ""m12_topdown_agree"": false, ""m13_bridge_window_fvg"": false}"
2026-04-27,US500,ny_am,True,REV,named_extreme_raid+htf_pd+mss,2026-04-27T10:00:00,bearish,7163.633,7174.969,allowlist:not_on_mint_allowlist,pdh,bullish,aligned,D_FVG_bull_2026-04-17,-1.0882145377558203,-1.0,stop,11.33600000000024,0.08821453775582029,sha256:ac74d081e1b3cd35,kernel_ticket:pass:kernel_session_ticket|direction:pass:determined|risk:pass:within_caps|allowlist:FAIL:not_on_mint_allowlist|mode:pass:paper|contract:FAIL:hermes_integration_i0_ftn_never_actionable,"{""m1_correct_side_of_eq"": true, ""m2_false_breakout"": false, ""m4_fvg_in_displacement"": true, ""m3_iof_aligned"": true, ""m5_ipda20_discount"": true, ""m6_with_20d_swing"": false, ""m7_osok_profile"": true, ""m8_cbdr_tight"": true, ""m8_ny_continues_london"": true, ""m10_us500_confirms"": null, ""m11_smt_divergence"": null, ""m12_topdown_agree"": false, ""m13_bridge_window_fvg"": true}"
2026-05-01,US500,ny_am,True,REV,named_extreme_raid+htf_pd+mss,2026-05-01T10:00:00,bearish,7264.648,7265.648,allowlist:not_on_mint_allowlist,pdh,bullish,aligned,D_FVG_bull_2026-04-17,-2.0,-1.0,stop,1.0,1.0,sha256:7d96453dc4ab96b3,kernel_ticket:pass:kernel_session_ticket|direction:pass:determined|risk:pass:within_caps|allowlist:FAIL:not_on_mint_allowlist|mode:pass:paper|contract:FAIL:hermes_integration_i0_ftn_never_actionable,"{""m1_correct_side_of_eq"": true, ""m2_false_breakout"": false, ""m4_fvg_in_displacement"": true, ""m3_iof_aligned"": true, ""m5_ipda20_discount"": true, ""m6_with_20d_swing"": false, ""m7_osok_profile"": false, ""m8_cbdr_tight"": false, ""m8_ny_continues_london"": true, ""m10_us500_confirms"": null, ""m11_smt_divergence"": null, ""m12_topdown_agree"": false, ""m13_bridge_window_fvg"": true}"
2026-05-06,US500,london,True,REV,named_extreme_raid+htf_pd+mss,2026-05-06T02:15:00,bearish,7283.699,7289.136,allowlist:not_on_mint_allowlist,pdh,bullish,aligned,D_FVG_bull_2026-05-01,-1.183924958616857,-1.0,stop,5.437000000000808,0.18392495861685698,sha256:f62f10d6ee2cb448,kernel_ticket:pass:kernel_session_ticket|direction:pass:determined|risk:pass:within_caps|allowlist:FAIL:not_on_mint_allowlist|mode:pass:paper|contract:FAIL:hermes_integration_i0_ftn_never_actionable,"{""m1_correct_side_of_eq"": true, ""m2_false_breakout"": false, ""m4_fvg_in_displacement"": false, ""m3_iof_aligned"": true, ""m5_ipda20_discount"": true, ""m6_with_20d_swing"": false, ""m7_osok_profile"": true, ""m8_cbdr_tight"": false, ""m8_ny_continues_london"": null, ""m10_us500_confirms"": null, ""m11_smt_divergence"": null, ""m12_topdown_agree"": false, ""m13_bridge_window_fvg"": false}"
2026-05-06,US500,ny_am,True,REV,named_extreme_raid+htf_pd+mss,2026-05-06T07:15:00,bearish,7335.445,7339.954,allowlist:not_on_mint_allowlist,pdh,bullish,aligned,D_FVG_bull_2026-05-01,1.7782213351075633,2.0,target,4.5090000000000146,0.22177866489243664,sha256:1203506eb6a776de,kernel_ticket:pass:kernel_session_ticket|direction:pass:determined|risk:pass:within_caps|allowlist:FAIL:not_on_mint_allowlist|mode:pass:paper|contract:FAIL:hermes_integration_i0_ftn_never_actionable,"{""m1_correct_side_of_eq"": true, ""m2_false_breakout"": false, ""m4_fvg_in_displacement"": false, ""m3_iof_aligned"": true, ""m5_ipda20_discount"": true, ""m6_with_20d_swing"": false, ""m7_osok_profile"": true, ""m8_cbdr_tight"": false, ""m8_ny_continues_london"": false, ""m10_us500_confirms"": null, ""m11_smt_divergence"": null, ""m12_topdown_agree"": false, ""m13_bridge_window_fvg"": false}"
2026-05-07,US500,london,True,REV,named_extreme_raid+htf_pd+mss,2026-05-07T02:15:00,bearish,7364.454,7370.454,allowlist:not_on_mint_allowlist,pdh,bullish,aligned,D_FVG_bull_2026-05-06,-1.1666666666666667,-1.0,stop,6.0,0.16666666666666666,sha256:efdbff61ba6b3ecd,kernel_ticket:pass:kernel_session_ticket|direction:pass:determined|risk:pass:within_caps|allowlist:FAIL:not_on_mint_allowlist|mode:pass:paper|contract:FAIL:hermes_integration_i0_ftn_never_actionable,"{""m1_correct_side_of_eq"": true, ""m2_false_breakout"": true, ""m4_fvg_in_displacement"": false, ""m3_iof_aligned"": true, ""m5_ipda20_discount"": true, ""m6_with_20d_swing"": false, ""m7_osok_profile"": false, ""m8_cbdr_tight"": true, ""m8_ny_continues_london"": null, ""m10_us500_confirms"": null, ""m11_smt_divergence"": null, ""m12_topdown_agree"": false, ""m13_bridge_window_fvg"": false}"
2026-05-07,US500,ny_am,True,REV,named_extreme_raid+htf_pd+mss,2026-05-07T07:15:00,bearish,7370.433,7385.499,allowlist:not_on_mint_allowlist,pdh,bullish,aligned,D_FVG_bull_2026-05-06,1.9336253816540547,2.0,target,15.065999999999804,0.06637461834594538,sha256:f448a825dbc731bb,kernel_ticket:pass:kernel_session_ticket|direction:pass:determined|risk:pass:within_caps|allowlist:FAIL:not_on_mint_allowlist|mode:pass:paper|contract:FAIL:hermes_integration_i0_ftn_never_actionable,"{""m1_correct_side_of_eq"": true, ""m2_false_breakout"": true, ""m4_fvg_in_displacement"": true, ""m3_iof_aligned"": true, ""m5_ipda20_discount"": true, ""m6_with_20d_swing"": false, ""m7_osok_profile"": false, ""m8_cbdr_tight"": true, ""m8_ny_continues_london"": false, ""m10_us500_confirms"": null, ""m11_smt_divergence"": null, ""m12_topdown_agree"": false, ""m13_bridge_window_fvg"": false}"
2026-05-11,US500,ny_am,True,REV,named_extreme_raid+htf_pd+mss,2026-05-11T10:00:00,bearish,7408.448,7413.999,allowlist:not_on_mint_allowlist,pdh,bullish,aligned,D_FVG_bull_2026-05-07,-1.1801477211313447,-1.0,stop,5.550999999999476,0.1801477211313447,sha256:c4d8f470f3dc5fff,kernel_ticket:pass:kernel_session_ticket|direction:pass:determined|risk:pass:within_caps|allowlist:FAIL:not_on_mint_allowlist|mode:pass:paper|contract:FAIL:hermes_integration_i0_ftn_never_actionable,"{""m1_correct_side_of_eq"": true, ""m2_false_breakout"": false, ""m4_fvg_in_displacement"": false, ""m3_iof_aligned"": true, ""m5_ipda20_discount"": true, ""m6_with_20d_swing"": false, ""m7_osok_profile"": true, ""m8_cbdr_tight"": true, ""m8_ny_continues_london"": false, ""m10_us500_confirms"": null, ""m11_smt_divergence"": null, ""m12_topdown_agree"": false, ""m13_bridge_window_fvg"": false}"
2026-05-14,US500,london,True,REV,named_extreme_raid+htf_pd+mss,2026-05-14T04:00:00,bearish,7456.036,7466.799,allowlist:not_on_mint_allowlist,pdh,bullish,qualified,D_FVG_bull_2026-05-07,-1.0929108984483886,-1.0,stop,10.76299999999992,0.09291089844838869,sha256:d0a0210b5b4fa333,kernel_ticket:pass:kernel_session_ticket|direction:pass:determined|risk:pass:within_caps|allowlist:FAIL:not_on_mint_allowlist|mode:pass:paper|contract:FAIL:hermes_integration_i0_ftn_never_actionable,"{""m1_correct_side_of_eq"": true, ""m2_false_breakout"": true, ""m4_fvg_in_displacement"": false, ""m3_iof_aligned"": false, ""m5_ipda20_discount"": true, ""m6_with_20d_swing"": false, ""m7_osok_profile"": false, ""m8_cbdr_tight"": true, ""m8_ny_continues_london"": null, ""m10_us500_confirms"": null, ""m11_smt_divergence"": null, ""m12_topdown_agree"": false, ""m13_bridge_window_fvg"": false}"
2026-05-14,US500,ny_am,True,REV,named_extreme_raid+htf_pd+mss,2026-05-14T07:15:00,bearish,7470.033,7473.745,allowlist:not_on_mint_allowlist,pdh,bullish,aligned,D_FVG_bull_2026-05-07,1.7306034482758283,2.0,target,3.7119999999995343,0.2693965517241717,sha256:5ae2273d07908f4f,kernel_ticket:pass:kernel_session_ticket|direction:pass:determined|risk:pass:within_caps|allowlist:FAIL:not_on_mint_allowlist|mode:pass:paper|contract:FAIL:hermes_integration_i0_ftn_never_actionable,"{""m1_correct_side_of_eq"": true, ""m2_false_breakout"": true, ""m4_fvg_in_displacement"": false, ""m3_iof_aligned"": true, ""m5_ipda20_discount"": true, ""m6_with_20d_swing"": false, ""m7_osok_profile"": false, ""m8_cbdr_tight"": true, ""m8_ny_continues_london"": false, ""m10_us500_confirms"": null, ""m11_smt_divergence"": null, ""m12_topdown_agree"": false, ""m13_bridge_window_fvg"": false}"
2026-05-18,US500,london,True,REV,named_extreme_raid+htf_pd+mss,2026-05-18T02:15:00,bullish,7364.699,7357.133,allowlist:not_on_mint_allowlist,pdl,bearish,aligned,D_FVG_bull_2026-05-14,-1.1321702352630223,-1.0,stop,7.5659999999998035,0.1321702352630222,sha256:11bd99671c82d8e9,kernel_ticket:pass:kernel_session_ticket|direction:pass:determined|risk:pass:within_caps|allowlist:FAIL:not_on_mint_allowlist|mode:pass:paper|contract:FAIL:hermes_integration_i0_ftn_never_actionable,"{""m1_correct_side_of_eq"": true, ""m2_false_breakout"": false, ""m4_fvg_in_displacement"": false, ""m3_iof_aligned"": true, ""m5_ipda20_discount"": false, ""m6_with_20d_swing"": true, ""m7_osok_profile"": true, ""m8_cbdr_tight"": false, ""m8_ny_continues_london"": null, ""m10_us500_confirms"": null, ""m11_smt_divergence"": null, ""m12_topdown_agree"": false, ""m13_bridge_window_fvg"": false}"
2026-05-21,US500,london,True,REV,named_extreme_raid+htf_pd+mss,2026-05-21T04:30:00,bearish,7438.433,7449.899,allowlist:not_on_mint_allowlist,pdh,bullish,aligned,D_FVG_bull_2026-05-07,1.912785627071344,2.0,target,11.46600000000035,0.08721437292865598,sha256:4e493dabdc5b1c26,kernel_ticket:pass:kernel_session_ticket|direction:pass:determined|risk:pass:within_caps|allowlist:FAIL:not_on_mint_allowlist|mode:pass:paper|contract:FAIL:hermes_integration_i0_ftn_never_actionable,"{""m1_correct_side_of_eq"": true, ""m2_false_breakout"": false, ""m4_fvg_in_displacement"": false, ""m3_iof_aligned"": true, ""m5_ipda20_discount"": true, ""m6_with_20d_swing"": false, ""m7_osok_profile"": false, ""m8_cbdr_tight"": false, ""m8_ny_continues_london"": null, ""m10_us500_confirms"": null, ""m11_smt_divergence"": null, ""m12_topdown_agree"": false, ""m13_bridge_window_fvg"": false}"
2026-05-21,US500,ny_am,True,REV,named_extreme_raid+htf_pd+mss,2026-05-21T07:15:00,bearish,7407.833,7449.899,allowlist:not_on_mint_allowlist,pdh,bullish,qualified,D_FVG_bull_2026-05-07,-1.0237721675462366,-1.0,stop,42.06600000000071,0.023772167546236463,sha256:6e065dc2d5fe09d8,kernel_ticket:pass:kernel_session_ticket|direction:pass:determined|risk:pass:within_caps|allowlist:FAIL:not_on_mint_allowlist|mode:pass:paper|contract:FAIL:hermes_integration_i0_ftn_never_actionable,"{""m1_correct_side_of_eq"": true, ""m2_false_breakout"": false, ""m4_fvg_in_displacement"": true, ""m3_iof_aligned"": false, ""m5_ipda20_discount"": true, ""m6_with_20d_swing"": false, ""m7_osok_profile"": false, ""m8_cbdr_tight"": false, ""m8_ny_continues_london"": false, ""m10_us500_confirms"": null, ""m11_smt_divergence"": null, ""m12_topdown_agree"": false, ""m13_bridge_window_fvg"": false}"
2026-05-22,US500,london,True,REV,named_extreme_raid+htf_pd+mss,2026-05-22T02:15:00,bearish,7471.236,7477.499,allowlist:not_on_mint_allowlist,pdh,bullish,qualified,D_FVG_bear_2026-05-18,-1.1596678907871647,-1.0,stop,6.26299999999992,0.15966789078716473,sha256:fdf84b17803acff0,kernel_ticket:pass:kernel_session_ticket|direction:pass:determined|risk:pass:within_caps|allowlist:FAIL:not_on_mint_allowlist|mode:pass:paper|contract:FAIL:hermes_integration_i0_ftn_never_actionable,"{""m1_correct_side_of_eq"": true, ""m2_false_breakout"": false, ""m4_fvg_in_displacement"": true, ""m3_iof_aligned"": false, ""m5_ipda20_discount"": true, ""m6_with_20d_swing"": false, ""m7_osok_profile"": false, ""m8_cbdr_tight"": false, ""m8_ny_continues_london"": null, ""m10_us500_confirms"": null, ""m11_smt_divergence"": null, ""m12_topdown_agree"": false, ""m13_bridge_window_fvg"": false}"
2026-05-22,US500,ny_am,True,REV,named_extreme_raid+htf_pd+mss,2026-05-22T10:00:00,bearish,7492.845,7500.154,allowlist:not_on_mint_allowlist,pdh,bullish,aligned,D_FVG_bear_2026-05-18,1.8631823778902759,2.0,target,7.3090000000001965,0.13681762210972406,sha256:1765fe0ecf573ed8,kernel_ticket:pass:kernel_session_ticket|direction:pass:determined|risk:pass:within_caps|allowlist:FAIL:not_on_mint_allowlist|mode:pass:paper|contract:FAIL:hermes_integration_i0_ftn_never_actionable,"{""m1_correct_side_of_eq"": true, ""m2_false_breakout"": false, ""m4_fvg_in_displacement"": true, ""m3_iof_aligned"": true, ""m5_ipda20_discount"": true, ""m6_with_20d_swing"": false, ""m7_osok_profile"": false, ""m8_cbdr_tight"": false, ""m8_ny_continues_london"": false, ""m10_us500_confirms"": null, ""m11_smt_divergence"": null, ""m12_topdown_agree"": false, ""m13_bridge_window_fvg"": true}"
2026-05-26,US500,ny_am,True,REV,named_extreme_raid+htf_pd+mss,2026-05-26T10:00:00,bearish,7524.548,7535.899,allowlist:not_on_mint_allowlist,pdh,bullish,qualified,D_FVG_bull_2026-05-22,-1.0880979649370055,-1.0,stop,11.351000000000568,0.08809796493700556,sha256:2260c85f9d855035,kernel_ticket:pass:kernel_session_ticket|direction:pass:determined|risk:pass:within_caps|allowlist:FAIL:not_on_mint_allowlist|mode:pass:paper|contract:FAIL:hermes_integration_i0_ftn_never_actionable,"{""m1_correct_side_of_eq"": true, ""m2_false_breakout"": false, ""m4_fvg_in_displacement"": true, ""m3_iof_aligned"": false, ""m5_ipda20_discount"": true, ""m6_with_20d_swing"": false, ""m7_osok_profile"": true, ""m8_cbdr_tight"": true, ""m8_ny_continues_london"": true, ""m10_us500_confirms"": null, ""m11_smt_divergence"": null, ""m12_topdown_agree"": false, ""m13_bridge_window_fvg"": true}"
2026-05-28,US500,ny_am,True,REV,named_extreme_raid+htf_pd+mss,2026-05-28T07:15:00,bullish,7502.945,7489.436,allowlist:not_on_mint_allowlist,pdl,bullish,qualified,D_FVG_bull_2026-05-26,1.925975275742098,2.0,target,13.509000000000015,0.07402472425790206,sha256:5240be871693220c,kernel_ticket:pass:kernel_session_ticket|direction:pass:determined|risk:pass:within_caps|allowlist:FAIL:not_on_mint_allowlist|mode:pass:paper|contract:FAIL:hermes_integration_i0_ftn_never_actionable,"{""m1_correct_side_of_eq"": true, ""m2_false_breakout"": false, ""m4_fvg_in_displacement"": true, ""m3_iof_aligned"": false, ""m5_ipda20_discount"": false, ""m6_with_20d_swing"": true, ""m7_osok_profile"": false, ""m8_cbdr_tight"": true, ""m8_ny_continues_london"": true, ""m10_us500_confirms"": null, ""m11_smt_divergence"": null, ""m12_topdown_agree"": true, ""m13_bridge_window_fvg"": false}"
2026-05-29,US500,london,True,REV,named_extreme_raid+htf_pd+mss,2026-05-29T03:30:00,bearish,7570.233,7578.299,allowlist:not_on_mint_allowlist,pdh,bullish,aligned,D_FVG_bull_2026-05-26,-1.1239771881973748,-1.0,stop,8.065999999999804,0.1239771881973747,sha256:5db0b85a58692f9c,kernel_ticket:pass:kernel_session_ticket|direction:pass:determined|risk:pass:within_caps|allowlist:FAIL:not_on_mint_allowlist|mode:pass:paper|contract:FAIL:hermes_integration_i0_ftn_never_actionable,"{""m1_correct_side_of_eq"": true, ""m2_false_breakout"": false, ""m4_fvg_in_displacement"": false, ""m3_iof_aligned"": true, ""m5_ipda20_discount"": true, ""m6_with_20d_swing"": false, ""m7_osok_profile"": false, ""m8_cbdr_tight"": true, ""m8_ny_continues_london"": null, ""m10_us500_confirms"": null, ""m11_smt_divergence"": null, ""m12_topdown_agree"": false, ""m13_bridge_window_fvg"": false}"
2026-05-29,US500,ny_am,True,REV,named_extreme_raid+htf_pd+mss,2026-05-29T10:00:00,bearish,7594.899,7596.899,allowlist:not_on_mint_allowlist,pdh,bullish,aligned,D_FVG_bull_2026-05-26,-1.5,-1.0,stop,2.0,0.5,sha256:b650041666af0c48,kernel_ticket:pass:kernel_session_ticket|direction:pass:determined|risk:pass:within_caps|allowlist:FAIL:not_on_mint_allowlist|mode:pass:paper|contract:FAIL:hermes_integration_i0_ftn_never_actionable,"{""m1_correct_side_of_eq"": true, ""m2_false_breakout"": false, ""m4_fvg_in_displacement"": true, ""m3_iof_aligned"": true, ""m5_ipda20_discount"": true, ""m6_with_20d_swing"": false, ""m7_osok_profile"": false, ""m8_cbdr_tight"": true, ""m8_ny_continues_london"": true, ""m10_us500_confirms"": null, ""m11_smt_divergence"": null, ""m12_topdown_agree"": false, ""m13_bridge_window_fvg"": true}"
2026-06-01,US500,london,True,REV,named_extreme_raid+htf_pd+mss,2026-06-01T02:15:00,bearish,7604.245,7606.942,allowlist:not_on_mint_allowlist,pdh,bullish,aligned,D_FVG_bull_2026-05-29,-1.3707823507600878,-1.0,stop,2.6970000000001164,0.3707823507600878,sha256:e3dccad9c8d4eb7c,kernel_ticket:pass:kernel_session_ticket|direction:pass:determined|risk:pass:within_caps|allowlist:FAIL:not_on_mint_allowlist|mode:pass:paper|contract:FAIL:hermes_integration_i0_ftn_never_actionable,"{""m1_correct_side_of_eq"": true, ""m2_false_breakout"": false, ""m4_fvg_in_displacement"": false, ""m3_iof_aligned"": true, ""m5_ipda20_discount"": true, ""m6_with_20d_swing"": false, ""m7_osok_profile"": true, ""m8_cbdr_tight"": true, ""m8_ny_continues_london"": null, ""m10_us500_confirms"": null, ""m11_smt_divergence"": null, ""m12_topdown_agree"": false, ""m13_bridge_window_fvg"": false}"
2026-06-15,US500,london,True,REV,named_extreme_raid+htf_pd+mss,2026-06-15T02:30:00,bearish,7522.242,7527.499,allowlist:not_on_mint_allowlist,pdh,bullish,aligned,D_FVG_bear_2026-06-08,-1.190222560395677,-1.0,stop,5.256999999999607,0.19022256039567714,sha256:17f8fecdda4e4de2,kernel_ticket:pass:kernel_session_ticket|direction:pass:determined|risk:pass:within_caps|allowlist:FAIL:not_on_mint_allowlist|mode:pass:paper|contract:FAIL:hermes_integration_i0_ftn_never_actionable,"{""m1_correct_side_of_eq"": true, ""m2_false_breakout"": false, ""m4_fvg_in_displacement"": false, ""m3_iof_aligned"": true, ""m5_ipda20_discount"": true, ""m6_with_20d_swing"": true, ""m7_osok_profile"": true, ""m8_cbdr_tight"": true, ""m8_ny_continues_london"": null, ""m10_us500_confirms"": null, ""m11_smt_divergence"": null, ""m12_topdown_agree"": false, ""m13_bridge_window_fvg"": false}"
2026-06-15,US500,ny_am,True,REV,named_extreme_raid+htf_pd+mss,2026-06-15T10:00:00,bearish,7544.142,7552.899,allowlist:not_on_mint_allowlist,pdh,bullish,aligned,D_FVG_bear_2026-06-08,-1.1141943587986687,-1.0,stop,8.757000000000517,0.11419435879866861,sha256:d7c3ce26209fc283,kernel_ticket:pass:kernel_session_ticket|direction:pass:determined|risk:pass:within_caps|allowlist:FAIL:not_on_mint_allowlist|mode:pass:paper|contract:FAIL:hermes_integration_i0_ftn_never_actionable,"{""m1_correct_side_of_eq"": true, ""m2_false_breakout"": false, ""m4_fvg_in_displacement"": true, ""m3_iof_aligned"": true, ""m5_ipda20_discount"": true, ""m6_with_20d_swing"": true, ""m7_osok_profile"": true, ""m8_cbdr_tight"": true, ""m8_ny_continues_london"": true, ""m10_us500_confirms"": null, ""m11_smt_divergence"": null, ""m12_topdown_agree"": false, ""m13_bridge_window_fvg"": true}"
2026-06-22,US500,ny_am,True,REV,named_extreme_raid+htf_pd+mss,2026-06-22T10:00:00,bearish,7528.036,7529.439,allowlist:not_on_mint_allowlist,pdh,bullish,aligned,D_FVG_bear_2026-06-08,1.2872416250892205,2.0,target,1.4030000000002474,0.7127583749107795,sha256:eab5f83e0c04b5f3,kernel_ticket:pass:kernel_session_ticket|direction:pass:determined|risk:pass:within_caps|allowlist:FAIL:not_on_mint_allowlist|mode:pass:paper|contract:FAIL:hermes_integration_i0_ftn_never_actionable,"{""m1_correct_side_of_eq"": true, ""m2_false_breakout"": true, ""m4_fvg_in_displacement"": false, ""m3_iof_aligned"": true, ""m5_ipda20_discount"": true, ""m6_with_20d_swing"": false, ""m7_osok_profile"": true, ""m8_cbdr_tight"": true, ""m8_ny_continues_london"": false, ""m10_us500_confirms"": null, ""m11_smt_divergence"": null, ""m12_topdown_agree"": false, ""m13_bridge_window_fvg"": false}"
2026-06-26,US500,london,True,REV,named_extreme_raid+htf_pd+mss,2026-06-26T02:15:00,bullish,7309.498,7298.239,allowlist:not_on_mint_allowlist,pdl,bearish,qualified,D_FVG_bear_2026-06-24,1.9111821653788081,2.0,target,11.259000000000015,0.08881783462119182,sha256:5dc81426cfa9838c,kernel_ticket:pass:kernel_session_ticket|direction:pass:determined|risk:pass:within_caps|allowlist:FAIL:not_on_mint_allowlist|mode:pass:paper|contract:FAIL:hermes_integration_i0_ftn_never_actionable,"{""m1_correct_side_of_eq"": true, ""m2_false_breakout"": false, ""m4_fvg_in_displacement"": true, ""m3_iof_aligned"": false, ""m5_ipda20_discount"": true, ""m6_with_20d_swing"": false, ""m7_osok_profile"": false, ""m8_cbdr_tight"": false, ""m8_ny_continues_london"": null, ""m10_us500_confirms"": null, ""m11_smt_divergence"": null, ""m12_topdown_agree"": false, ""m13_bridge_window_fvg"": false}"
2026-06-29,US500,ny_am,True,REV,named_extreme_raid+htf_pd+mss,2026-06-29T07:15:00,bearish,7398.736,7407.428,allowlist:not_on_mint_allowlist,pdh,bearish,qualified,D_FVG_bear_2026-06-24,-1.1150483202945236,-1.0,stop,8.692000000000007,0.11504832029452361,sha256:d4b947408a7056de,kernel_ticket:pass:kernel_session_ticket|direction:pass:determined|risk:pass:within_caps|allowlist:FAIL:not_on_mint_allowlist|mode:pass:paper|contract:FAIL:hermes_integration_i0_ftn_never_actionable,"{""m1_correct_side_of_eq"": true, ""m2_false_breakout"": true, ""m4_fvg_in_displacement"": true, ""m3_iof_aligned"": false, ""m5_ipda20_discount"": false, ""m6_with_20d_swing"": true, ""m7_osok_profile"": true, ""m8_cbdr_tight"": false, ""m8_ny_continues_london"": true, ""m10_us500_confirms"": null, ""m11_smt_divergence"": null, ""m12_topdown_agree"": true, ""m13_bridge_window_fvg"": false}"
2026-06-30,US500,london,True,REV,named_extreme_raid+htf_pd+mss,2026-06-30T04:30:00,bearish,7448.881,7454.354,allowlist:not_on_mint_allowlist,pdh,bullish,qualified,D_FVG_bear_2026-06-24,1.817284852914305,2.0,target,5.472999999999956,0.18271514708569486,sha256:b298e80c96f3d883,kernel_ticket:pass:kernel_session_ticket|direction:pass:determined|risk:pass:within_caps|allowlist:FAIL:not_on_mint_allowlist|mode:pass:paper|contract:FAIL:hermes_integration_i0_ftn_never_actionable,"{""m1_correct_side_of_eq"": true, ""m2_false_breakout"": false, ""m4_fvg_in_displacement"": true, ""m3_iof_aligned"": false, ""m5_ipda20_discount"": true, ""m6_with_20d_swing"": true, ""m7_osok_profile"": true, ""m8_cbdr_tight"": true, ""m8_ny_continues_london"": null, ""m10_us500_confirms"": null, ""m11_smt_divergence"": null, ""m12_topdown_agree"": false, ""m13_bridge_window_fvg"": false}"
2026-06-30,US500,ny_am,True,REV,named_extreme_raid+htf_pd+mss,2026-06-30T10:00:00,bearish,7466.892,7468.262,allowlist:not_on_mint_allowlist,pdh,bullish,aligned,D_FVG_bear_2026-06-24,1.2700729927006718,2.0,target,1.3699999999998909,0.7299270072993282,sha256:6dff0b60594b0499,kernel_ticket:pass:kernel_session_ticket|direction:pass:determined|risk:pass:within_caps|allowlist:FAIL:not_on_mint_allowlist|mode:pass:paper|contract:FAIL:hermes_integration_i0_ftn_never_actionable,"{""m1_correct_side_of_eq"": true, ""m2_false_breakout"": false, ""m4_fvg_in_displacement"": true, ""m3_iof_aligned"": true, ""m5_ipda20_discount"": true, ""m6_with_20d_swing"": true, ""m7_osok_profile"": true, ""m8_cbdr_tight"": true, ""m8_ny_continues_london"": true, ""m10_us500_confirms"": null, ""m11_smt_divergence"": null, ""m12_topdown_agree"": false, ""m13_bridge_window_fvg"": true}"
2026-07-08,US500,london,True,REV,named_extreme_raid+htf_pd+mss,2026-07-08T04:45:00,bullish,7436.328,7426.636,allowlist:not_on_mint_allowlist,pdl,bearish,qualified,D_FVG_bull_2026-07-01,-1.1031778786628146,-1.0,stop,9.692000000000007,0.10317787866281461,sha256:c27b5cfed79a1883,kernel_ticket:pass:kernel_session_ticket|direction:pass:determined|risk:pass:within_caps|allowlist:FAIL:not_on_mint_allowlist|mode:pass:paper|contract:FAIL:hermes_integration_i0_ftn_never_actionable,"{""m1_correct_side_of_eq"": true, ""m2_false_breakout"": false, ""m4_fvg_in_displacement"": false, ""m3_iof_aligned"": false, ""m5_ipda20_discount"": false, ""m6_with_20d_swing"": true, ""m7_osok_profile"": true, ""m8_cbdr_tight"": true, ""m8_ny_continues_london"": null, ""m10_us500_confirms"": null, ""m11_smt_divergence"": null, ""m12_topdown_agree"": false, ""m13_bridge_window_fvg"": false}"
2026-07-08,US500,ny_am,True,REV,named_extreme_raid+htf_pd+mss,2026-07-08T07:15:00,bullish,7434.933,7417.698,allowlist:not_on_mint_allowlist,pdl,bearish,qualified,D_FVG_bull_2026-07-01,1.9419785320568599,2.0,target,17.234999999999673,0.058021467943140066,sha256:55b5f777e59804cf,kernel_ticket:pass:kernel_session_ticket|direction:pass:determined|risk:pass:within_caps|allowlist:FAIL:not_on_mint_allowlist|mode:pass:paper|contract:FAIL:hermes_integration_i0_ftn_never_actionable,"{""m1_correct_side_of_eq"": true, ""m2_false_breakout"": false, ""m4_fvg_in_displacement"": true, ""m3_iof_aligned"": false, ""m5_ipda20_discount"": false, ""m6_with_20d_swing"": true, ""m7_osok_profile"": true, ""m8_cbdr_tight"": true, ""m8_ny_continues_london"": false, ""m10_us500_confirms"": null, ""m11_smt_divergence"": null, ""m12_topdown_agree"": false, ""m13_bridge_window_fvg"": false}"
2026-07-10,US500,ny_am,True,REV,named_extreme_raid+htf_pd+mss,2026-07-10T08:45:00,bearish,7542.559,7549.559,allowlist:not_on_mint_allowlist,pdh,bullish,qualified,D_FVG_bull_2026-06-16,-1.1428571428571428,-1.0,stop,7.0,0.14285714285714285,sha256:1d7ab03a6041b150,kernel_ticket:pass:kernel_session_ticket|direction:pass:determined|risk:pass:within_caps|allowlist:FAIL:not_on_mint_allowlist|mode:pass:paper|contract:FAIL:hermes_integration_i0_ftn_never_actionable,"{""m1_correct_side_of_eq"": true, ""m2_false_breakout"": true, ""m4_fvg_in_displacement"": false, ""m3_iof_aligned"": false, ""m5_ipda20_discount"": true, ""m6_with_20d_swing"": false, ""m7_osok_profile"": false, ""m8_cbdr_tight"": true, ""m8_ny_continues_london"": true, ""m10_us500_confirms"": null, ""m11_smt_divergence"": null, ""m12_topdown_agree"": false, ""m13_bridge_window_fvg"": false}"
2026-07-15,US500,london,True,REV,named_extreme_raid+htf_pd+mss,2026-07-15T02:15:00,bearish,7563.874,7570.169,allowlist:not_on_mint_allowlist,pdh,bullish,qualified,D_FVG_bull_2026-06-16,1.8411437648927738,2.0,target,6.295000000000073,0.15885623510722613,sha256:ede11bc6b1c02bca,kernel_ticket:pass:kernel_session_ticket|direction:pass:determined|risk:pass:within_caps|allowlist:FAIL:not_on_mint_allowlist|mode:pass:paper|contract:FAIL:hermes_integration_i0_ftn_never_actionable,"{""m1_correct_side_of_eq"": true, ""m2_false_breakout"": true, ""m4_fvg_in_displacement"": false, ""m3_iof_aligned"": false, ""m5_ipda20_discount"": true, ""m6_with_20d_swing"": false, ""m7_osok_profile"": true, ""m8_cbdr_tight"": true, ""m8_ny_continues_london"": null, ""m10_us500_confirms"": null, ""m11_smt_divergence"": null, ""m12_topdown_agree"": false, ""m13_bridge_window_fvg"": false}"
2026-07-15,US500,ny_am,True,REV,named_extreme_raid+htf_pd+mss,2026-07-15T10:00:00,bearish,7570.371,7582.871,allowlist:not_on_mint_allowlist,pdh,bullish,aligned,D_FVG_bull_2026-06-16,1.92,2.0,target,12.5,0.08,sha256:f4f3509e37859d6e,kernel_ticket:pass:kernel_session_ticket|direction:pass:determined|risk:pass:within_caps|allowlist:FAIL:not_on_mint_allowlist|mode:pass:paper|contract:FAIL:hermes_integration_i0_ftn_never_actionable,"{""m1_correct_side_of_eq"": true, ""m2_false_breakout"": true, ""m4_fvg_in_displacement"": true, ""m3_iof_aligned"": true, ""m5_ipda20_discount"": true, ""m6_with_20d_swing"": false, ""m7_osok_profile"": true, ""m8_cbdr_tight"": true, ""m8_ny_continues_london"": true, ""m10_us500_confirms"": null, ""m11_smt_divergence"": null, ""m12_topdown_agree"": false, ""m13_bridge_window_fvg"": true}"
2026-07-16,US500,london,True,REV,named_extreme_raid+htf_pd+mss,2026-07-16T02:15:00,bearish,7577.819,7588.828,allowlist:not_on_mint_allowlist,pdh,bullish,qualified,D_FVG_bull_2026-06-16,1.9091652284494505,2.0,target,11.009000000000015,0.09083477155054943,sha256:5102a8ebbb90fd7f,kernel_ticket:pass:kernel_session_ticket|direction:pass:determined|risk:pass:within_caps|allowlist:FAIL:not_on_mint_allowlist|mode:pass:paper|contract:FAIL:hermes_integration_i0_ftn_never_actionable,"{""m1_correct_side_of_eq"": true, ""m2_false_breakout"": false, ""m4_fvg_in_displacement"": true, ""m3_iof_aligned"": false, ""m5_ipda20_discount"": true, ""m6_with_20d_swing"": false, ""m7_osok_profile"": false, ""m8_cbdr_tight"": true, ""m8_ny_continues_london"": null, ""m10_us500_confirms"": null, ""m11_smt_divergence"": null, ""m12_topdown_agree"": false, ""m13_bridge_window_fvg"": false}"
2026-07-17,US500,ny_am,True,REV,named_extreme_raid+htf_pd+mss,2026-07-17T09:30:00,bullish,7443.089,7440.165,allowlist:not_on_mint_allowlist,pdl,bearish,aligned,D_FVG_bull_2026-07-01,-1.3419972640218905,-1.0,stop,2.923999999999978,0.3419972640218904,sha256:66ec1c7e8ebb0eed,kernel_ticket:pass:kernel_session_ticket|direction:pass:determined|risk:pass:within_caps|allowlist:FAIL:not_on_mint_allowlist|mode:pass:paper|contract:FAIL:hermes_integration_i0_ftn_never_actionable,"{""m1_correct_side_of_eq"": true, ""m2_false_breakout"": false, ""m4_fvg_in_displacement"": true, ""m3_iof_aligned"": true, ""m5_ipda20_discount"": false, ""m6_with_20d_swing"": true, ""m7_osok_profile"": false, ""m8_cbdr_tight"": false, ""m8_ny_continues_london"": false, ""m10_us500_confirms"": null, ""m11_smt_divergence"": null, ""m12_topdown_agree"": false, ""m13_bridge_window_fvg"": true}"
2026-07-27,US500,ny_am,True,REV,named_extreme_raid+htf_pd+mss,2026-07-27T10:00:00,bearish,7440.048,7490.278,allowlist:not_on_mint_allowlist,pdh,bearish,aligned,D_FVG_bull_2026-07-01,0.49456500099540934,0.5144734222576031,time,50.23000000000047,0.01990842126219372,sha256:20598d1f08328db5,kernel_ticket:pass:kernel_session_ticket|direction:pass:determined|risk:pass:within_caps|allowlist:FAIL:not_on_mint_allowlist|mode:pass:paper|contract:FAIL:hermes_integration_i0_ftn_never_actionable,"{""m1_correct_side_of_eq"": true, ""m2_false_breakout"": false, ""m4_fvg_in_displacement"": true, ""m3_iof_aligned"": true, ""m5_ipda20_discount"": true, ""m6_with_20d_swing"": false, ""m7_osok_profile"": true, ""m8_cbdr_tight"": false, ""m8_ny_continues_london"": false, ""m10_us500_confirms"": null, ""m11_smt_divergence"": null, ""m12_topdown_agree"": true, ""m13_bridge_window_fvg"": true}"
2026-07-29,US500,ny_am,True,REV,named_extreme_raid+htf_pd+mss,2026-07-29T08:15:00,bearish,7437.635,7458.771,allowlist:not_on_mint_allowlist,pdh,bullish,aligned,D_FVG_bull_2026-06-30,1.9526873580620732,2.0,target,21.135999999999513,0.047312641937926905,sha256:e6c150f562d04aa5,kernel_ticket:pass:kernel_session_ticket|direction:pass:determined|risk:pass:within_caps|allowlist:FAIL:not_on_mint_allowlist|mode:pass:paper|contract:FAIL:hermes_integration_i0_ftn_never_actionable,"{""m1_correct_side_of_eq"": true, ""m2_false_breakout"": true, ""m4_fvg_in_displacement"": false, ""m3_iof_aligned"": true, ""m5_ipda20_discount"": false, ""m6_with_20d_swing"": true, ""m7_osok_profile"": true, ""m8_cbdr_tight"": false, ""m8_ny_continues_london"": false, ""m10_us500_confirms"": null, ""m11_smt_divergence"": null, ""m12_topdown_agree"": false, ""m13_bridge_window_fvg"": false}"
2026-07-31,US500,london,True,REV,named_extreme_raid+htf_pd+mss,2026-07-31T02:15:00,bearish,7481.164,7482.784,allowlist:not_on_mint_allowlist,pdh,bullish,qualified,D_FVG_bear_2026-07-24,1.3827160493826745,2.0,target,1.6199999999998909,0.6172839506173255,sha256:60ff24c150c480c6,kernel_ticket:pass:kernel_session_ticket|direction:pass:determined|risk:pass:within_caps|allowlist:FAIL:not_on_mint_allowlist|mode:pass:paper|contract:FAIL:hermes_integration_i0_ftn_never_actionable,"{""m1_correct_side_of_eq"": true, ""m2_false_breakout"": false, ""m4_fvg_in_displacement"": false, ""m3_iof_aligned"": false, ""m5_ipda20_discount"": true, ""m6_with_20d_swing"": true, ""m7_osok_profile"": false, ""m8_cbdr_tight"": false, ""m8_ny_continues_london"": null, ""m10_us500_confirms"": null, ""m11_smt_divergence"": null, ""m12_topdown_agree"": false, ""m13_bridge_window_fvg"": false}"
2026-08-03,US500,london,True,REV,named_extreme_raid+htf_pd+mss,2026-08-03T02:30:00,bearish,7531.549,7539.612,allowlist:not_on_mint_allowlist,pdh,bullish,qualified,D_FVG_bear_2026-07-24,1.8759766836165215,2.0,target,8.063000000000102,0.12402331638347852,sha256:a16eaad2c9539f50,kernel_ticket:pass:kernel_session_ticket|direction:pass:determined|risk:pass:within_caps|allowlist:FAIL:not_on_mint_allowlist|mode:pass:paper|contract:FAIL:hermes_integration_i0_ftn_never_actionable,"{""m1_correct_side_of_eq"": true, ""m2_false_breakout"": false, ""m4_fvg_in_displacement"": false, ""m3_iof_aligned"": false, ""m5_ipda20_discount"": true, ""m6_with_20d_swing"": false, ""m7_osok_profile"": true, ""m8_cbdr_tight"": false, ""m8_ny_continues_london"": null, ""m10_us500_confirms"": null, ""m11_smt_divergence"": null, ""m12_topdown_agree"": false, ""m13_bridge_window_fvg"": false}"
2026-08-03,US500,ny_am,True,REV,named_extreme_raid+htf_pd+mss,2026-08-03T10:00:00,bearish,7559.736,7560.998,allowlist:not_on_mint_allowlist,pdh,bullish,aligned,D_FVG_bear_2026-07-24,1.2076069730584589,2.0,target,1.2619999999997162,0.7923930269415411,sha256:d6a9e565df821fe9,kernel_ticket:pass:kernel_session_ticket|direction:pass:determined|risk:pass:within_caps|allowlist:FAIL:not_on_mint_allowlist|mode:pass:paper|contract:FAIL:hermes_integration_i0_ftn_never_actionable,"{""m1_correct_side_of_eq"": true, ""m2_false_breakout"": false, ""m4_fvg_in_displacement"": true, ""m3_iof_aligned"": true, ""m5_ipda20_discount"": true, ""m6_with_20d_swing"": false, ""m7_osok_profile"": true, ""m8_cbdr_tight"": false, ""m8_ny_continues_london"": true, ""m10_us500_confirms"": null, ""m11_smt_divergence"": null, ""m12_topdown_agree"": false, ""m13_bridge_window_fvg"": true}"
2026-08-04,US500,london,True,REV,named_extreme_raid+htf_pd+mss,2026-08-04T02:45:00,bearish,7617.031,7624.079,allowlist:not_on_mint_allowlist,pdh,bullish,aligned,D_FVG_bull_2026-08-03,-1.1418842224744654,-1.0,stop,7.0479999999997744,0.1418842224744654,sha256:8aa320effb83aa70,kernel_ticket:pass:kernel_session_ticket|direction:pass:determined|risk:pass:within_caps|allowlist:FAIL:not_on_mint_allowlist|mode:pass:paper|contract:FAIL:hermes_integration_i0_ftn_never_actionable,"{""m1_correct_side_of_eq"": true, ""m2_false_breakout"": false, ""m4_fvg_in_displacement"": false, ""m3_iof_aligned"": true, ""m5_ipda20_discount"": true, ""m6_with_20d_swing"": false, ""m7_osok_profile"": true, ""m8_cbdr_tight"": true, ""m8_ny_continues_london"": null, ""m10_us500_confirms"": null, ""m11_smt_divergence"": null, ""m12_topdown_agree"": false, ""m13_bridge_window_fvg"": false}"
2026-08-04,US500,ny_am,True,REV,named_extreme_raid+htf_pd+mss,2026-08-04T10:00:00,bearish,7658.175,7660.608,allowlist:not_on_mint_allowlist,pdh,bullish,aligned,D_FVG_bull_2026-08-03,-1.4110152075626812,-1.0,stop,2.4329999999999927,0.41101520756268106,sha256:a5ba1c3242d8f97d,kernel_ticket:pass:kernel_session_ticket|direction:pass:determined|risk:pass:within_caps|allowlist:FAIL:not_on_mint_allowlist|mode:pass:paper|contract:FAIL:hermes_integration_i0_ftn_never_actionable,"{""m1_correct_side_of_eq"": true, ""m2_false_breakout"": false, ""m4_fvg_in_displacement"": true, ""m3_iof_aligned"": true, ""m5_ipda20_discount"": true, ""m6_with_20d_swing"": false, ""m7_osok_profile"": true, ""m8_cbdr_tight"": true, ""m8_ny_continues_london"": true, ""m10_us500_confirms"": null, ""m11_smt_divergence"": null, ""m12_topdown_agree"": false, ""m13_bridge_window_fvg"": true}"
2026-08-05,US500,london,True,REV,named_extreme_raid+htf_pd+mss,2026-08-05T02:15:00,bearish,7772.301,7774.178,allowlist:not_on_mint_allowlist,pdh,bullish,aligned,D_FVG_bull_2026-08-04,1.4672349493871777,2.0,target,1.876999999999498,0.5327650506128223,sha256:b9d3c53191906d09,kernel_ticket:pass:kernel_session_ticket|direction:pass:determined|risk:pass:within_caps|allowlist:FAIL:not_on_mint_allowlist|mode:pass:paper|contract:FAIL:hermes_integration_i0_ftn_never_actionable,"{""m1_correct_side_of_eq"": true, ""m2_false_breakout"": false, ""m4_fvg_in_displacement"": false, ""m3_iof_aligned"": true, ""m5_ipda20_discount"": true, ""m6_with_20d_swing"": false, ""m7_osok_profile"": true, ""m8_cbdr_tight"": true, ""m8_ny_continues_london"": null, ""m10_us500_confirms"": null, ""m11_smt_divergence"": null, ""m12_topdown_agree"": false, ""m13_bridge_window_fvg"": false}"
2026-08-05,US500,ny_am,True,REV,named_extreme_raid+htf_pd+mss,2026-08-05T10:00:00,bearish,7792.198,7794.542,allowlist:not_on_mint_allowlist,pdh,bullish,aligned,D_FVG_bull_2026-08-04,1.5733788395904529,2.0,target,2.344000000000051,0.42662116040954706,sha256:e4f087757853e162,kernel_ticket:pass:kernel_session_ticket|direction:pass:determined|risk:pass:within_caps|allowlist:FAIL:not_on_mint_allowlist|mode:pass:paper|contract:FAIL:hermes_integration_i0_ftn_never_actionable,"{""m1_correct_side_of_eq"": true, ""m2_false_breakout"": false, ""m4_fvg_in_displacement"": true, ""m3_iof_aligned"": true, ""m5_ipda20_discount"": true, ""m6_with_20d_swing"": false, ""m7_osok_profile"": true, ""m8_cbdr_tight"": true, ""m8_ny_continues_london"": true, ""m10_us500_confirms"": null, ""m11_smt_divergence"": null, ""m12_topdown_agree"": false, ""m13_bridge_window_fvg"": true}"
2026-08-10,US500,london,True,REV,named_extreme_raid+htf_pd+mss,2026-08-10T02:30:00,bearish,7761.679,7770.131,allowlist:not_on_mint_allowlist,pdh,bullish,aligned,D_FVG_bull_2026-08-05,-1.1183151916706073,-1.0,stop,8.452000000000226,0.11831519167060735,sha256:f7e8ebad7afaa969,kernel_ticket:pass:kernel_session_ticket|direction:pass:determined|risk:pass:within_caps|allowlist:FAIL:not_on_mint_allowlist|mode:pass:paper|contract:FAIL:hermes_integration_i0_ftn_never_actionable,"{""m1_correct_side_of_eq"": true, ""m2_false_breakout"": false, ""m4_fvg_in_displacement"": false, ""m3_iof_aligned"": true, ""m5_ipda20_discount"": true, ""m6_with_20d_swing"": false, ""m7_osok_profile"": true, ""m8_cbdr_tight"": true, ""m8_ny_continues_london"": null, ""m10_us500_confirms"": null, ""m11_smt_divergence"": null, ""m12_topdown_agree"": false, ""m13_bridge_window_fvg"": false}"
2026-08-13,US500,ny_am,True,REV,named_extreme_raid+htf_pd+mss,2026-08-13T10:00:00,bearish,7799.214,7800.749,allowlist:not_on_mint_allowlist,pdh,bullish,aligned,D_FVG_bull_2026-08-05,-1.6514657980456644,-1.0,stop,1.5349999999998545,0.6514657980456644,sha256:51f6a61c4a560fe9,kernel_ticket:pass:kernel_session_ticket|direction:pass:determined|risk:pass:within_caps|allowlist:FAIL:not_on_mint_allowlist|mode:pass:paper|contract:FAIL:hermes_integration_i0_ftn_never_actionable,"{""m1_correct_side_of_eq"": true, ""m2_false_breakout"": false, ""m4_fvg_in_displacement"": false, ""m3_iof_aligned"": true, ""m5_ipda20_discount"": true, ""m6_with_20d_swing"": false, ""m7_osok_profile"": false, ""m8_cbdr_tight"": true, ""m8_ny_continues_london"": false, ""m10_us500_confirms"": null, ""m11_smt_divergence"": null, ""m12_topdown_agree"": false, ""m13_bridge_window_fvg"": false}"
2026-08-18,US500,london,True,REV,named_extreme_raid+htf_pd+mss,2026-08-18T02:15:00,bullish,7715.116,7705.483,allowlist:not_on_mint_allowlist,pdl,bearish,aligned,D_FVG_bull_2026-08-14,-1.1038098204090128,-1.0,stop,9.63299999999981,0.10380982040901274,sha256:837261e7141fb590,kernel_ticket:pass:kernel_session_ticket|direction:pass:determined|risk:pass:within_caps|allowlist:FAIL:not_on_mint_allowlist|mode:pass:paper|contract:FAIL:hermes_integration_i0_ftn_never_actionable,"{""m1_correct_side_of_eq"": true, ""m2_false_breakout"": false, ""m4_fvg_in_displacement"": false, ""m3_iof_aligned"": true, ""m5_ipda20_discount"": false, ""m6_with_20d_swing"": true, ""m7_osok_profile"": true, ""m8_cbdr_tight"": true, ""m8_ny_continues_london"": null, ""m10_us500_confirms"": null, ""m11_smt_divergence"": null, ""m12_topdown_agree"": false, ""m13_bridge_window_fvg"": false}"
2026-08-18,US500,ny_am,True,REV,named_extreme_raid+htf_pd+mss,2026-08-18T07:15:00,bullish,7715.378,7695.401,allowlist:not_on_mint_allowlist,pdl,bearish,qualified,D_FVG_bull_2026-08-14,-1.0500575662011316,-1.0,stop,19.97699999999986,0.05005756620113165,sha256:db2c5d466d60403c,kernel_ticket:pass:kernel_session_ticket|direction:pass:determined|risk:pass:within_caps|allowlist:FAIL:not_on_mint_allowlist|mode:pass:paper|contract:FAIL:hermes_integration_i0_ftn_never_actionable,"{""m1_correct_side_of_eq"": true, ""m2_false_breakout"": false, ""m4_fvg_in_displacement"": false, ""m3_iof_aligned"": false, ""m5_ipda20_discount"": false, ""m6_with_20d_swing"": true, ""m7_osok_profile"": true, ""m8_cbdr_tight"": true, ""m8_ny_continues_london"": false, ""m10_us500_confirms"": null, ""m11_smt_divergence"": null, ""m12_topdown_agree"": false, ""m13_bridge_window_fvg"": false}"
2026-08-19,US500,london,True,REV,named_extreme_raid+htf_pd+mss,2026-08-19T02:30:00,bullish,7685.062,7676.442,allowlist:not_on_mint_allowlist,pdl,bearish,aligned,D_FVG_bear_2026-08-18,1.8839907192575391,2.0,target,8.61999999999989,0.11600928074246086,sha256:66300bc0c9f4dcb7,kernel_ticket:pass:kernel_session_ticket|direction:pass:determined|risk:pass:within_caps|allowlist:FAIL:not_on_mint_allowlist|mode:pass:paper|contract:FAIL:hermes_integration_i0_ftn_never_actionable,"{""m1_correct_side_of_eq"": true, ""m2_false_breakout"": false, ""m4_fvg_in_displacement"": false, ""m3_iof_aligned"": true, ""m5_ipda20_discount"": false, ""m6_with_20d_swing"": true, ""m7_osok_profile"": true, ""m8_cbdr_tight"": true, ""m8_ny_continues_london"": null, ""m10_us500_confirms"": null, ""m11_smt_divergence"": null, ""m12_topdown_agree"": false, ""m13_bridge_window_fvg"": false}"
2026-08-25,US500,ny_am,True,REV,named_extreme_raid+htf_pd+mss,2026-08-25T10:00:00,bearish,7673.819,7698.819,allowlist:not_on_mint_allowlist,pdh,bearish,aligned,D_FVG_bear_2026-08-18,-0.13331999999998514,-0.09331999999998515,time,25.0,0.04,sha256:842b2f8ea61fe161,kernel_ticket:pass:kernel_session_ticket|direction:pass:determined|risk:pass:within_caps|allowlist:FAIL:not_on_mint_allowlist|mode:pass:paper|contract:FAIL:hermes_integration_i0_ftn_never_actionable,"{""m1_correct_side_of_eq"": true, ""m2_false_breakout"": false, ""m4_fvg_in_displacement"": true, ""m3_iof_aligned"": true, ""m5_ipda20_discount"": true, ""m6_with_20d_swing"": false, ""m7_osok_profile"": true, ""m8_cbdr_tight"": true, ""m8_ny_continues_london"": false, ""m10_us500_confirms"": null, ""m11_smt_divergence"": null, ""m12_topdown_agree"": true, ""m13_bridge_window_fvg"": true}"
2026-08-27,US500,ny_am,True,REV,named_extreme_raid+htf_pd+mss,2026-08-27T07:15:00,bearish,7714.486,7721.872,allowlist:not_on_mint_allowlist,pdh,bullish,aligned,D_FVG_bull_2026-08-04,1.8646087191984915,2.0,target,7.386000000000422,0.13539128080150864,sha256:e5b9ef7bf4dcf6a7,kernel_ticket:pass:kernel_session_ticket|direction:pass:determined|risk:pass:within_caps|allowlist:FAIL:not_on_mint_allowlist|mode:pass:paper|contract:FAIL:hermes_integration_i0_ftn_never_actionable,"{""m1_correct_side_of_eq"": true, ""m2_false_breakout"": false, ""m4_fvg_in_displacement"": true, ""m3_iof_aligned"": true, ""m5_ipda20_discount"": true, ""m6_with_20d_swing"": false, ""m7_osok_profile"": false, ""m8_cbdr_tight"": false, ""m8_ny_continues_london"": false, ""m10_us500_confirms"": null, ""m11_smt_divergence"": null, ""m12_topdown_agree"": false, ""m13_bridge_window_fvg"": false}"
2026-08-28,US500,ny_am,True,REV,named_extreme_raid+htf_pd+mss,2026-08-28T09:30:00,bearish,7735.673,7744.944,allowlist:not_on_mint_allowlist,pdh,bullish,aligned,D_FVG_bull_2026-08-05,-1.1078632294250816,-1.0,stop,9.27100000000064,0.10786322942508154,sha256:a77a07aef6918862,kernel_ticket:pass:kernel_session_ticket|direction:pass:determined|risk:pass:within_caps|allowlist:FAIL:not_on_mint_allowlist|mode:pass:paper|contract:FAIL:hermes_integration_i0_ftn_never_actionable,"{""m1_correct_side_of_eq"": true, ""m2_false_breakout"": true, ""m4_fvg_in_displacement"": false, ""m3_iof_aligned"": true, ""m5_ipda20_discount"": true, ""m6_with_20d_swing"": false, ""m7_osok_profile"": false, ""m8_cbdr_tight"": false, ""m8_ny_continues_london"": false, ""m10_us500_confirms"": null, ""m11_smt_divergence"": null, ""m12_topdown_agree"": false, ""m13_bridge_window_fvg"": false}"
2026-08-31,US500,ny_am,True,REV,named_extreme_raid+htf_pd+mss,2026-08-31T10:00:00,bullish,7678.492,7670.363,allowlist:not_on_mint_allowlist,pdl,bearish,aligned,D_FVG_bull_2026-08-28,-1.1230163611760378,-1.0,stop,8.128999999999905,0.12301636117603784,sha256:4725f077030546f9,kernel_ticket:pass:kernel_session_ticket|direction:pass:determined|risk:pass:within_caps|allowlist:FAIL:not_on_mint_allowlist|mode:pass:paper|contract:FAIL:hermes_integration_i0_ftn_never_actionable,"{""m1_correct_side_of_eq"": true, ""m2_false_breakout"": false, ""m4_fvg_in_displacement"": true, ""m3_iof_aligned"": true, ""m5_ipda20_discount"": false, ""m6_with_20d_swing"": true, ""m7_osok_profile"": true, ""m8_cbdr_tight"": true, ""m8_ny_continues_london"": true, ""m10_us500_confirms"": null, ""m11_smt_divergence"": null, ""m12_topdown_agree"": false, ""m13_bridge_window_fvg"": true}"
2026-09-01,US500,ny_am,True,REV,named_extreme_raid+htf_pd+mss,2026-09-01T07:15:00,bullish,7644.989,7637.116,allowlist:not_on_mint_allowlist,pdl,bearish,qualified,D_FVG_bull_2026-08-28,-1.1270163851136863,-1.0,stop,7.8729999999995925,0.12701638511368624,sha256:e5c0d0dad8d2d380,kernel_ticket:pass:kernel_session_ticket|direction:pass:determined|risk:pass:within_caps|allowlist:FAIL:not_on_mint_allowlist|mode:pass:paper|contract:FAIL:hermes_integration_i0_ftn_never_actionable,"{""m1_correct_side_of_eq"": true, ""m2_false_breakout"": true, ""m4_fvg_in_displacement"": true, ""m3_iof_aligned"": false, ""m5_ipda20_discount"": true, ""m6_with_20d_swing"": true, ""m7_osok_profile"": true, ""m8_cbdr_tight"": false, ""m8_ny_continues_london"": false, ""m10_us500_confirms"": null, ""m11_smt_divergence"": null, ""m12_topdown_agree"": false, ""m13_bridge_window_fvg"": false}"
2026-09-02,US500,ny_am,True,REV,named_extreme_raid+htf_pd+mss,2026-09-02T07:30:00,bullish,7625.863,7608.119,allowlist:not_on_mint_allowlist,pdl,bearish,qualified,D_FVG_bull_2026-08-28,1.9436429215509488,2.0,target,17.744000000000597,0.05635707844905131,sha256:2c7a557661e78151,kernel_ticket:pass:kernel_session_ticket|direction:pass:determined|risk:pass:within_caps|allowlist:FAIL:not_on_mint_allowlist|mode:pass:paper|contract:FAIL:hermes_integration_i0_ftn_never_actionable,"{""m1_correct_side_of_eq"": true, ""m2_false_breakout"": true, ""m4_fvg_in_displacement"": false, ""m3_iof_aligned"": false, ""m5_ipda20_discount"": true, ""m6_with_20d_swing"": false, ""m7_osok_profile"": true, ""m8_cbdr_tight"": false, ""m8_ny_continues_london"": false, ""m10_us500_confirms"": null, ""m11_smt_divergence"": null, ""m12_topdown_agree"": false, ""m13_bridge_window_fvg"": false}"
2026-09-03,US500,ny_am,True,REV,named_extreme_raid+htf_pd+mss,2026-09-03T10:00:00,bearish,7712.249,7718.075,allowlist:not_on_mint_allowlist,pdh,bullish,aligned,D_FVG_bear_2026-09-01,1.828355647099211,2.0,target,5.826000000000022,0.17164435290078892,sha256:05840b59d9e227f8,kernel_ticket:pass:kernel_session_ticket|direction:pass:determined|risk:pass:within_caps|allowlist:FAIL:not_on_mint_allowlist|mode:pass:paper|contract:FAIL:hermes_integration_i0_ftn_never_actionable,"{""m1_correct_side_of_eq"": true, ""m2_false_breakout"": true, ""m4_fvg_in_displacement"": true, ""m3_iof_aligned"": true, ""m5_ipda20_discount"": false, ""m6_with_20d_swing"": true, ""m7_osok_profile"": false, ""m8_cbdr_tight"": true, ""m8_ny_continues_london"": false, ""m10_us500_confirms"": null, ""m11_smt_divergence"": null, ""m12_topdown_agree"": false, ""m13_bridge_window_fvg"": true}"
2026-09-04,US500,london,True,REV,named_extreme_raid+htf_pd+mss,2026-09-04T03:00:00,bearish,7748.995,7758.679,allowlist:not_on_mint_allowlist,pdh,bullish,qualified,D_FVG_bear_2026-09-01,1.8967368855844713,2.0,target,9.684000000000196,0.10326311441552868,sha256:0d8a5204df974248,kernel_ticket:pass:kernel_session_ticket|direction:pass:determined|risk:pass:within_caps|allowlist:FAIL:not_on_mint_allowlist|mode:pass:paper|contract:FAIL:hermes_integration_i0_ftn_never_actionable,"{""m1_correct_side_of_eq"": true, ""m2_false_breakout"": true, ""m4_fvg_in_displacement"": true, ""m3_iof_aligned"": false, ""m5_ipda20_discount"": true, ""m6_with_20d_swing"": false, ""m7_osok_profile"": false, ""m8_cbdr_tight"": true, ""m8_ny_continues_london"": null, ""m10_us500_confirms"": null, ""m11_smt_divergence"": null, ""m12_topdown_agree"": false, ""m13_bridge_window_fvg"": false}"
2026-09-08,US500,london,True,REV,named_extreme_raid+htf_pd+mss,2026-09-08T03:15:00,bullish,7700.019,7688.513,allowlist:not_on_mint_allowlist,pdl,bearish,aligned,D_FVG_bear_2026-08-18,-1.0869111767773312,-1.0,stop,11.506000000000313,0.0869111767773312,sha256:7dc208a8e7734da3,kernel_ticket:pass:kernel_session_ticket|direction:pass:determined|risk:pass:within_caps|allowlist:FAIL:not_on_mint_allowlist|mode:pass:paper|contract:FAIL:hermes_integration_i0_ftn_never_actionable,"{""m1_correct_side_of_eq"": true, ""m2_false_breakout"": false, ""m4_fvg_in_displacement"": false, ""m3_iof_aligned"": true, ""m5_ipda20_discount"": true, ""m6_with_20d_swing"": false, ""m7_osok_profile"": true, ""m8_cbdr_tight"": true, ""m8_ny_continues_london"": null, ""m10_us500_confirms"": null, ""m11_smt_divergence"": null, ""m12_topdown_agree"": false, ""m13_bridge_window_fvg"": false}"
2026-09-08,US500,ny_am,True,REV,named_extreme_raid+htf_pd+mss,2026-09-08T10:00:00,bullish,7689.534,7681.266,allowlist:not_on_mint_allowlist,pdl,bearish,aligned,D_FVG_bull_2026-08-28,-1.1209482341557808,-1.0,stop,8.268000000000029,0.1209482341557809,sha256:00ab0bb1e976ab92,kernel_ticket:pass:kernel_session_ticket|direction:pass:determined|risk:pass:within_caps|allowlist:FAIL:not_on_mint_allowlist|mode:pass:paper|contract:FAIL:hermes_integration_i0_ftn_never_actionable,"{""m1_correct_side_of_eq"": true, ""m2_false_breakout"": false, ""m4_fvg_in_displacement"": true, ""m3_iof_aligned"": true, ""m5_ipda20_discount"": true, ""m6_with_20d_swing"": false, ""m7_osok_profile"": true, ""m8_cbdr_tight"": true, ""m8_ny_continues_london"": false, ""m10_us500_confirms"": null, ""m11_smt_divergence"": null, ""m12_topdown_agree"": false, ""m13_bridge_window_fvg"": true}"
2026-09-09,US500,ny_am,True,REV,named_extreme_raid+htf_pd+mss,2026-09-09T07:15:00,bullish,7649.101,7640.986,allowlist:not_on_mint_allowlist,pdl,bearish,aligned,D_FVG_bull_2026-09-04,-1.123228589032659,-1.0,stop,8.114999999999782,0.12322858903265889,sha256:023a0448982a9d04,kernel_ticket:pass:kernel_session_ticket|direction:pass:determined|risk:pass:within_caps|allowlist:FAIL:not_on_mint_allowlist|mode:pass:paper|contract:FAIL:hermes_integration_i0_ftn_never_actionable,"{""m1_correct_side_of_eq"": true, ""m2_false_breakout"": false, ""m4_fvg_in_displacement"": false, ""m3_iof_aligned"": true, ""m5_ipda20_discount"": true, ""m6_with_20d_swing"": false, ""m7_osok_profile"": true, ""m8_cbdr_tight"": false, ""m8_ny_continues_london"": false, ""m10_us500_confirms"": null, ""m11_smt_divergence"": null, ""m12_topdown_agree"": false, ""m13_bridge_window_fvg"": false}"
2026-09-10,US500,ny_am,True,REV,named_extreme_raid+htf_pd+mss,2026-09-10T08:30:00,bullish,7619.942,7616.675,allowlist:not_on_mint_allowlist,pdl,bearish,aligned,D_FVG_bull_2026-09-04,-1.3060912151821407,-1.0,stop,3.2669999999998254,0.3060912151821406,sha256:495b6b61dd06d979,kernel_ticket:pass:kernel_session_ticket|direction:pass:determined|risk:pass:within_caps|allowlist:FAIL:not_on_mint_allowlist|mode:pass:paper|contract:FAIL:hermes_integration_i0_ftn_never_actionable,"{""m1_correct_side_of_eq"": true, ""m2_false_breakout"": true, ""m4_fvg_in_displacement"": false, ""m3_iof_aligned"": true, ""m5_ipda20_discount"": true, ""m6_with_20d_swing"": false, ""m7_osok_profile"": false, ""m8_cbdr_tight"": true, ""m8_ny_continues_london"": false, ""m10_us500_confirms"": null, ""m11_smt_divergence"": null, ""m12_topdown_agree"": false, ""m13_bridge_window_fvg"": false}"
2026-09-18,US500,london,True,REV,named_extreme_raid+htf_pd+mss,2026-09-18T03:00:00,bearish,7666.964,7668.639,allowlist:not_on_mint_allowlist,pdh,bullish,aligned,D_FVG_bear_2026-09-10,-1.5970149253730694,-1.0,stop,1.675000000000182,0.5970149253730695,sha256:cca2cc15efe43be0,kernel_ticket:pass:kernel_session_ticket|direction:pass:determined|risk:pass:within_caps|allowlist:FAIL:not_on_mint_allowlist|mode:pass:paper|contract:FAIL:hermes_integration_i0_ftn_never_actionable,"{""m1_correct_side_of_eq"": true, ""m2_false_breakout"": false, ""m4_fvg_in_displacement"": false, ""m3_iof_aligned"": true, ""m5_ipda20_discount"": true, ""m6_with_20d_swing"": true, ""m7_osok_profile"": false, ""m8_cbdr_tight"": true, ""m8_ny_continues_london"": null, ""m10_us500_confirms"": null, ""m11_smt_divergence"": null, ""m12_topdown_agree"": false, ""m13_bridge_window_fvg"": false}"
2026-09-21,US500,london,True,REV,named_extreme_raid+htf_pd+mss,2026-09-21T02:15:00,bearish,7679.254,7682.245,allowlist:not_on_mint_allowlist,pdh,bullish,aligned,D_FVG_bear_2026-09-10,-1.3343363423604162,-1.0,stop,2.9909999999999854,0.3343363423604162,sha256:84c1d2a4949906c7,kernel_ticket:pass:kernel_session_ticket|direction:pass:determined|risk:pass:within_caps|allowlist:FAIL:not_on_mint_allowlist|mode:pass:paper|contract:FAIL:hermes_integration_i0_ftn_never_actionable,"{""m1_correct_side_of_eq"": true, ""m2_false_breakout"": false, ""m4_fvg_in_displacement"": false, ""m3_iof_aligned"": true, ""m5_ipda20_discount"": true, ""m6_with_20d_swing"": false, ""m7_osok_profile"": true, ""m8_cbdr_tight"": false, ""m8_ny_continues_london"": null, ""m10_us500_confirms"": null, ""m11_smt_divergence"": null, ""m12_topdown_agree"": false, ""m13_bridge_window_fvg"": false}"
2026-09-21,US500,ny_am,True,REV,named_extreme_raid+htf_pd+mss,2026-09-21T07:15:00,bearish,7696.495,7702.004,allowlist:not_on_mint_allowlist,pdh,bullish,aligned,D_FVG_bear_2026-09-10,-1.18152114721365,-1.0,stop,5.5090000000000146,0.1815211472136499,sha256:76cf37326f0162ea,kernel_ticket:pass:kernel_session_ticket|direction:pass:determined|risk:pass:within_caps|allowlist:FAIL:not_on_mint_allowlist|mode:pass:paper|contract:FAIL:hermes_integration_i0_ftn_never_actionable,"{""m1_correct_side_of_eq"": true, ""m2_false_breakout"": false, ""m4_fvg_in_displacement"": false, ""m3_iof_aligned"": true, ""m5_ipda20_discount"": true, ""m6_with_20d_swing"": false, ""m7_osok_profile"": true, ""m8_cbdr_tight"": false, ""m8_ny_continues_london"": false, ""m10_us500_confirms"": null, ""m11_smt_divergence"": null, ""m12_topdown_agree"": false, ""m13_bridge_window_fvg"": false}"
2026-09-24,US500,london,True,REV,named_extreme_raid+htf_pd+mss,2026-09-24T03:15:00,bullish,7679.828,7664.566,allowlist:not_on_mint_allowlist,pdl,bearish,aligned,D_FVG_bull_2026-09-04,-1.0655222120298755,-1.0,stop,15.262000000000626,0.06552221202987545,sha256:85934be96416d7a2,kernel_ticket:pass:kernel_session_ticket|direction:pass:determined|risk:pass:within_caps|allowlist:FAIL:not_on_mint_allowlist|mode:pass:paper|contract:FAIL:hermes_integration_i0_ftn_never_actionable,"{""m1_correct_side_of_eq"": true, ""m2_false_breakout"": false, ""m4_fvg_in_displacement"": true, ""m3_iof_aligned"": true, ""m5_ipda20_discount"": false, ""m6_with_20d_swing"": true, ""m7_osok_profile"": false, ""m8_cbdr_tight"": false, ""m8_ny_continues_london"": null, ""m10_us500_confirms"": null, ""m11_smt_divergence"": null, ""m12_topdown_agree"": false, ""m13_bridge_window_fvg"": false}"
2026-09-24,US500,ny_am,True,REV,named_extreme_raid+htf_pd+mss,2026-09-24T07:15:00,bullish,7666.563,7645.081,allowlist:not_on_mint_allowlist,pdl,bearish,qualified,D_FVG_bull_2026-09-04,1.9534493994972535,2.0,target,21.48199999999997,0.04655060050274655,sha256:394131fad54d89a2,kernel_ticket:pass:kernel_session_ticket|direction:pass:determined|risk:pass:within_caps|allowlist:FAIL:not_on_mint_allowlist|mode:pass:paper|contract:FAIL:hermes_integration_i0_ftn_never_actionable,"{""m1_correct_side_of_eq"": true, ""m2_false_breakout"": false, ""m4_fvg_in_displacement"": true, ""m3_iof_aligned"": false, ""m5_ipda20_discount"": false, ""m6_with_20d_swing"": true, ""m7_osok_profile"": false, ""m8_cbdr_tight"": false, ""m8_ny_continues_london"": false, ""m10_us500_confirms"": null, ""m11_smt_divergence"": null, ""m12_topdown_agree"": false, ""m13_bridge_window_fvg"": false}"
