date,symbol,session,ticket,module,reason,entry_time,direction,entry,stop,blocked_by,raid_level,iof_state,iof_confidence,origin_pd_array,R,R_gross,exit,risk_pts,cost_R,fingerprint,gates,features
2025-08-25,US100,london,False,,insufficient_history_or_bars,,,,,,,,,,,,,,,,,
2025-08-25,US100,ny_am,False,,insufficient_history_or_bars,,,,,,,,,,,,,,,,,
2025-08-26,US100,london,False,,insufficient_history_or_bars,,,,,,,,,,,,,,,,,
2025-08-26,US100,ny_am,False,,insufficient_history_or_bars,,,,,,,,,,,,,,,,,
2025-08-27,US100,london,False,,insufficient_history_or_bars,,,,,,,,,,,,,,,,,
2025-08-27,US100,ny_am,False,,insufficient_history_or_bars,,,,,,,,,,,,,,,,,
2025-08-28,US100,london,False,,insufficient_history_or_bars,,,,,,,,,,,,,,,,,
2025-08-28,US100,ny_am,False,,insufficient_history_or_bars,,,,,,,,,,,,,,,,,
2025-08-29,US100,london,False,,insufficient_history_or_bars,,,,,,,,,,,,,,,,,
2025-08-29,US100,ny_am,False,,insufficient_history_or_bars,,,,,,,,,,,,,,,,,
2025-09-02,US100,london,False,,insufficient_history_or_bars,,,,,,,,,,,,,,,,,
2025-09-02,US100,ny_am,False,,insufficient_history_or_bars,,,,,,,,,,,,,,,,,
2025-09-03,US100,london,False,,insufficient_history_or_bars,,,,,,,,,,,,,,,,,
2025-09-03,US100,ny_am,False,,insufficient_history_or_bars,,,,,,,,,,,,,,,,,
2025-09-04,US100,london,False,,insufficient_history_or_bars,,,,,,,,,,,,,,,,,
2025-09-04,US100,ny_am,False,,insufficient_history_or_bars,,,,,,,,,,,,,,,,,
2025-09-05,US100,london,False,,insufficient_history_or_bars,,,,,,,,,,,,,,,,,
2025-09-05,US100,ny_am,False,,insufficient_history_or_bars,,,,,,,,,,,,,,,,,
2025-09-08,US100,london,False,,insufficient_history_or_bars,,,,,,,,,,,,,,,,,
2025-09-08,US100,ny_am,False,,insufficient_history_or_bars,,,,,,,,,,,,,,,,,
2025-09-09,US100,london,False,,insufficient_history_or_bars,,,,,,,,,,,,,,,,,
2025-09-09,US100,ny_am,False,,insufficient_history_or_bars,,,,,,,,,,,,,,,,,
2025-09-10,US100,london,False,,insufficient_history_or_bars,,,,,,,,,,,,,,,,,
2025-09-10,US100,ny_am,False,,insufficient_history_or_bars,,,,,,,,,,,,,,,,,
2025-09-11,US100,london,False,,insufficient_history_or_bars,,,,,,,,,,,,,,,,,
2025-09-11,US100,ny_am,False,,insufficient_history_or_bars,,,,,,,,,,,,,,,,,
2025-09-12,US100,london,False,,insufficient_history_or_bars,,,,,,,,,,,,,,,,,
2025-09-12,US100,ny_am,False,,insufficient_history_or_bars,,,,,,,,,,,,,,,,,
2025-09-15,US100,london,False,,insufficient_history_or_bars,,,,,,,,,,,,,,,,,
2025-09-15,US100,ny_am,False,,insufficient_history_or_bars,,,,,,,,,,,,,,,,,
2025-09-16,US100,london,False,,insufficient_history_or_bars,,,,,,,,,,,,,,,,,
2025-09-16,US100,ny_am,False,,insufficient_history_or_bars,,,,,,,,,,,,,,,,,
2025-09-17,US100,london,False,,insufficient_history_or_bars,,,,,,,,,,,,,,,,,
2025-09-17,US100,ny_am,False,,insufficient_history_or_bars,,,,,,,,,,,,,,,,,
2025-09-18,US100,london,False,,insufficient_history_or_bars,,,,,,,,,,,,,,,,,
2025-09-18,US100,ny_am,False,,insufficient_history_or_bars,,,,,,,,,,,,,,,,,
2025-09-19,US100,london,False,,insufficient_history_or_bars,,,,,,,,,,,,,,,,,
2025-09-19,US100,ny_am,False,,insufficient_history_or_bars,,,,,,,,,,,,,,,,,
2025-09-22,US100,london,False,,insufficient_history_or_bars,,,,,,,,,,,,,,,,,
2025-09-22,US100,ny_am,False,,insufficient_history_or_bars,,,,,,,,,,,,,,,,,
2025-09-23,US100,london,False,,insufficient_history_or_bars,,,,,,,,,,,,,,,,,
2025-09-23,US100,ny_am,False,,insufficient_history_or_bars,,,,,,,,,,,,,,,,,
2025-09-24,US100,london,False,,insufficient_history_or_bars,,,,,,,,,,,,,,,,,
2025-09-24,US100,ny_am,False,,insufficient_history_or_bars,,,,,,,,,,,,,,,,,
2025-09-25,US100,london,False,,no_selected_candidate,,,,,,,,,,,,,,,,,
2025-09-25,US100,ny_am,True,REV,named_extreme_raid+htf_pd+mss,2025-09-25T09:45:00,bullish,24191.358,24387.941,risk:stop_not_protective,pdl,bearish,aligned,D_FVG_bull_2025-09-19,,,,,,sha256:dd5cbab39d7890f3,kernel_ticket:pass:kernel_session_ticket|direction:pass:determined|risk:FAIL:stop_not_protective|allowlist:FAIL:not_on_mint_allowlist|mode:pass:paper|contract:FAIL:hermes_integration_i0_ftn_never_actionable,
2025-09-26,US100,london,False,,no_selected_candidate,,,,,,,,,,,,,,,,,
2025-09-26,US100,ny_am,False,,no_selected_candidate,,,,,,,,,,,,,,,,,
2025-09-29,US100,london,True,REV,named_extreme_raid+htf_pd+mss,2025-09-29T02:15:00,bearish,24600.243,24517.327,risk:stop_not_protective,pdh,bullish,qualified,D_FVG_bull_2025-09-19,,,,,,sha256:9b6220da51954896,kernel_ticket:pass:kernel_session_ticket|direction:pass:determined|risk:FAIL:stop_not_protective|allowlist:FAIL:not_on_mint_allowlist|mode:pass:paper|contract:FAIL:hermes_integration_i0_ftn_never_actionable,
2025-09-29,US100,ny_am,True,REV,named_extreme_raid+htf_pd+mss,2025-09-29T07:15:00,bearish,24636.697,24517.327,risk:stop_not_protective,pdh,bullish,aligned,D_FVG_bull_2025-09-19,,,,,,sha256:3669c4a64e579800,kernel_ticket:pass:kernel_session_ticket|direction:pass:determined|risk:FAIL:stop_not_protective|allowlist:FAIL:not_on_mint_allowlist|mode:pass:paper|contract:FAIL:hermes_integration_i0_ftn_never_actionable,
2025-09-30,US100,london,False,,no_selected_candidate,,,,,,,,,,,,,,,,,
2025-09-30,US100,ny_am,False,,no_selected_candidate,,,,,,,,,,,,,,,,,
2025-10-01,US100,london,False,,no_selected_candidate,,,,,,,,,,,,,,,,,
2025-10-01,US100,ny_am,True,REV,named_extreme_raid+htf_pd+mss,2025-10-01T10:00:00,bullish,24553.069,24499.036,allowlist:not_on_mint_allowlist,pdl,bullish,qualified,D_FVG_bull_2025-09-19,,,,,,sha256:20d7d4887c3f3d5e,kernel_ticket:pass:kernel_session_ticket|direction:pass:determined|risk:pass:within_caps|allowlist:FAIL:not_on_mint_allowlist|mode:pass:paper|contract:FAIL:hermes_integration_i0_ftn_never_actionable,
2025-10-02,US100,london,False,,no_selected_candidate,,,,,,,,,,,,,,,,,
2025-10-02,US100,ny_am,True,REV,named_extreme_raid+htf_pd+mss,2025-10-02T07:15:00,bearish,24918.272,24815.642,risk:stop_not_protective,pdh,bullish,aligned,D_FVG_bull_2025-09-19,,,,,,sha256:ddd5680c8b831d67,kernel_ticket:pass:kernel_session_ticket|direction:pass:determined|risk:FAIL:stop_not_protective|allowlist:FAIL:not_on_mint_allowlist|mode:pass:paper|contract:FAIL:hermes_integration_i0_ftn_never_actionable,
2025-10-03,US100,london,True,REV,named_extreme_raid+htf_pd+mss,2025-10-03T02:15:00,bearish,24965.816,24965.153,risk:stop_not_protective,pdh,bullish,qualified,D_FVG_bull_2025-10-02,,,,,,sha256:59da6dee76d333f1,kernel_ticket:pass:kernel_session_ticket|direction:pass:determined|risk:FAIL:stop_not_protective|allowlist:FAIL:not_on_mint_allowlist|mode:pass:paper|contract:FAIL:hermes_integration_i0_ftn_never_actionable,
2025-10-03,US100,ny_am,True,REV,named_extreme_raid+htf_pd+mss,2025-10-03T07:15:00,bearish,24949.772,24965.153,allowlist:not_on_mint_allowlist,pdh,bullish,qualified,D_FVG_bull_2025-10-02,,,,,,sha256:912d90622f98d83a,kernel_ticket:pass:kernel_session_ticket|direction:pass:determined|risk:pass:within_caps|allowlist:FAIL:not_on_mint_allowlist|mode:pass:paper|contract:FAIL:hermes_integration_i0_ftn_never_actionable,
2025-10-06,US100,london,False,,no_selected_candidate,,,,,,,,,,,,,,,,,
2025-10-06,US100,ny_am,False,,no_selected_candidate,,,,,,,,,,,,,,,,,
2025-10-07,US100,london,False,,no_selected_candidate,,,,,,,,,,,,,,,,,
2025-10-07,US100,ny_am,True,REV,named_extreme_raid+htf_pd+mss,2025-10-07T09:15:00,bearish,25035.794,25044.779,allowlist:not_on_mint_allowlist,pdh,bullish,aligned,D_FVG_bull_2025-10-02,,,,,,sha256:5d9038fb24fd1493,kernel_ticket:pass:kernel_session_ticket|direction:pass:determined|risk:pass:within_caps|allowlist:FAIL:not_on_mint_allowlist|mode:pass:paper|contract:FAIL:hermes_integration_i0_ftn_never_actionable,
2025-10-08,US100,london,False,,no_selected_candidate,,,,,,,,,,,,,,,,,
2025-10-08,US100,ny_am,False,,no_selected_candidate,,,,,,,,,,,,,,,,,
2025-10-09,US100,london,True,REV,named_extreme_raid+htf_pd+mss,2025-10-09T02:30:00,bearish,25149.37,25142.205,risk:stop_not_protective,pdh,bullish,aligned,D_FVG_bull_2025-10-02,,,,,,sha256:09cb029aa57fbb29,kernel_ticket:pass:kernel_session_ticket|direction:pass:determined|risk:FAIL:stop_not_protective|allowlist:FAIL:not_on_mint_allowlist|mode:pass:paper|contract:FAIL:hermes_integration_i0_ftn_never_actionable,
2025-10-09,US100,ny_am,False,,no_selected_candidate,,,,,,,,,,,,,,,,,
2025-10-10,US100,london,False,,no_selected_candidate,,,,,,,,,,,,,,,,,
2025-10-10,US100,ny_am,False,,no_selected_candidate,,,,,,,,,,,,,,,,,
2025-10-13,US100,london,False,,no_selected_candidate,,,,,,,,,,,,,,,,,
2025-10-13,US100,ny_am,False,,no_selected_candidate,,,,,,,,,,,,,,,,,
2025-10-14,US100,london,False,,no_selected_candidate,,,,,,,,,,,,,,,,,
2025-10-14,US100,ny_am,False,,no_selected_candidate,,,,,,,,,,,,,,,,,
2025-10-15,US100,london,False,,no_selected_candidate,,,,,,,,,,,,,,,,,
2025-10-15,US100,ny_am,False,,no_selected_candidate,,,,,,,,,,,,,,,,,
2025-10-16,US100,london,False,,no_selected_candidate,,,,,,,,,,,,,,,,,
2025-10-16,US100,ny_am,False,,no_selected_candidate,,,,,,,,,,,,,,,,,
2025-10-17,US100,london,True,REV,named_extreme_raid+htf_pd+mss,2025-10-17T02:15:00,bullish,24499.533,24472.881,allowlist:not_on_mint_allowlist,pdl,bearish,aligned,D_FVG_bull_2025-10-02,,,,,,sha256:d91d2c3a713a55e9,kernel_ticket:pass:kernel_session_ticket|direction:pass:determined|risk:pass:within_caps|allowlist:FAIL:not_on_mint_allowlist|mode:pass:paper|contract:FAIL:hermes_integration_i0_ftn_never_actionable,
2025-10-17,US100,ny_am,True,REV,named_extreme_raid+htf_pd+mss,2025-10-17T07:15:00,bullish,24549.414,24472.881,allowlist:not_on_mint_allowlist,pdl,bearish,qualified,D_FVG_bull_2025-10-02,,,,,,sha256:7aa5c89bd3f42992,kernel_ticket:pass:kernel_session_ticket|direction:pass:determined|risk:pass:within_caps|allowlist:FAIL:not_on_mint_allowlist|mode:pass:paper|contract:FAIL:hermes_integration_i0_ftn_never_actionable,
2025-10-20,US100,london,True,REV,named_extreme_raid+htf_pd+mss,2025-10-20T02:15:00,bearish,24927.261,24883.399,risk:stop_not_protective,pdh,bullish,aligned,D_FVG_bull_2025-10-02,,,,,,sha256:53f2a6d84616eab2,kernel_ticket:pass:kernel_session_ticket|direction:pass:determined|risk:FAIL:stop_not_protective|allowlist:FAIL:not_on_mint_allowlist|mode:pass:paper|contract:FAIL:hermes_integration_i0_ftn_never_actionable,
2025-10-20,US100,ny_am,True,REV,named_extreme_raid+htf_pd+mss,2025-10-20T10:00:00,bearish,25057.055,24883.399,risk:stop_not_protective,pdh,bullish,aligned,D_FVG_bear_2025-10-13,,,,,,sha256:fadf154ecbcd1977,kernel_ticket:pass:kernel_session_ticket|direction:pass:determined|risk:FAIL:stop_not_protective|allowlist:FAIL:not_on_mint_allowlist|mode:pass:paper|contract:FAIL:hermes_integration_i0_ftn_never_actionable,
2025-10-21,US100,london,False,,no_selected_candidate,,,,,,,,,,,,,,,,,
2025-10-21,US100,ny_am,False,,no_selected_candidate,,,,,,,,,,,,,,,,,
2025-10-22,US100,london,False,,no_selected_candidate,,,,,,,,,,,,,,,,,
2025-10-22,US100,ny_am,False,,no_selected_candidate,,,,,,,,,,,,,,,,,
2025-10-23,US100,london,False,,no_selected_candidate,,,,,,,,,,,,,,,,,
2025-10-23,US100,ny_am,False,,no_selected_candidate,,,,,,,,,,,,,,,,,
2025-10-24,US100,london,True,REV,named_extreme_raid+htf_pd+mss,2025-10-24T02:15:00,bearish,25216.447,25125.87,risk:stop_not_protective,pdh,bullish,aligned,D_FVG_bull_2025-10-21,,,,,,sha256:6b7470831bbebb9a,kernel_ticket:pass:kernel_session_ticket|direction:pass:determined|risk:FAIL:stop_not_protective|allowlist:FAIL:not_on_mint_allowlist|mode:pass:paper|contract:FAIL:hermes_integration_i0_ftn_never_actionable,
2025-10-24,US100,ny_am,True,REV,named_extreme_raid+htf_pd+mss,2025-10-24T07:15:00,bearish,25229.555,25125.87,risk:stop_not_protective,pdh,bullish,qualified,D_FVG_bull_2025-10-21,,,,,,sha256:f5381c145283ccc6,kernel_ticket:pass:kernel_session_ticket|direction:pass:determined|risk:FAIL:stop_not_protective|allowlist:FAIL:not_on_mint_allowlist|mode:pass:paper|contract:FAIL:hermes_integration_i0_ftn_never_actionable,
2025-10-27,US100,london,True,REV,named_extreme_raid+htf_pd+mss,2025-10-27T02:15:00,bearish,25642.672,25418.088,risk:stop_not_protective,pdh,bullish,aligned,D_FVG_bull_2025-10-21,,,,,,sha256:a47d37c58857d75d,kernel_ticket:pass:kernel_session_ticket|direction:pass:determined|risk:FAIL:stop_not_protective|allowlist:FAIL:not_on_mint_allowlist|mode:pass:paper|contract:FAIL:hermes_integration_i0_ftn_never_actionable,
2025-10-27,US100,ny_am,True,REV,named_extreme_raid+htf_pd+mss,2025-10-27T07:15:00,bearish,25687.238,25418.088,risk:stop_not_protective,pdh,bullish,qualified,D_FVG_bull_2025-10-21,,,,,,sha256:f2cdf59d02202c1d,kernel_ticket:pass:kernel_session_ticket|direction:pass:determined|risk:FAIL:stop_not_protective|allowlist:FAIL:not_on_mint_allowlist|mode:pass:paper|contract:FAIL:hermes_integration_i0_ftn_never_actionable,
2025-10-28,US100,london,False,,no_selected_candidate,,,,,,,,,,,,,,,,,
2025-10-28,US100,ny_am,True,REV,named_extreme_raid+htf_pd+mss,2025-10-28T07:15:00,bearish,25843.925,25834.727,risk:stop_not_protective,pdh,bullish,aligned,D_FVG_bull_2025-10-27,,,,,,sha256:a87340ec5a43cbd3,kernel_ticket:pass:kernel_session_ticket|direction:pass:determined|risk:FAIL:stop_not_protective|allowlist:FAIL:not_on_mint_allowlist|mode:pass:paper|contract:FAIL:hermes_integration_i0_ftn_never_actionable,
2025-10-29,US100,london,True,REV,named_extreme_raid+htf_pd+mss,2025-10-29T02:15:00,bearish,26127.588,26085.772,risk:stop_not_protective,pdh,bullish,aligned,D_FVG_bull_2025-10-28,,,,,,sha256:252df37af2afb6d8,kernel_ticket:pass:kernel_session_ticket|direction:pass:determined|risk:FAIL:stop_not_protective|allowlist:FAIL:not_on_mint_allowlist|mode:pass:paper|contract:FAIL:hermes_integration_i0_ftn_never_actionable,
2025-10-29,US100,ny_am,True,REV,named_extreme_raid+htf_pd+mss,2025-10-29T10:00:00,bearish,26176.0,26085.772,risk:stop_not_protective,pdh,bullish,aligned,D_FVG_bull_2025-10-28,,,,,,sha256:06032b40c9bed257,kernel_ticket:pass:kernel_session_ticket|direction:pass:determined|risk:FAIL:stop_not_protective|allowlist:FAIL:not_on_mint_allowlist|mode:pass:paper|contract:FAIL:hermes_integration_i0_ftn_never_actionable,
2025-10-30,US100,london,False,,no_selected_candidate,,,,,,,,,,,,,,,,,
2025-10-30,US100,ny_am,False,,no_selected_candidate,,,,,,,,,,,,,,,,,
2025-10-31,US100,london,False,,no_selected_candidate,,,,,,,,,,,,,,,,,
2025-10-31,US100,ny_am,False,,no_selected_candidate,,,,,,,,,,,,,,,,,
2025-11-03,US100,london,False,,no_selected_candidate,,,,,,,,,,,,,,,,,
2025-11-03,US100,ny_am,False,,no_selected_candidate,,,,,,,,,,,,,,,,,
2025-11-04,US100,london,False,,no_selected_candidate,,,,,,,,,,,,,,,,,
2025-11-04,US100,ny_am,True,REV,named_extreme_raid+htf_pd+mss,2025-11-04T10:00:00,bullish,25746.149,25879.036,risk:stop_not_protective,pdl,bullish,aligned,D_FVG_bull_2025-10-27,,,,,,sha256:6a31e800d3ee2ebc,kernel_ticket:pass:kernel_session_ticket|direction:pass:determined|risk:FAIL:stop_not_protective|allowlist:FAIL:not_on_mint_allowlist|mode:pass:paper|contract:FAIL:hermes_integration_i0_ftn_never_actionable,
2025-11-05,US100,london,False,,no_selected_candidate,,,,,,,,,,,,,,,,,
2025-11-05,US100,ny_am,True,REV,named_extreme_raid+htf_pd+mss,2025-11-05T07:15:00,bullish,25354.569,25418.208,risk:stop_not_protective,pdl,bearish,qualified,D_FVG_bull_2025-10-28,,,,,,sha256:20791209c4e55956,kernel_ticket:pass:kernel_session_ticket|direction:pass:determined|risk:FAIL:stop_not_protective|allowlist:FAIL:not_on_mint_allowlist|mode:pass:paper|contract:FAIL:hermes_integration_i0_ftn_never_actionable,
2025-11-06,US100,london,False,,no_selected_candidate,,,,,,,,,,,,,,,,,
2025-11-06,US100,ny_am,False,,no_selected_candidate,,,,,,,,,,,,,,,,,
2025-11-07,US100,london,False,,no_selected_candidate,,,,,,,,,,,,,,,,,
2025-11-07,US100,ny_am,True,REV,named_extreme_raid+htf_pd+mss,2025-11-07T07:15:00,bullish,25070.849,25081.343,risk:stop_not_protective,pdl,bearish,aligned,D_FVG_bull_2025-10-27,,,,,,sha256:32d564af04d68809,kernel_ticket:pass:kernel_session_ticket|direction:pass:determined|risk:FAIL:stop_not_protective|allowlist:FAIL:not_on_mint_allowlist|mode:pass:paper|contract:FAIL:hermes_integration_i0_ftn_never_actionable,
2025-11-10,US100,london,False,,no_selected_candidate,,,,,,,,,,,,,,,,,
2025-11-10,US100,ny_am,False,,no_selected_candidate,,,,,,,,,,,,,,,,,
2025-11-11,US100,london,False,,no_selected_candidate,,,,,,,,,,,,,,,,,
2025-11-11,US100,ny_am,False,,no_selected_candidate,,,,,,,,,,,,,,,,,
2025-11-12,US100,london,False,,no_selected_candidate,,,,,,,,,,,,,,,,,
2025-11-12,US100,ny_am,True,REV,named_extreme_raid+htf_pd+mss,2025-11-12T10:00:00,bearish,25491.249,25667.5,allowlist:not_on_mint_allowlist,pdh,bearish,aligned,D_FVG_bear_2025-11-05,,,,,,sha256:16220addca4d5ebc,kernel_ticket:pass:kernel_session_ticket|direction:pass:determined|risk:pass:within_caps|allowlist:FAIL:not_on_mint_allowlist|mode:pass:paper|contract:FAIL:hermes_integration_i0_ftn_never_actionable,
2025-11-13,US100,london,False,,no_selected_candidate,,,,,,,,,,,,,,,,,
2025-11-13,US100,ny_am,True,REV,named_extreme_raid+htf_pd+mss,2025-11-13T09:45:00,bullish,25192.569,25387.341,risk:stop_not_protective,pdl,bearish,aligned,D_FVG_bull_2025-11-11,,,,,,sha256:88b2b78cd9a639ea,kernel_ticket:pass:kernel_session_ticket|direction:pass:determined|risk:FAIL:stop_not_protective|allowlist:FAIL:not_on_mint_allowlist|mode:pass:paper|contract:FAIL:hermes_integration_i0_ftn_never_actionable,
2025-11-14,US100,london,True,REV,named_extreme_raid+htf_pd+mss,2025-11-14T02:15:00,bullish,24885.653,24905.106,risk:stop_not_protective,pdl,bearish,aligned,D_FVG_bull_2025-11-11,,,,,,sha256:f450dc2be69cf43e,kernel_ticket:pass:kernel_session_ticket|direction:pass:determined|risk:FAIL:stop_not_protective|allowlist:FAIL:not_on_mint_allowlist|mode:pass:paper|contract:FAIL:hermes_integration_i0_ftn_never_actionable,
2025-11-14,US100,ny_am,True,REV,named_extreme_raid+htf_pd+mss,2025-11-14T07:15:00,bullish,24657.381,24905.106,risk:stop_not_protective,pdl,bearish,aligned,D_FVG_bull_2025-10-21,,,,,,sha256:30788d61fb6b9499,kernel_ticket:pass:kernel_session_ticket|direction:pass:determined|risk:FAIL:stop_not_protective|allowlist:FAIL:not_on_mint_allowlist|mode:pass:paper|contract:FAIL:hermes_integration_i0_ftn_never_actionable,
2025-11-17,US100,london,False,,no_selected_candidate,,,,,,,,,,,,,,,,,
2025-11-17,US100,ny_am,True,REV,named_extreme_raid+htf_pd+mss,2025-11-17T10:00:00,bearish,25110.849,25200.758,allowlist:not_on_mint_allowlist,pdh,bullish,aligned,D_FVG_bull_2025-10-21,,,,,,sha256:7b27d8dfb2ac11f3,kernel_ticket:pass:kernel_session_ticket|direction:pass:determined|risk:pass:within_caps|allowlist:FAIL:not_on_mint_allowlist|mode:pass:paper|contract:FAIL:hermes_integration_i0_ftn_never_actionable,
2025-11-18,US100,london,True,REV,named_extreme_raid+htf_pd+mss,2025-11-18T02:15:00,bullish,24551.425,24646.62,risk:stop_not_protective,pdl,bearish,aligned,D_FVG_bull_2025-10-21,,,,,,sha256:71daa204822b00fb,kernel_ticket:pass:kernel_session_ticket|direction:pass:determined|risk:FAIL:stop_not_protective|allowlist:FAIL:not_on_mint_allowlist|mode:pass:paper|contract:FAIL:hermes_integration_i0_ftn_never_actionable,
2025-11-18,US100,ny_am,True,REV,named_extreme_raid+htf_pd+mss,2025-11-18T10:00:00,bullish,24438.392,24646.62,risk:stop_not_protective,pdl,bearish,aligned,D_FVG_bull_2025-10-21,,,,,,sha256:00ac7a61d8bd31f9,kernel_ticket:pass:kernel_session_ticket|direction:pass:determined|risk:FAIL:stop_not_protective|allowlist:FAIL:not_on_mint_allowlist|mode:pass:paper|contract:FAIL:hermes_integration_i0_ftn_never_actionable,
2025-11-19,US100,london,False,,no_selected_candidate,,,,,,,,,,,,,,,,,
2025-11-19,US100,ny_am,False,,no_selected_candidate,,,,,,,,,,,,,,,,,
2025-11-20,US100,london,False,,no_selected_candidate,,,,,,,,,,,,,,,,,
2025-11-20,US100,ny_am,False,,no_selected_candidate,,,,,,,,,,,,,,,,,
2025-11-21,US100,london,False,,no_selected_candidate,,,,,,,,,,,,,,,,,
2025-11-21,US100,ny_am,True,REV,named_extreme_raid+htf_pd+mss,2025-11-21T07:15:00,bullish,23944.099,24011.924,risk:stop_not_protective,pdl,bearish,aligned,D_FVG_bear_2025-11-14,,,,,,sha256:4443380fc8a7fab3,kernel_ticket:pass:kernel_session_ticket|direction:pass:determined|risk:FAIL:stop_not_protective|allowlist:FAIL:not_on_mint_allowlist|mode:pass:paper|contract:FAIL:hermes_integration_i0_ftn_never_actionable,
2025-11-24,US100,london,False,,no_selected_candidate,,,,,,,,,,,,,,,,,
2025-11-24,US100,ny_am,False,,no_selected_candidate,,,,,,,,,,,,,,,,,
2025-11-25,US100,london,False,,no_selected_candidate,,,,,,,,,,,,,,,,,
2025-11-25,US100,ny_am,False,,no_selected_candidate,,,,,,,,,,,,,,,,,
2025-11-26,US100,london,True,REV,named_extreme_raid+htf_pd+mss,2025-11-26T02:30:00,bearish,25167.381,25066.381,risk:stop_not_protective,pdh,bullish,aligned,D_FVG_bull_2025-11-25,,,,,,sha256:1d9264877cdb9900,kernel_ticket:pass:kernel_session_ticket|direction:pass:determined|risk:FAIL:stop_not_protective|allowlist:FAIL:not_on_mint_allowlist|mode:pass:paper|contract:FAIL:hermes_integration_i0_ftn_never_actionable,
2025-11-26,US100,ny_am,False,,no_selected_candidate,,,,,,,,,,,,,,,,,
2025-12-01,US100,london,False,,no_selected_candidate,,,,,,,,,,,,,,,,,
2025-12-01,US100,ny_am,False,,no_selected_candidate,,,,,,,,,,,,,,,,,
2025-12-02,US100,london,False,,no_selected_candidate,,,,,,,,,,,,,,,,,
2025-12-02,US100,ny_am,False,,no_selected_candidate,,,,,,,,,,,,,,,,,
2025-12-03,US100,london,True,REV,named_extreme_raid+htf_pd+mss,2025-12-03T02:15:00,bearish,25620.305,25621.149,allowlist:not_on_mint_allowlist,pdh,bullish,qualified,D_FVG_bull_2025-11-11,,,,,,sha256:00cd849b3da74939,kernel_ticket:pass:kernel_session_ticket|direction:pass:determined|risk:pass:within_caps|allowlist:FAIL:not_on_mint_allowlist|mode:pass:paper|contract:FAIL:hermes_integration_i0_ftn_never_actionable,
2025-12-03,US100,ny_am,False,,no_selected_candidate,,,,,,,,,,,,,,,,,
2025-12-04,US100,london,False,,no_selected_candidate,,,,,,,,,,,,,,,,,
2025-12-04,US100,ny_am,False,,no_selected_candidate,,,,,,,,,,,,,,,,,
2025-12-05,US100,london,False,,no_selected_candidate,,,,,,,,,,,,,,,,,
2025-12-05,US100,ny_am,False,,no_selected_candidate,,,,,,,,,,,,,,,,,
2025-12-08,US100,london,False,,no_selected_candidate,,,,,,,,,,,,,,,,,
2025-12-08,US100,ny_am,False,,no_selected_candidate,,,,,,,,,,,,,,,,,
2025-12-09,US100,london,False,,no_selected_candidate,,,,,,,,,,,,,,,,,
2025-12-09,US100,ny_am,False,,no_selected_candidate,,,,,,,,,,,,,,,,,
2025-12-10,US100,london,False,,no_selected_candidate,,,,,,,,,,,,,,,,,
2025-12-10,US100,ny_am,False,,no_selected_candidate,,,,,,,,,,,,,,,,,
2025-12-11,US100,london,False,,no_selected_candidate,,,,,,,,,,,,,,,,,
2025-12-11,US100,ny_am,True,REV,named_extreme_raid+htf_pd+mss,2025-12-11T07:15:00,bullish,25616.261,25500.215,allowlist:not_on_mint_allowlist,pdl,bullish,aligned,D_FVG_bull_2025-11-11,,,,,,sha256:f317743b251d3bac,kernel_ticket:pass:kernel_session_ticket|direction:pass:determined|risk:pass:within_caps|allowlist:FAIL:not_on_mint_allowlist|mode:pass:paper|contract:FAIL:hermes_integration_i0_ftn_never_actionable,
2025-12-12,US100,london,False,,no_selected_candidate,,,,,,,,,,,,,,,,,
2025-12-12,US100,ny_am,False,,no_selected_candidate,,,,,,,,,,,,,,,,,
2025-12-15,US100,london,False,,no_selected_candidate,,,,,,,,,,,,,,,,,
2025-12-15,US100,ny_am,False,,no_selected_candidate,,,,,,,,,,,,,,,,,
2025-12-16,US100,london,True,REV,named_extreme_raid+htf_pd+mss,2025-12-16T02:15:00,bullish,24857.881,25015.687,risk:stop_not_protective,pdl,bearish,qualified,D_FVG_bull_2025-11-26,,,,,,sha256:d5e00bca43e956cc,kernel_ticket:pass:kernel_session_ticket|direction:pass:determined|risk:FAIL:stop_not_protective|allowlist:FAIL:not_on_mint_allowlist|mode:pass:paper|contract:FAIL:hermes_integration_i0_ftn_never_actionable,
2025-12-16,US100,ny_am,False,,no_selected_candidate,,,,,,,,,,,,,,,,,
2025-12-17,US100,london,False,,no_selected_candidate,,,,,,,,,,,,,,,,,
2025-12-17,US100,ny_am,True,REV,named_extreme_raid+htf_pd+mss,2025-12-17T08:15:00,bearish,25208.099,25189.659,risk:stop_not_protective,pdh,bullish,qualified,D_FVG_bull_2025-12-01,,,,,,sha256:e67763ec45335d48,kernel_ticket:pass:kernel_session_ticket|direction:pass:determined|risk:FAIL:stop_not_protective|allowlist:FAIL:not_on_mint_allowlist|mode:pass:paper|contract:FAIL:hermes_integration_i0_ftn_never_actionable,
2025-12-18,US100,london,False,,no_selected_candidate,,,,,,,,,,,,,,,,,
2025-12-18,US100,ny_am,False,,no_selected_candidate,,,,,,,,,,,,,,,,,
2025-12-19,US100,london,False,,no_selected_candidate,,,,,,,,,,,,,,,,,
2025-12-19,US100,ny_am,True,REV,named_extreme_raid+htf_pd+mss,2025-12-19T10:00:00,bearish,25323.783,25164.229,risk:stop_not_protective,pdh,bullish,aligned,D_FVG_bull_2025-12-01,,,,,,sha256:b6edc8a475757b0e,kernel_ticket:pass:kernel_session_ticket|direction:pass:determined|risk:FAIL:stop_not_protective|allowlist:FAIL:not_on_mint_allowlist|mode:pass:paper|contract:FAIL:hermes_integration_i0_ftn_never_actionable,
2025-12-22,US100,london,False,,no_selected_candidate,,,,,,,,,,,,,,,,,
2025-12-22,US100,ny_am,True,REV,named_extreme_raid+htf_pd+mss,2025-12-22T07:15:00,bearish,25473.947,25363.925,risk:stop_not_protective,pdh,bullish,qualified,D_FVG_bull_2025-12-01,,,,,,sha256:86a566d8a7d66d38,kernel_ticket:pass:kernel_session_ticket|direction:pass:determined|risk:FAIL:stop_not_protective|allowlist:FAIL:not_on_mint_allowlist|mode:pass:paper|contract:FAIL:hermes_integration_i0_ftn_never_actionable,
2025-12-23,US100,london,False,,no_selected_candidate,,,,,,,,,,,,,,,,,
2025-12-23,US100,ny_am,True,REV,named_extreme_raid+htf_pd+mss,2025-12-23T09:00:00,bullish,25388.342,25392.697,risk:stop_not_protective,pdl,bullish,qualified,D_FVG_bull_2025-12-01,,,,,,sha256:3ce441034e687d66,kernel_ticket:pass:kernel_session_ticket|direction:pass:determined|risk:FAIL:stop_not_protective|allowlist:FAIL:not_on_mint_allowlist|mode:pass:paper|contract:FAIL:hermes_integration_i0_ftn_never_actionable,
2025-12-26,US100,london,False,,no_selected_candidate,,,,,,,,,,,,,,,,,
2025-12-26,US100,ny_am,True,REV,named_extreme_raid+htf_pd+mss,2025-12-26T07:15:00,bearish,25655.381,25590.228,risk:stop_not_protective,pdh,bullish,qualified,D_FVG_bull_2025-12-23,,,,,,sha256:9b2efe43e23b51fa,kernel_ticket:pass:kernel_session_ticket|direction:pass:determined|risk:FAIL:stop_not_protective|allowlist:FAIL:not_on_mint_allowlist|mode:pass:paper|contract:FAIL:hermes_integration_i0_ftn_never_actionable,
2025-12-29,US100,london,True,REV,named_extreme_raid+htf_pd+mss,2025-12-29T03:45:00,bullish,25540.892,25614.947,risk:stop_not_protective,pdl,bearish,aligned,D_FVG_bull_2025-12-26,,,,,,sha256:860c96b013ef0643,kernel_ticket:pass:kernel_session_ticket|direction:pass:determined|risk:FAIL:stop_not_protective|allowlist:FAIL:not_on_mint_allowlist|mode:pass:paper|contract:FAIL:hermes_integration_i0_ftn_never_actionable,
2025-12-29,US100,ny_am,True,REV,named_extreme_raid+htf_pd+mss,2025-12-29T07:15:00,bullish,25552.12,25614.947,risk:stop_not_protective,pdl,bearish,qualified,D_FVG_bull_2025-12-26,,,,,,sha256:af5a79cefcaa8137,kernel_ticket:pass:kernel_session_ticket|direction:pass:determined|risk:FAIL:stop_not_protective|allowlist:FAIL:not_on_mint_allowlist|mode:pass:paper|contract:FAIL:hermes_integration_i0_ftn_never_actionable,
2025-12-30,US100,london,False,,no_selected_candidate,,,,,,,,,,,,,,,,,
2025-12-30,US100,ny_am,False,,no_selected_candidate,,,,,,,,,,,,,,,,,
2025-12-31,US100,london,True,REV,named_extreme_raid+htf_pd+mss,2025-12-31T02:15:00,bullish,25376.392,25456.235,risk:stop_not_protective,pdl,bearish,aligned,D_FVG_bull_2025-12-26,,,,,,sha256:bae5807eb9ee27de,kernel_ticket:pass:kernel_session_ticket|direction:pass:determined|risk:FAIL:stop_not_protective|allowlist:FAIL:not_on_mint_allowlist|mode:pass:paper|contract:FAIL:hermes_integration_i0_ftn_never_actionable,
2025-12-31,US100,ny_am,True,REV,named_extreme_raid+htf_pd+mss,2025-12-31T07:15:00,bullish,25399.044,25456.235,risk:stop_not_protective,pdl,bearish,qualified,D_FVG_bull_2025-12-26,,,,,,sha256:d5cafc7f4451c17d,kernel_ticket:pass:kernel_session_ticket|direction:pass:determined|risk:FAIL:stop_not_protective|allowlist:FAIL:not_on_mint_allowlist|mode:pass:paper|contract:FAIL:hermes_integration_i0_ftn_never_actionable,
2026-01-02,US100,london,False,,no_selected_candidate,,,,,,,,,,,,,,,,,
2026-01-02,US100,ny_am,False,,no_selected_candidate,,,,,,,,,,,,,,,,,
2026-01-05,US100,london,False,,no_selected_candidate,,,,,,,,,,,,,,,,,
2026-01-05,US100,ny_am,False,,no_selected_candidate,,,,,,,,,,,,,,,,,
2026-01-06,US100,london,False,,no_selected_candidate,,,,,,,,,,,,,,,,,
2026-01-06,US100,ny_am,False,,no_selected_candidate,,,,,,,,,,,,,,,,,
2026-01-07,US100,london,False,,no_selected_candidate,,,,,,,,,,,,,,,,,
2026-01-07,US100,ny_am,True,REV,named_extreme_raid+htf_pd+mss,2026-01-07T10:00:00,bearish,25675.275,25651.801,risk:stop_not_protective,pdh,bullish,aligned,D_FVG_bear_2025-12-30,,,,,,sha256:06d6b21fd4ff0d87,kernel_ticket:pass:kernel_session_ticket|direction:pass:determined|risk:FAIL:stop_not_protective|allowlist:FAIL:not_on_mint_allowlist|mode:pass:paper|contract:FAIL:hermes_integration_i0_ftn_never_actionable,
2026-01-08,US100,london,True,REV,named_extreme_raid+htf_pd+mss,2026-01-08T02:15:00,bullish,25539.853,25544.349,risk:stop_not_protective,pdl,bearish,aligned,D_FVG_bull_2025-12-26,,,,,,sha256:be1084838933104e,kernel_ticket:pass:kernel_session_ticket|direction:pass:determined|risk:FAIL:stop_not_protective|allowlist:FAIL:not_on_mint_allowlist|mode:pass:paper|contract:FAIL:hermes_integration_i0_ftn_never_actionable,
2026-01-08,US100,ny_am,True,REV,named_extreme_raid+htf_pd+mss,2026-01-08T10:00:00,bullish,25427.761,25544.349,risk:stop_not_protective,pdl,bearish,aligned,D_FVG_bull_2026-01-07,,,,,,sha256:debda24601615f0c,kernel_ticket:pass:kernel_session_ticket|direction:pass:determined|risk:FAIL:stop_not_protective|allowlist:FAIL:not_on_mint_allowlist|mode:pass:paper|contract:FAIL:hermes_integration_i0_ftn_never_actionable,
2026-01-09,US100,london,False,,no_selected_candidate,,,,,,,,,,,,,,,,,
2026-01-09,US100,ny_am,False,,no_selected_candidate,,,,,,,,,,,,,,,,,
2026-01-12,US100,london,False,,no_selected_candidate,,,,,,,,,,,,,,,,,
2026-01-12,US100,ny_am,False,,no_selected_candidate,,,,,,,,,,,,,,,,,
2026-01-13,US100,london,False,,no_selected_candidate,,,,,,,,,,,,,,,,,
2026-01-13,US100,ny_am,True,REV,named_extreme_raid+htf_pd+mss,2026-01-13T10:00:00,bearish,25782.425,25851.296,allowlist:not_on_mint_allowlist,pdh,bullish,qualified,D_FVG_bear_2025-12-30,,,,,,sha256:1a05c70b78755e70,kernel_ticket:pass:kernel_session_ticket|direction:pass:determined|risk:pass:within_caps|allowlist:FAIL:not_on_mint_allowlist|mode:pass:paper|contract:FAIL:hermes_integration_i0_ftn_never_actionable,
2026-01-14,US100,london,False,,no_selected_candidate,,,,,,,,,,,,,,,,,
2026-01-14,US100,ny_am,True,REV,named_extreme_raid+htf_pd+mss,2026-01-14T09:30:00,bullish,25576.261,25640.393,risk:stop_not_protective,pdl,bearish,aligned,D_FVG_bear_2025-12-30,,,,,,sha256:8b5c3e624746cf25,kernel_ticket:pass:kernel_session_ticket|direction:pass:determined|risk:FAIL:stop_not_protective|allowlist:FAIL:not_on_mint_allowlist|mode:pass:paper|contract:FAIL:hermes_integration_i0_ftn_never_actionable,
2026-01-15,US100,london,False,,no_selected_candidate,,,,,,,,,,,,,,,,,
2026-01-15,US100,ny_am,False,,no_selected_candidate,,,,,,,,,,,,,,,,,
2026-01-16,US100,london,False,,no_selected_candidate,,,,,,,,,,,,,,,,,
2026-01-16,US100,ny_am,False,,no_selected_candidate,,,,,,,,,,,,,,,,,
2026-01-20,US100,london,True,REV,named_extreme_raid+htf_pd+mss,2026-01-20T02:15:00,bullish,25136.708,25437.305,risk:stop_not_protective,pdl,bearish,aligned,D_FVG_bull_2025-12-22,,,,,,sha256:04f24914b2af3f9e,kernel_ticket:pass:kernel_session_ticket|direction:pass:determined|risk:FAIL:stop_not_protective|allowlist:FAIL:not_on_mint_allowlist|mode:pass:paper|contract:FAIL:hermes_integration_i0_ftn_never_actionable,
2026-01-20,US100,ny_am,True,REV,named_extreme_raid+htf_pd+mss,2026-01-20T07:15:00,bullish,25095.577,25437.305,risk:stop_not_protective,pdl,bearish,qualified,D_FVG_bull_2025-12-22,,,,,,sha256:7ce6101f7dd8165f,kernel_ticket:pass:kernel_session_ticket|direction:pass:determined|risk:FAIL:stop_not_protective|allowlist:FAIL:not_on_mint_allowlist|mode:pass:paper|contract:FAIL:hermes_integration_i0_ftn_never_actionable,
2026-01-21,US100,london,False,,no_selected_candidate,,,,,,,,,,,,,,,,,
2026-01-21,US100,ny_am,True,REV,named_extreme_raid+htf_pd+mss,2026-01-21T07:15:00,bullish,24915.311,24944.849,risk:stop_not_protective,pdl,bearish,aligned,D_FVG_bull_2025-12-22,,,,,,sha256:fb8a28b01a6ce3e6,kernel_ticket:pass:kernel_session_ticket|direction:pass:determined|risk:FAIL:stop_not_protective|allowlist:FAIL:not_on_mint_allowlist|mode:pass:paper|contract:FAIL:hermes_integration_i0_ftn_never_actionable,
2026-01-22,US100,london,False,,no_selected_candidate,,,,,,,,,,,,,,,,,
2026-01-22,US100,ny_am,True,REV,named_extreme_raid+htf_pd+mss,2026-01-22T07:15:00,bearish,25525.016,25502.64,risk:stop_not_protective,pdh,bullish,qualified,D_FVG_bull_2025-12-23,,,,,,sha256:8c4123a28bec3f28,kernel_ticket:pass:kernel_session_ticket|direction:pass:determined|risk:FAIL:stop_not_protective|allowlist:FAIL:not_on_mint_allowlist|mode:pass:paper|contract:FAIL:hermes_integration_i0_ftn_never_actionable,
2026-01-23,US100,london,False,,no_selected_candidate,,,,,,,,,,,,,,,,,
2026-01-23,US100,ny_am,False,,no_selected_candidate,,,,,,,,,,,,,,,,,
2026-01-26,US100,london,False,,no_selected_candidate,,,,,,,,,,,,,,,,,
2026-01-26,US100,ny_am,False,,no_selected_candidate,,,,,,,,,,,,,,,,,
2026-01-27,US100,london,True,REV,named_extreme_raid+htf_pd+mss,2026-01-27T02:15:00,bearish,25876.044,25796.745,risk:stop_not_protective,pdh,bullish,qualified,D_FVG_bear_2025-12-30,,,,,,sha256:95e3373c5e7ba42c,kernel_ticket:pass:kernel_session_ticket|direction:pass:determined|risk:FAIL:stop_not_protective|allowlist:FAIL:not_on_mint_allowlist|mode:pass:paper|contract:FAIL:hermes_integration_i0_ftn_never_actionable,
2026-01-27,US100,ny_am,True,REV,named_extreme_raid+htf_pd+mss,2026-01-27T07:15:00,bearish,25887.5,25796.745,risk:stop_not_protective,pdh,bullish,aligned,D_FVG_bear_2025-12-30,,,,,,sha256:9b0547c6154c4bda,kernel_ticket:pass:kernel_session_ticket|direction:pass:determined|risk:FAIL:stop_not_protective|allowlist:FAIL:not_on_mint_allowlist|mode:pass:paper|contract:FAIL:hermes_integration_i0_ftn_never_actionable,
2026-01-28,US100,london,True,REV,named_extreme_raid+htf_pd+mss,2026-01-28T02:15:00,bearish,26191.903,25982.416,risk:stop_not_protective,pdh,bullish,aligned,D_FVG_bull_2026-01-27,,,,,,sha256:3c5fa4e8734ffdf4,kernel_ticket:pass:kernel_session_ticket|direction:pass:determined|risk:FAIL:stop_not_protective|allowlist:FAIL:not_on_mint_allowlist|mode:pass:paper|contract:FAIL:hermes_integration_i0_ftn_never_actionable,
2026-01-28,US100,ny_am,True,REV,named_extreme_raid+htf_pd+mss,2026-01-28T07:15:00,bearish,26162.87,25982.416,risk:stop_not_protective,pdh,bullish,aligned,D_FVG_bull_2026-01-27,,,,,,sha256:d9111d705e416403,kernel_ticket:pass:kernel_session_ticket|direction:pass:determined|risk:FAIL:stop_not_protective|allowlist:FAIL:not_on_mint_allowlist|mode:pass:paper|contract:FAIL:hermes_integration_i0_ftn_never_actionable,
2026-01-29,US100,london,False,,no_selected_candidate,,,,,,,,,,,,,,,,,
2026-01-29,US100,ny_am,False,,no_selected_candidate,,,,,,,,,,,,,,,,,
2026-01-30,US100,london,False,,no_selected_candidate,,,,,,,,,,,,,,,,,
2026-01-30,US100,ny_am,False,,no_selected_candidate,,,,,,,,,,,,,,,,,
2026-02-02,US100,london,True,REV,named_extreme_raid+htf_pd+mss,2026-02-02T03:45:00,bullish,25292.279,25454.7,risk:stop_not_protective,pdl,bearish,qualified,D_FVG_bull_2026-01-07,,,,,,sha256:6cc441b86d214d0c,kernel_ticket:pass:kernel_session_ticket|direction:pass:determined|risk:FAIL:stop_not_protective|allowlist:FAIL:not_on_mint_allowlist|mode:pass:paper|contract:FAIL:hermes_integration_i0_ftn_never_actionable,
2026-02-02,US100,ny_am,False,,no_selected_candidate,,,,,,,,,,,,,,,,,
2026-02-03,US100,london,True,REV,named_extreme_raid+htf_pd+mss,2026-02-03T03:15:00,bearish,25909.342,25833.119,risk:stop_not_protective,pdh,bullish,aligned,D_FVG_bull_2026-01-28,,,,,,sha256:4fd40b4fe3b8dc0e,kernel_ticket:pass:kernel_session_ticket|direction:pass:determined|risk:FAIL:stop_not_protective|allowlist:FAIL:not_on_mint_allowlist|mode:pass:paper|contract:FAIL:hermes_integration_i0_ftn_never_actionable,
2026-02-03,US100,ny_am,False,,no_selected_candidate,,,,,,,,,,,,,,,,,
2026-02-04,US100,london,False,,no_selected_candidate,,,,,,,,,,,,,,,,,
2026-02-04,US100,ny_am,False,,no_selected_candidate,,,,,,,,,,,,,,,,,
2026-02-05,US100,london,False,,no_selected_candidate,,,,,,,,,,,,,,,,,
2026-02-05,US100,ny_am,True,REV,named_extreme_raid+htf_pd+mss,2026-02-05T08:00:00,bullish,24693.447,24680.097,allowlist:not_on_mint_allowlist,pdl,bearish,aligned,D_FVG_bull_2026-01-22,,,,,,sha256:f5d4adc9c493a9dc,kernel_ticket:pass:kernel_session_ticket|direction:pass:determined|risk:pass:within_caps|allowlist:FAIL:not_on_mint_allowlist|mode:pass:paper|contract:FAIL:hermes_integration_i0_ftn_never_actionable,
2026-02-06,US100,london,False,,no_selected_candidate,,,,,,,,,,,,,,,,,
2026-02-06,US100,ny_am,False,,no_selected_candidate,,,,,,,,,,,,,,,,,
2026-02-09,US100,london,False,,no_selected_candidate,,,,,,,,,,,,,,,,,
2026-02-09,US100,ny_am,False,,no_selected_candidate,,,,,,,,,,,,,,,,,
2026-02-10,US100,london,False,,no_selected_candidate,,,,,,,,,,,,,,,,,
2026-02-10,US100,ny_am,False,,no_selected_candidate,,,,,,,,,,,,,,,,,
2026-02-11,US100,london,False,,no_selected_candidate,,,,,,,,,,,,,,,,,
2026-02-11,US100,ny_am,True,REV,named_extreme_raid+htf_pd+mss,2026-02-11T07:15:00,bullish,25190.816,25113.903,allowlist:not_on_mint_allowlist,pdl,bearish,qualified,D_FVG_bull_2026-01-22,,,,,,sha256:49b465b1f85305da,kernel_ticket:pass:kernel_session_ticket|direction:pass:determined|risk:pass:within_caps|allowlist:FAIL:not_on_mint_allowlist|mode:pass:paper|contract:FAIL:hermes_integration_i0_ftn_never_actionable,
2026-02-12,US100,london,False,,no_selected_candidate,,,,,,,,,,,,,,,,,
2026-02-12,US100,ny_am,False,,no_selected_candidate,,,,,,,,,,,,,,,,,
2026-02-13,US100,london,True,REV,named_extreme_raid+htf_pd+mss,2026-02-13T02:15:00,bullish,24662.686,24642.57,allowlist:not_on_mint_allowlist,pdl,bearish,qualified,D_FVG_bear_2026-02-05,,,,,,sha256:d55c2214f48dd423,kernel_ticket:pass:kernel_session_ticket|direction:pass:determined|risk:pass:within_caps|allowlist:FAIL:not_on_mint_allowlist|mode:pass:paper|contract:FAIL:hermes_integration_i0_ftn_never_actionable,
2026-02-13,US100,ny_am,True,REV,named_extreme_raid+htf_pd+mss,2026-02-13T10:00:00,bullish,24624.708,24642.57,risk:stop_not_protective,pdl,bearish,aligned,D_FVG_bear_2026-02-05,,,,,,sha256:0a6d8bdfa0f360f1,kernel_ticket:pass:kernel_session_ticket|direction:pass:determined|risk:FAIL:stop_not_protective|allowlist:FAIL:not_on_mint_allowlist|mode:pass:paper|contract:FAIL:hermes_integration_i0_ftn_never_actionable,
2026-02-17,US100,london,True,REV,named_extreme_raid+htf_pd+mss,2026-02-17T02:15:00,bullish,24530.892,24506.631,allowlist:not_on_mint_allowlist,pdl,bearish,qualified,D_FVG_bear_2026-02-13,,,,,,sha256:6b4c721f51a5b642,kernel_ticket:pass:kernel_session_ticket|direction:pass:determined|risk:pass:within_caps|allowlist:FAIL:not_on_mint_allowlist|mode:pass:paper|contract:FAIL:hermes_integration_i0_ftn_never_actionable,
2026-02-17,US100,ny_am,True,REV,named_extreme_raid+htf_pd+mss,2026-02-17T07:15:00,bullish,24582.881,24506.631,allowlist:not_on_mint_allowlist,pdl,bearish,qualified,D_FVG_bear_2026-02-13,,,,,,sha256:53fa860e1e0cfa5d,kernel_ticket:pass:kernel_session_ticket|direction:pass:determined|risk:pass:within_caps|allowlist:FAIL:not_on_mint_allowlist|mode:pass:paper|contract:FAIL:hermes_integration_i0_ftn_never_actionable,
2026-02-18,US100,london,False,,no_selected_candidate,,,,,,,,,,,,,,,,,
2026-02-18,US100,ny_am,False,,no_selected_candidate,,,,,,,,,,,,,,,,,
2026-02-19,US100,london,False,,no_selected_candidate,,,,,,,,,,,,,,,,,
2026-02-19,US100,ny_am,False,,no_selected_candidate,,,,,,,,,,,,,,,,,
2026-02-20,US100,london,False,,no_selected_candidate,,,,,,,,,,,,,,,,,
2026-02-20,US100,ny_am,True,REV,named_extreme_raid+htf_pd+mss,2026-02-20T09:00:00,bullish,24711.022,24685.527,allowlist:not_on_mint_allowlist,pdl,bearish,aligned,D_FVG_bear_2026-02-13,,,,,,sha256:46af4c50651f7172,kernel_ticket:pass:kernel_session_ticket|direction:pass:determined|risk:pass:within_caps|allowlist:FAIL:not_on_mint_allowlist|mode:pass:paper|contract:FAIL:hermes_integration_i0_ftn_never_actionable,
2026-02-23,US100,london,False,,no_selected_candidate,,,,,,,,,,,,,,,,,
2026-02-23,US100,ny_am,False,,no_selected_candidate,,,,,,,,,,,,,,,,,
2026-02-24,US100,london,False,,no_selected_candidate,,,,,,,,,,,,,,,,,
2026-02-24,US100,ny_am,False,,no_selected_candidate,,,,,,,,,,,,,,,,,
2026-02-25,US100,london,False,,no_selected_candidate,,,,,,,,,,,,,,,,,
2026-02-25,US100,ny_am,True,REV,named_extreme_raid+htf_pd+mss,2026-02-25T07:15:00,bearish,25061.249,25022.528,risk:stop_not_protective,pdh,bullish,aligned,D_FVG_bear_2026-02-13,,,,,,sha256:a0364a2ab68e82a4,kernel_ticket:pass:kernel_session_ticket|direction:pass:determined|risk:FAIL:stop_not_protective|allowlist:FAIL:not_on_mint_allowlist|mode:pass:paper|contract:FAIL:hermes_integration_i0_ftn_never_actionable,
2026-02-26,US100,london,False,,no_selected_candidate,,,,,,,,,,,,,,,,,
2026-02-26,US100,ny_am,True,REV,named_extreme_raid+htf_pd+mss,2026-02-26T09:15:00,bearish,25329.772,25354.928,allowlist:not_on_mint_allowlist,pdh,bullish,aligned,D_FVG_bear_2026-02-05,,,,,,sha256:a95a1e839e9e24f7,kernel_ticket:pass:kernel_session_ticket|direction:pass:determined|risk:pass:within_caps|allowlist:FAIL:not_on_mint_allowlist|mode:pass:paper|contract:FAIL:hermes_integration_i0_ftn_never_actionable,
2026-02-27,US100,london,False,,no_selected_candidate,,,,,,,,,,,,,,,,,
2026-02-27,US100,ny_am,True,REV,named_extreme_raid+htf_pd+mss,2026-02-27T09:00:00,bullish,24828.155,24818.562,allowlist:not_on_mint_allowlist,pdl,bearish,aligned,D_FVG_bear_2026-02-13,,,,,,sha256:209a261cf05e5634,kernel_ticket:pass:kernel_session_ticket|direction:pass:determined|risk:pass:within_caps|allowlist:FAIL:not_on_mint_allowlist|mode:pass:paper|contract:FAIL:hermes_integration_i0_ftn_never_actionable,
2026-03-02,US100,london,True,REV,named_extreme_raid+htf_pd+mss,2026-03-02T02:15:00,bullish,24500.997,24740.558,risk:stop_not_protective,pdl,bearish,aligned,D_FVG_bear_2026-02-13,,,,,,sha256:5bbbeaffd14a45d6,kernel_ticket:pass:kernel_session_ticket|direction:pass:determined|risk:FAIL:stop_not_protective|allowlist:FAIL:not_on_mint_allowlist|mode:pass:paper|contract:FAIL:hermes_integration_i0_ftn_never_actionable,
2026-03-02,US100,ny_am,False,,no_selected_candidate,,,,,,,,,,,,,,,,,
2026-03-03,US100,london,False,,no_selected_candidate,,,,,,,,,,,,,,,,,
2026-03-03,US100,ny_am,False,,no_selected_candidate,,,,,,,,,,,,,,,,,
2026-03-04,US100,london,False,,no_selected_candidate,,,,,,,,,,,,,,,,,
2026-03-04,US100,ny_am,False,,no_selected_candidate,,,,,,,,,,,,,,,,,
2026-03-05,US100,london,False,,no_selected_candidate,,,,,,,,,,,,,,,,,
2026-03-05,US100,ny_am,False,,no_selected_candidate,,,,,,,,,,,,,,,,,
2026-03-06,US100,london,False,,no_selected_candidate,,,,,,,,,,,,,,,,,
2026-03-06,US100,ny_am,True,REV,named_extreme_raid+htf_pd+mss,2026-03-06T09:00:00,bullish,24616.07,24741.453,risk:stop_not_protective,pdl,bearish,aligned,D_FVG_bear_2026-02-13,,,,,,sha256:09fb11cbf22c99a3,kernel_ticket:pass:kernel_session_ticket|direction:pass:determined|risk:FAIL:stop_not_protective|allowlist:FAIL:not_on_mint_allowlist|mode:pass:paper|contract:FAIL:hermes_integration_i0_ftn_never_actionable,
2026-03-09,US100,london,False,,no_selected_candidate,,,,,,,,,,,,,,,,,
2026-03-09,US100,ny_am,True,REV,named_extreme_raid+htf_pd+mss,2026-03-09T10:00:00,bullish,24344.522,24577.085,risk:stop_not_protective,pdl,bearish,aligned,D_FVG_bear_2026-02-13,,,,,,sha256:ca64ba2324579b9a,kernel_ticket:pass:kernel_session_ticket|direction:pass:determined|risk:FAIL:stop_not_protective|allowlist:FAIL:not_on_mint_allowlist|mode:pass:paper|contract:FAIL:hermes_integration_i0_ftn_never_actionable,
2026-03-10,US100,london,False,,no_selected_candidate,,,,,,,,,,,,,,,,,
2026-03-10,US100,ny_am,True,REV,named_extreme_raid+htf_pd+mss,2026-03-10T07:15:00,bearish,24981.125,25022.429,allowlist:not_on_mint_allowlist,pdh,bullish,qualified,D_FVG_bear_2026-02-13,,,,,,sha256:bfe6c6ec7bf6e547,kernel_ticket:pass:kernel_session_ticket|direction:pass:determined|risk:pass:within_caps|allowlist:FAIL:not_on_mint_allowlist|mode:pass:paper|contract:FAIL:hermes_integration_i0_ftn_never_actionable,
2026-03-11,US100,london,False,,no_selected_candidate,,,,,,,,,,,,,,,,,
2026-03-11,US100,ny_am,False,,no_selected_candidate,,,,,,,,,,,,,,,,,
2026-03-12,US100,london,True,REV,named_extreme_raid+htf_pd+mss,2026-03-12T02:15:00,bullish,24732.719,24850.829,risk:stop_not_protective,pdl,bearish,qualified,D_FVG_bear_2026-02-13,,,,,,sha256:dc12a358e6cfc0ed,kernel_ticket:pass:kernel_session_ticket|direction:pass:determined|risk:FAIL:stop_not_protective|allowlist:FAIL:not_on_mint_allowlist|mode:pass:paper|contract:FAIL:hermes_integration_i0_ftn_never_actionable,
2026-03-12,US100,ny_am,True,REV,named_extreme_raid+htf_pd+mss,2026-03-12T10:00:00,bullish,24637.816,24850.829,risk:stop_not_protective,pdl,bearish,aligned,D_FVG_bear_2026-02-13,,,,,,sha256:2fe20f761300f335,kernel_ticket:pass:kernel_session_ticket|direction:pass:determined|risk:FAIL:stop_not_protective|allowlist:FAIL:not_on_mint_allowlist|mode:pass:paper|contract:FAIL:hermes_integration_i0_ftn_never_actionable,
2026-03-13,US100,london,True,REV,named_extreme_raid+htf_pd+mss,2026-03-13T03:00:00,bullish,24463.708,24520.78,risk:stop_not_protective,pdl,bearish,aligned,D_FVG_bear_2026-02-13,,,,,,sha256:dfec7c3ce43bbe0a,kernel_ticket:pass:kernel_session_ticket|direction:pass:determined|risk:FAIL:stop_not_protective|allowlist:FAIL:not_on_mint_allowlist|mode:pass:paper|contract:FAIL:hermes_integration_i0_ftn_never_actionable,
2026-03-13,US100,ny_am,True,REV,named_extreme_raid+htf_pd+mss,2026-03-13T07:15:00,bullish,24601.566,24520.78,allowlist:not_on_mint_allowlist,pdl,bearish,qualified,D_FVG_bear_2026-02-13,,,,,,sha256:8a6a867b368b2370,kernel_ticket:pass:kernel_session_ticket|direction:pass:determined|risk:pass:within_caps|allowlist:FAIL:not_on_mint_allowlist|mode:pass:paper|contract:FAIL:hermes_integration_i0_ftn_never_actionable,
2026-03-16,US100,london,False,,no_selected_candidate,,,,,,,,,,,,,,,,,
2026-03-16,US100,ny_am,False,,no_selected_candidate,,,,,,,,,,,,,,,,,
2026-03-17,US100,london,False,,no_selected_candidate,,,,,,,,,,,,,,,,,
2026-03-17,US100,ny_am,True,REV,named_extreme_raid+htf_pd+mss,2026-03-17T10:00:00,bearish,24859.199,24796.616,risk:stop_not_protective,pdh,bullish,aligned,D_FVG_bear_2026-03-13,,,,,,sha256:c41eb6a8365d3190,kernel_ticket:pass:kernel_session_ticket|direction:pass:determined|risk:FAIL:stop_not_protective|allowlist:FAIL:not_on_mint_allowlist|mode:pass:paper|contract:FAIL:hermes_integration_i0_ftn_never_actionable,
2026-03-18,US100,london,True,REV,named_extreme_raid+htf_pd+mss,2026-03-18T02:15:00,bearish,24946.686,24882.37,risk:stop_not_protective,pdh,bullish,aligned,D_FVG_bear_2026-03-13,,,,,,sha256:6561ceab501de03d,kernel_ticket:pass:kernel_session_ticket|direction:pass:determined|risk:FAIL:stop_not_protective|allowlist:FAIL:not_on_mint_allowlist|mode:pass:paper|contract:FAIL:hermes_integration_i0_ftn_never_actionable,
2026-03-18,US100,ny_am,True,REV,named_extreme_raid+htf_pd+mss,2026-03-18T07:15:00,bearish,24936.719,24882.37,risk:stop_not_protective,pdh,bullish,qualified,D_FVG_bear_2026-03-13,,,,,,sha256:a9edf555971f0d37,kernel_ticket:pass:kernel_session_ticket|direction:pass:determined|risk:FAIL:stop_not_protective|allowlist:FAIL:not_on_mint_allowlist|mode:pass:paper|contract:FAIL:hermes_integration_i0_ftn_never_actionable,
2026-03-19,US100,london,True,REV,named_extreme_raid+htf_pd+mss,2026-03-19T02:15:00,bullish,24394.925,24392.74,allowlist:not_on_mint_allowlist,pdl,bearish,aligned,D_FVG_bear_2026-03-13,,,,,,sha256:c1503bf7c2e2aa2b,kernel_ticket:pass:kernel_session_ticket|direction:pass:determined|risk:pass:within_caps|allowlist:FAIL:not_on_mint_allowlist|mode:pass:paper|contract:FAIL:hermes_integration_i0_ftn_never_actionable,
2026-03-19,US100,ny_am,True,REV,named_extreme_raid+htf_pd+mss,2026-03-19T10:00:00,bullish,24280.569,24392.74,risk:stop_not_protective,pdl,bearish,qualified,D_FVG_bear_2026-03-13,,,,,,sha256:d1d1cea3800bf82e,kernel_ticket:pass:kernel_session_ticket|direction:pass:determined|risk:FAIL:stop_not_protective|allowlist:FAIL:not_on_mint_allowlist|mode:pass:paper|contract:FAIL:hermes_integration_i0_ftn_never_actionable,
2026-03-20,US100,london,False,,no_selected_candidate,,,,,,,,,,,,,,,,,
2026-03-20,US100,ny_am,True,REV,named_extreme_raid+htf_pd+mss,2026-03-20T07:15:00,bullish,24234.631,24106.175,allowlist:not_on_mint_allowlist,pdl,bearish,aligned,D_FVG_bear_2026-03-19,,,,,,sha256:083eef30702e5479,kernel_ticket:pass:kernel_session_ticket|direction:pass:determined|risk:pass:within_caps|allowlist:FAIL:not_on_mint_allowlist|mode:pass:paper|contract:FAIL:hermes_integration_i0_ftn_never_actionable,
2026-03-23,US100,london,True,REV,named_extreme_raid+htf_pd+mss,2026-03-23T02:15:00,bullish,23722.958,23758.867,risk:stop_not_protective,pdl,bearish,aligned,D_FVG_bear_2026-03-19,,,,,,sha256:3aa4cd201706dea8,kernel_ticket:pass:kernel_session_ticket|direction:pass:determined|risk:FAIL:stop_not_protective|allowlist:FAIL:not_on_mint_allowlist|mode:pass:paper|contract:FAIL:hermes_integration_i0_ftn_never_actionable,
2026-03-23,US100,ny_am,True,REV,named_extreme_raid+htf_pd+mss,2026-03-23T07:15:00,bullish,23684.425,23758.867,risk:stop_not_protective,pdl,bearish,aligned,D_FVG_bear_2026-03-19,,,,,,sha256:d9b1a38a01792c2b,kernel_ticket:pass:kernel_session_ticket|direction:pass:determined|risk:FAIL:stop_not_protective|allowlist:FAIL:not_on_mint_allowlist|mode:pass:paper|contract:FAIL:hermes_integration_i0_ftn_never_actionable,
2026-03-24,US100,london,False,,no_selected_candidate,,,,,,,,,,,,,,,,,
2026-03-24,US100,ny_am,False,,no_selected_candidate,,,,,,,,,,,,,,,,,
2026-03-25,US100,london,True,REV,named_extreme_raid+htf_pd+mss,2026-03-25T04:45:00,bearish,24279.376,24289.599,allowlist:not_on_mint_allowlist,pdh,bearish,qualified,D_FVG_bear_2026-03-19,,,,,,sha256:af02bf0fde5b8b86,kernel_ticket:pass:kernel_session_ticket|direction:pass:determined|risk:pass:within_caps|allowlist:FAIL:not_on_mint_allowlist|mode:pass:paper|contract:FAIL:hermes_integration_i0_ftn_never_actionable,
2026-03-25,US100,ny_am,True,REV,named_extreme_raid+htf_pd+mss,2026-03-25T10:00:00,bearish,24156.589,24289.599,allowlist:not_on_mint_allowlist,pdh,bearish,aligned,D_FVG_bear_2026-03-19,,,,,,sha256:25c54357c7120d79,kernel_ticket:pass:kernel_session_ticket|direction:pass:determined|risk:pass:within_caps|allowlist:FAIL:not_on_mint_allowlist|mode:pass:paper|contract:FAIL:hermes_integration_i0_ftn_never_actionable,
2026-03-26,US100,london,True,REV,named_extreme_raid+htf_pd+mss,2026-03-26T02:30:00,bullish,24072.609,24075.189,risk:stop_not_protective,pdl,bearish,aligned,D_FVG_bear_2026-03-19,,,,,,sha256:b66e33c176ff0dc4,kernel_ticket:pass:kernel_session_ticket|direction:pass:determined|risk:FAIL:stop_not_protective|allowlist:FAIL:not_on_mint_allowlist|mode:pass:paper|contract:FAIL:hermes_integration_i0_ftn_never_actionable,
2026-03-26,US100,ny_am,True,REV,named_extreme_raid+htf_pd+mss,2026-03-26T07:15:00,bullish,23957.066,24075.189,risk:stop_not_protective,pdl,bearish,qualified,D_FVG_bear_2026-03-19,,,,,,sha256:ccb854ee9e43ce29,kernel_ticket:pass:kernel_session_ticket|direction:pass:determined|risk:FAIL:stop_not_protective|allowlist:FAIL:not_on_mint_allowlist|mode:pass:paper|contract:FAIL:hermes_integration_i0_ftn_never_actionable,
2026-03-27,US100,london,False,,no_selected_candidate,,,,,,,,,,,,,,,,,
2026-03-27,US100,ny_am,True,REV,named_extreme_raid+htf_pd+mss,2026-03-27T07:15:00,bullish,23439.833,23564.318,risk:stop_not_protective,pdl,bearish,aligned,D_FVG_bear_2026-03-19,,,,,,sha256:415ce56de967fe02,kernel_ticket:pass:kernel_session_ticket|direction:pass:determined|risk:FAIL:stop_not_protective|allowlist:FAIL:not_on_mint_allowlist|mode:pass:paper|contract:FAIL:hermes_integration_i0_ftn_never_actionable,
2026-03-30,US100,london,False,,no_selected_candidate,,,,,,,,,,,,,,,,,
2026-03-30,US100,ny_am,False,,no_selected_candidate,,,,,,,,,,,,,,,,,
2026-03-31,US100,london,False,,no_selected_candidate,,,,,,,,,,,,,,,,,
2026-03-31,US100,ny_am,False,,no_selected_candidate,,,,,,,,,,,,,,,,,
2026-04-01,US100,london,True,REV,named_extreme_raid+htf_pd+mss,2026-04-01T02:15:00,bearish,23899.433,23789.548,risk:stop_not_protective,pdh,bullish,aligned,D_FVG_bear_2026-03-30,,,,,,sha256:21cfa475fc6d14b9,kernel_ticket:pass:kernel_session_ticket|direction:pass:determined|risk:FAIL:stop_not_protective|allowlist:FAIL:not_on_mint_allowlist|mode:pass:paper|contract:FAIL:hermes_integration_i0_ftn_never_actionable,
2026-04-01,US100,ny_am,True,REV,named_extreme_raid+htf_pd+mss,2026-04-01T07:15:00,bearish,23975.933,23789.548,risk:stop_not_protective,pdh,bullish,aligned,D_FVG_bear_2026-03-30,,,,,,sha256:d5c5e1e17f7fe815,kernel_ticket:pass:kernel_session_ticket|direction:pass:determined|risk:FAIL:stop_not_protective|allowlist:FAIL:not_on_mint_allowlist|mode:pass:paper|contract:FAIL:hermes_integration_i0_ftn_never_actionable,
2026-04-02,US100,london,False,,no_selected_candidate,,,,,,,,,,,,,,,,,
2026-04-02,US100,ny_am,True,REV,named_extreme_raid+htf_pd+mss,2026-04-02T07:15:00,bullish,23584.175,23700.338,risk:stop_not_protective,pdl,bullish,qualified,D_FVG_bear_2026-03-30,,,,,,sha256:9c53094d9605e443,kernel_ticket:pass:kernel_session_ticket|direction:pass:determined|risk:FAIL:stop_not_protective|allowlist:FAIL:not_on_mint_allowlist|mode:pass:paper|contract:FAIL:hermes_integration_i0_ftn_never_actionable,
2026-04-06,US100,london,True,REV,named_extreme_raid+htf_pd+mss,2026-04-06T02:15:00,bearish,24102.033,24070.339,risk:stop_not_protective,pdh,bullish,qualified,D_FVG_bear_2026-03-27,,,,,,sha256:4b525614d00d5848,kernel_ticket:pass:kernel_session_ticket|direction:pass:determined|risk:FAIL:stop_not_protective|allowlist:FAIL:not_on_mint_allowlist|mode:pass:paper|contract:FAIL:hermes_integration_i0_ftn_never_actionable,
2026-04-06,US100,ny_am,True,REV,named_extreme_raid+htf_pd+mss,2026-04-06T07:15:00,bearish,24115.892,24070.339,risk:stop_not_protective,pdh,bullish,qualified,D_FVG_bear_2026-03-27,,,,,,sha256:5461d0b0b3058d35,kernel_ticket:pass:kernel_session_ticket|direction:pass:determined|risk:FAIL:stop_not_protective|allowlist:FAIL:not_on_mint_allowlist|mode:pass:paper|contract:FAIL:hermes_integration_i0_ftn_never_actionable,
2026-04-07,US100,london,False,,no_selected_candidate,,,,,,,,,,,,,,,,,
2026-04-07,US100,ny_am,False,,no_selected_candidate,,,,,,,,,,,,,,,,,
2026-04-08,US100,london,True,REV,named_extreme_raid+htf_pd+mss,2026-04-08T02:15:00,bearish,25026.699,24250.947,risk:stop_not_protective,pdh,bullish,aligned,D_FVG_bear_2026-03-13,,,,,,sha256:aff011ef973dc9ec,kernel_ticket:pass:kernel_session_ticket|direction:pass:determined|risk:FAIL:stop_not_protective|allowlist:FAIL:not_on_mint_allowlist|mode:pass:paper|contract:FAIL:hermes_integration_i0_ftn_never_actionable,
2026-04-08,US100,ny_am,True,REV,named_extreme_raid+htf_pd+mss,2026-04-08T07:15:00,bearish,25029.203,24250.947,risk:stop_not_protective,pdh,bullish,aligned,D_FVG_bear_2026-03-13,,,,,,sha256:de8a5999191cf08a,kernel_ticket:pass:kernel_session_ticket|direction:pass:determined|risk:FAIL:stop_not_protective|allowlist:FAIL:not_on_mint_allowlist|mode:pass:paper|contract:FAIL:hermes_integration_i0_ftn_never_actionable,
2026-04-09,US100,london,False,,no_selected_candidate,,,,,,,,,,,,,,,,,
2026-04-09,US100,ny_am,False,,no_selected_candidate,,,,,,,,,,,,,,,,,
2026-04-10,US100,london,False,,no_selected_candidate,,,,,,,,,,,,,,,,,
2026-04-10,US100,ny_am,True,REV,named_extreme_raid+htf_pd+mss,2026-04-10T10:00:00,bearish,25154.848,25096.48,risk:stop_not_protective,pdh,bullish,aligned,D_FVG_bear_2026-03-13,,,,,,sha256:73084270e32894ad,kernel_ticket:pass:kernel_session_ticket|direction:pass:determined|risk:FAIL:stop_not_protective|allowlist:FAIL:not_on_mint_allowlist|mode:pass:paper|contract:FAIL:hermes_integration_i0_ftn_never_actionable,
2026-04-13,US100,london,False,,no_selected_candidate,,,,,,,,,,,,,,,,,
2026-04-13,US100,ny_am,True,REV,named_extreme_raid+htf_pd+mss,2026-04-13T07:15:00,bullish,24997.947,25028.174,risk:stop_not_protective,pdl,bullish,aligned,D_FVG_bear_2026-03-13,,,,,,sha256:b445479ff17488de,kernel_ticket:pass:kernel_session_ticket|direction:pass:determined|risk:FAIL:stop_not_protective|allowlist:FAIL:not_on_mint_allowlist|mode:pass:paper|contract:FAIL:hermes_integration_i0_ftn_never_actionable,
2026-04-14,US100,london,False,,no_selected_candidate,,,,,,,,,,,,,,,,,
2026-04-14,US100,ny_am,True,REV,named_extreme_raid+htf_pd+mss,2026-04-14T07:15:00,bearish,25478.283,25394.635,risk:stop_not_protective,pdh,bullish,qualified,D_FVG_bull_2026-04-09,,,,,,sha256:a3bfc3b214fee635,kernel_ticket:pass:kernel_session_ticket|direction:pass:determined|risk:FAIL:stop_not_protective|allowlist:FAIL:not_on_mint_allowlist|mode:pass:paper|contract:FAIL:hermes_integration_i0_ftn_never_actionable,
2026-04-15,US100,london,False,,no_selected_candidate,,,,,,,,,,,,,,,,,
2026-04-15,US100,ny_am,True,REV,named_extreme_raid+htf_pd+mss,2026-04-15T10:00:00,bearish,25906.077,25836.102,risk:stop_not_protective,pdh,bullish,aligned,D_FVG_bull_2026-04-14,,,,,,sha256:6004da84dcaf0564,kernel_ticket:pass:kernel_session_ticket|direction:pass:determined|risk:FAIL:stop_not_protective|allowlist:FAIL:not_on_mint_allowlist|mode:pass:paper|contract:FAIL:hermes_integration_i0_ftn_never_actionable,
2026-04-16,US100,london,True,REV,named_extreme_raid+htf_pd+mss,2026-04-16T02:15:00,bearish,26320.914,26212.591,risk:stop_not_protective,pdh,bullish,aligned,D_FVG_bull_2026-04-15,,,,,,sha256:b6f4e964a48c34e7,kernel_ticket:pass:kernel_session_ticket|direction:pass:determined|risk:FAIL:stop_not_protective|allowlist:FAIL:not_on_mint_allowlist|mode:pass:paper|contract:FAIL:hermes_integration_i0_ftn_never_actionable,
2026-04-16,US100,ny_am,False,,no_selected_candidate,,,,,,,,,,,,,,,,,
2026-04-17,US100,london,False,,no_selected_candidate,,,,,,,,,,,,,,,,,
2026-04-17,US100,ny_am,True,REV,named_extreme_raid+htf_pd+mss,2026-04-17T08:15:00,bearish,26437.588,26400.589,risk:stop_not_protective,pdh,bullish,aligned,D_FVG_bull_2026-04-16,,,,,,sha256:b031e53a2e7c59bf,kernel_ticket:pass:kernel_session_ticket|direction:pass:determined|risk:FAIL:stop_not_protective|allowlist:FAIL:not_on_mint_allowlist|mode:pass:paper|contract:FAIL:hermes_integration_i0_ftn_never_actionable,
2026-04-20,US100,london,False,,no_selected_candidate,,,,,,,,,,,,,,,,,
2026-04-20,US100,ny_am,False,,no_selected_candidate,,,,,,,,,,,,,,,,,
2026-04-21,US100,london,True,REV,named_extreme_raid+htf_pd+mss,2026-04-21T02:15:00,bearish,26698.783,26668.197,risk:stop_not_protective,pdh,bullish,aligned,D_FVG_bull_2026-04-17,,,,,,sha256:3167c6f525e0e0cd,kernel_ticket:pass:kernel_session_ticket|direction:pass:determined|risk:FAIL:stop_not_protective|allowlist:FAIL:not_on_mint_allowlist|mode:pass:paper|contract:FAIL:hermes_integration_i0_ftn_never_actionable,
2026-04-21,US100,ny_am,True,REV,named_extreme_raid+htf_pd+mss,2026-04-21T07:15:00,bearish,26700.827,26668.197,risk:stop_not_protective,pdh,bullish,aligned,D_FVG_bull_2026-04-17,,,,,,sha256:f9171bb47707df14,kernel_ticket:pass:kernel_session_ticket|direction:pass:determined|risk:FAIL:stop_not_protective|allowlist:FAIL:not_on_mint_allowlist|mode:pass:paper|contract:FAIL:hermes_integration_i0_ftn_never_actionable,
2026-04-22,US100,london,False,,no_selected_candidate,,,,,,,,,,,,,,,,,
2026-04-22,US100,ny_am,False,,no_selected_candidate,,,,,,,,,,,,,,,,,
2026-04-23,US100,london,False,,no_selected_candidate,,,,,,,,,,,,,,,,,
2026-04-23,US100,ny_am,False,,no_selected_candidate,,,,,,,,,,,,,,,,,
2026-04-24,US100,london,False,,no_selected_candidate,,,,,,,,,,,,,,,,,
2026-04-24,US100,ny_am,False,,no_selected_candidate,,,,,,,,,,,,,,,,,
2026-04-27,US100,london,False,,no_selected_candidate,,,,,,,,,,,,,,,,,
2026-04-27,US100,ny_am,True,REV,named_extreme_raid+htf_pd+mss,2026-04-27T07:15:00,bearish,27349.316,27313.769,risk:stop_not_protective,pdh,bullish,aligned,D_FVG_bull_2026-04-17,,,,,,sha256:336afdd6e0011bb4,kernel_ticket:pass:kernel_session_ticket|direction:pass:determined|risk:FAIL:stop_not_protective|allowlist:FAIL:not_on_mint_allowlist|mode:pass:paper|contract:FAIL:hermes_integration_i0_ftn_never_actionable,
2026-04-28,US100,london,False,,no_selected_candidate,,,,,,,,,,,,,,,,,
2026-04-28,US100,ny_am,False,,no_selected_candidate,,,,,,,,,,,,,,,,,
2026-04-29,US100,london,False,,no_selected_candidate,,,,,,,,,,,,,,,,,
2026-04-29,US100,ny_am,False,,no_selected_candidate,,,,,,,,,,,,,,,,,
2026-04-30,US100,london,False,,no_selected_candidate,,,,,,,,,,,,,,,,,
2026-04-30,US100,ny_am,False,,no_selected_candidate,,,,,,,,,,,,,,,,,
2026-05-01,US100,london,False,,no_selected_candidate,,,,,,,,,,,,,,,,,
2026-05-01,US100,ny_am,True,REV,named_extreme_raid+htf_pd+mss,2026-05-01T10:00:00,bearish,27742.764,27489.606,risk:stop_not_protective,pdh,bullish,aligned,D_FVG_bull_2026-04-27,,,,,,sha256:a58948f42cff6fe5,kernel_ticket:pass:kernel_session_ticket|direction:pass:determined|risk:FAIL:stop_not_protective|allowlist:FAIL:not_on_mint_allowlist|mode:pass:paper|contract:FAIL:hermes_integration_i0_ftn_never_actionable,
2026-05-04,US100,london,True,REV,named_extreme_raid+htf_pd+mss,2026-05-04T02:15:00,bearish,27802.486,27790.447,risk:stop_not_protective,pdh,bullish,qualified,D_FVG_bull_2026-05-01,,,,,,sha256:706cc478e02e33e4,kernel_ticket:pass:kernel_session_ticket|direction:pass:determined|risk:FAIL:stop_not_protective|allowlist:FAIL:not_on_mint_allowlist|mode:pass:paper|contract:FAIL:hermes_integration_i0_ftn_never_actionable,
2026-05-04,US100,ny_am,True,REV,named_extreme_raid+htf_pd+mss,2026-05-04T10:00:00,bearish,27775.366,27790.447,allowlist:not_on_mint_allowlist,pdh,bullish,aligned,D_FVG_bull_2026-05-01,,,,,,sha256:8f1c15fc75ecfc03,kernel_ticket:pass:kernel_session_ticket|direction:pass:determined|risk:pass:within_caps|allowlist:FAIL:not_on_mint_allowlist|mode:pass:paper|contract:FAIL:hermes_integration_i0_ftn_never_actionable,
2026-05-05,US100,london,False,,no_selected_candidate,,,,,,,,,,,,,,,,,
2026-05-05,US100,ny_am,False,,no_selected_candidate,,,,,,,,,,,,,,,,,
2026-05-06,US100,london,True,REV,named_extreme_raid+htf_pd+mss,2026-05-06T02:15:00,bearish,28214.779,28065.448,risk:stop_not_protective,pdh,bullish,aligned,D_FVG_bull_2026-05-04,,,,,,sha256:b120c9e1a1497f67,kernel_ticket:pass:kernel_session_ticket|direction:pass:determined|risk:FAIL:stop_not_protective|allowlist:FAIL:not_on_mint_allowlist|mode:pass:paper|contract:FAIL:hermes_integration_i0_ftn_never_actionable,
2026-05-06,US100,ny_am,True,REV,named_extreme_raid+htf_pd+mss,2026-05-06T07:15:00,bearish,28501.697,28065.448,risk:stop_not_protective,pdh,bullish,aligned,D_FVG_bull_2026-05-04,,,,,,sha256:0fb1144d3d0e7663,kernel_ticket:pass:kernel_session_ticket|direction:pass:determined|risk:FAIL:stop_not_protective|allowlist:FAIL:not_on_mint_allowlist|mode:pass:paper|contract:FAIL:hermes_integration_i0_ftn_never_actionable,
2026-05-07,US100,london,True,REV,named_extreme_raid+htf_pd+mss,2026-05-07T03:30:00,bearish,28653.664,28679.241,allowlist:not_on_mint_allowlist,pdh,bullish,aligned,D_FVG_bull_2026-05-06,,,,,,sha256:184c56689c735160,kernel_ticket:pass:kernel_session_ticket|direction:pass:determined|risk:pass:within_caps|allowlist:FAIL:not_on_mint_allowlist|mode:pass:paper|contract:FAIL:hermes_integration_i0_ftn_never_actionable,
2026-05-07,US100,ny_am,True,REV,named_extreme_raid+htf_pd+mss,2026-05-07T07:15:00,bearish,28604.649,28679.241,allowlist:not_on_mint_allowlist,pdh,bullish,qualified,D_FVG_bull_2026-05-06,,,,,,sha256:1d31d9c00829e6f5,kernel_ticket:pass:kernel_session_ticket|direction:pass:determined|risk:pass:within_caps|allowlist:FAIL:not_on_mint_allowlist|mode:pass:paper|contract:FAIL:hermes_integration_i0_ftn_never_actionable,
2026-05-08,US100,london,False,,no_selected_candidate,,,,,,,,,,,,,,,,,
2026-05-08,US100,ny_am,True,REV,named_extreme_raid+htf_pd+mss,2026-05-08T09:00:00,bearish,28799.544,28825.563,allowlist:not_on_mint_allowlist,pdh,bullish,aligned,D_FVG_bull_2026-05-07,,,,,,sha256:c8c9ad4d1e66c82c,kernel_ticket:pass:kernel_session_ticket|direction:pass:determined|risk:pass:within_caps|allowlist:FAIL:not_on_mint_allowlist|mode:pass:paper|contract:FAIL:hermes_integration_i0_ftn_never_actionable,
2026-05-11,US100,london,False,,no_selected_candidate,,,,,,,,,,,,,,,,,
2026-05-11,US100,ny_am,False,,no_selected_candidate,,,,,,,,,,,,,,,,,
2026-05-12,US100,london,True,REV,named_extreme_raid+htf_pd+mss,2026-05-12T03:15:00,bullish,29108.261,29117.754,risk:stop_not_protective,pdl,bullish,qualified,D_FVG_bull_2026-05-07,,,,,,sha256:b81687284ac7cedc,kernel_ticket:pass:kernel_session_ticket|direction:pass:determined|risk:FAIL:stop_not_protective|allowlist:FAIL:not_on_mint_allowlist|mode:pass:paper|contract:FAIL:hermes_integration_i0_ftn_never_actionable,
2026-05-12,US100,ny_am,False,,no_selected_candidate,,,,,,,,,,,,,,,,,
2026-05-13,US100,london,False,,no_selected_candidate,,,,,,,,,,,,,,,,,
2026-05-13,US100,ny_am,False,,no_selected_candidate,,,,,,,,,,,,,,,,,
2026-05-14,US100,london,False,,no_selected_candidate,,,,,,,,,,,,,,,,,
2026-05-14,US100,ny_am,True,REV,named_extreme_raid+htf_pd+mss,2026-05-14T10:00:00,bearish,29434.349,29455.594,allowlist:not_on_mint_allowlist,pdh,bullish,aligned,D_FVG_bull_2026-05-11,,,,,,sha256:02c2b705e6ff5e57,kernel_ticket:pass:kernel_session_ticket|direction:pass:determined|risk:pass:within_caps|allowlist:FAIL:not_on_mint_allowlist|mode:pass:paper|contract:FAIL:hermes_integration_i0_ftn_never_actionable,
2026-05-15,US100,london,False,,no_selected_candidate,,,,,,,,,,,,,,,,,
2026-05-15,US100,ny_am,False,,no_selected_candidate,,,,,,,,,,,,,,,,,
2026-05-18,US100,london,False,,no_selected_candidate,,,,,,,,,,,,,,,,,
2026-05-18,US100,ny_am,False,,no_selected_candidate,,,,,,,,,,,,,,,,,
2026-05-19,US100,london,False,,no_selected_candidate,,,,,,,,,,,,,,,,,
2026-05-19,US100,ny_am,True,REV,named_extreme_raid+htf_pd+mss,2026-05-19T09:45:00,bullish,28813.958,28716.155,allowlist:not_on_mint_allowlist,pdl,bearish,qualified,D_FVG_bull_2026-05-11,,,,,,sha256:35bb81d3953f322e,kernel_ticket:pass:kernel_session_ticket|direction:pass:determined|risk:pass:within_caps|allowlist:FAIL:not_on_mint_allowlist|mode:pass:paper|contract:FAIL:hermes_integration_i0_ftn_never_actionable,
2026-05-20,US100,london,False,,no_selected_candidate,,,,,,,,,,,,,,,,,
2026-05-20,US100,ny_am,False,,no_selected_candidate,,,,,,,,,,,,,,,,,
2026-05-21,US100,london,True,REV,named_extreme_raid+htf_pd+mss,2026-05-21T02:15:00,bearish,29273.131,29304.959,allowlist:not_on_mint_allowlist,pdh,bullish,qualified,D_FVG_bull_2026-05-11,,,,,,sha256:b659c15cf0a2aa83,kernel_ticket:pass:kernel_session_ticket|direction:pass:determined|risk:pass:within_caps|allowlist:FAIL:not_on_mint_allowlist|mode:pass:paper|contract:FAIL:hermes_integration_i0_ftn_never_actionable,
2026-05-21,US100,ny_am,True,REV,named_extreme_raid+htf_pd+mss,2026-05-21T07:15:00,bearish,29159.5,29304.959,allowlist:not_on_mint_allowlist,pdh,bullish,qualified,D_FVG_bull_2026-05-11,,,,,,sha256:2cf005caae3d19e0,kernel_ticket:pass:kernel_session_ticket|direction:pass:determined|risk:pass:within_caps|allowlist:FAIL:not_on_mint_allowlist|mode:pass:paper|contract:FAIL:hermes_integration_i0_ftn_never_actionable,
2026-05-22,US100,london,True,REV,named_extreme_raid+htf_pd+mss,2026-05-22T02:15:00,bearish,29483.599,29463.394,risk:stop_not_protective,pdh,bullish,qualified,D_FVG_bear_2026-05-18,,,,,,sha256:609208c2e3eb95ee,kernel_ticket:pass:kernel_session_ticket|direction:pass:determined|risk:FAIL:stop_not_protective|allowlist:FAIL:not_on_mint_allowlist|mode:pass:paper|contract:FAIL:hermes_integration_i0_ftn_never_actionable,
2026-05-22,US100,ny_am,True,REV,named_extreme_raid+htf_pd+mss,2026-05-22T10:00:00,bearish,29563.22,29463.394,risk:stop_not_protective,pdh,bullish,aligned,D_FVG_bear_2026-05-18,,,,,,sha256:87e9f126310220a3,kernel_ticket:pass:kernel_session_ticket|direction:pass:determined|risk:FAIL:stop_not_protective|allowlist:FAIL:not_on_mint_allowlist|mode:pass:paper|contract:FAIL:hermes_integration_i0_ftn_never_actionable,
2026-05-26,US100,london,False,,no_selected_candidate,,,,,,,,,,,,,,,,,
2026-05-26,US100,ny_am,True,REV,named_extreme_raid+htf_pd+mss,2026-05-26T07:15:00,bearish,29766.905,29667.321,risk:stop_not_protective,pdh,bullish,aligned,D_FVG_bear_2026-05-18,,,,,,sha256:ff24e46de9d56d05,kernel_ticket:pass:kernel_session_ticket|direction:pass:determined|risk:FAIL:stop_not_protective|allowlist:FAIL:not_on_mint_allowlist|mode:pass:paper|contract:FAIL:hermes_integration_i0_ftn_never_actionable,
2026-05-27,US100,london,False,,no_selected_candidate,,,,,,,,,,,,,,,,,
2026-05-27,US100,ny_am,True,REV,named_extreme_raid+htf_pd+mss,2026-05-27T07:15:00,bearish,30197.142,30042.995,risk:stop_not_protective,pdh,bullish,aligned,D_FVG_bull_2026-05-26,,,,,,sha256:dd2a8510a4e83069,kernel_ticket:pass:kernel_session_ticket|direction:pass:determined|risk:FAIL:stop_not_protective|allowlist:FAIL:not_on_mint_allowlist|mode:pass:paper|contract:FAIL:hermes_integration_i0_ftn_never_actionable,
2026-05-28,US100,london,False,,no_selected_candidate,,,,,,,,,,,,,,,,,
2026-05-28,US100,ny_am,False,,no_selected_candidate,,,,,,,,,,,,,,,,,
2026-05-29,US100,london,True,REV,named_extreme_raid+htf_pd+mss,2026-05-29T03:15:00,bearish,30251.639,30264.434,allowlist:not_on_mint_allowlist,pdh,bullish,aligned,D_FVG_bull_2026-05-27,,,,,,sha256:5f568d7844c48ca0,kernel_ticket:pass:kernel_session_ticket|direction:pass:determined|risk:pass:within_caps|allowlist:FAIL:not_on_mint_allowlist|mode:pass:paper|contract:FAIL:hermes_integration_i0_ftn_never_actionable,
2026-05-29,US100,ny_am,True,REV,named_extreme_raid+htf_pd+mss,2026-05-29T07:15:00,bearish,30288.654,30264.434,risk:stop_not_protective,pdh,bullish,aligned,D_FVG_bull_2026-05-27,,,,,,sha256:c4ac310f0465d21d,kernel_ticket:pass:kernel_session_ticket|direction:pass:determined|risk:FAIL:stop_not_protective|allowlist:FAIL:not_on_mint_allowlist|mode:pass:paper|contract:FAIL:hermes_integration_i0_ftn_never_actionable,
2026-06-01,US100,london,True,REV,named_extreme_raid+htf_pd+mss,2026-06-01T02:15:00,bearish,30514.647,30466.429,risk:stop_not_protective,pdh,bullish,aligned,D_FVG_bull_2026-05-27,,,,,,sha256:01b3974abfc09551,kernel_ticket:pass:kernel_session_ticket|direction:pass:determined|risk:FAIL:stop_not_protective|allowlist:FAIL:not_on_mint_allowlist|mode:pass:paper|contract:FAIL:hermes_integration_i0_ftn_never_actionable,
2026-06-01,US100,ny_am,False,,no_selected_candidate,,,,,,,,,,,,,,,,,
2026-06-02,US100,london,False,,no_selected_candidate,,,,,,,,,,,,,,,,,
2026-06-02,US100,ny_am,False,,no_selected_candidate,,,,,,,,,,,,,,,,,
2026-06-03,US100,london,False,,no_selected_candidate,,,,,,,,,,,,,,,,,
2026-06-03,US100,ny_am,True,REV,named_extreme_raid+htf_pd+mss,2026-06-03T07:15:00,bearish,30727.653,30711.504,risk:stop_not_protective,pdh,bullish,aligned,D_FVG_bull_2026-05-27,,,,,,sha256:93efd5adcfe1ba8f,kernel_ticket:pass:kernel_session_ticket|direction:pass:determined|risk:FAIL:stop_not_protective|allowlist:FAIL:not_on_mint_allowlist|mode:pass:paper|contract:FAIL:hermes_integration_i0_ftn_never_actionable,
2026-06-04,US100,london,False,,no_selected_candidate,,,,,,,,,,,,,,,,,
2026-06-04,US100,ny_am,True,PIP20,window=ny_expansion+interp_trigger,2026-06-04T07:15:00,bearish,30188.469,30208.469,allowlist:not_on_mint_allowlist,pdl,bearish,aligned,,,,,,,sha256:6359fdbb3d54d3fa,kernel_ticket:pass:kernel_session_ticket|direction:pass:determined|risk:pass:within_caps|allowlist:FAIL:not_on_mint_allowlist|mode:pass:paper|contract:FAIL:hermes_integration_i0_ftn_never_actionable,
2026-06-05,US100,london,False,,no_selected_candidate,,,,,,,,,,,,,,,,,
2026-06-05,US100,ny_am,False,,no_selected_candidate,,,,,,,,,,,,,,,,,
2026-06-08,US100,london,False,,no_selected_candidate,,,,,,,,,,,,,,,,,
2026-06-08,US100,ny_am,False,,no_selected_candidate,,,,,,,,,,,,,,,,,
2026-06-09,US100,london,False,,no_selected_candidate,,,,,,,,,,,,,,,,,
2026-06-09,US100,ny_am,True,REV,named_extreme_raid+htf_pd+mss,2026-06-09T09:45:00,bearish,29727.925,29697.619,risk:stop_not_protective,pdh,bullish,aligned,D_FVG_bull_2026-05-26,,,,,,sha256:7e0bbd9c8c12ba73,kernel_ticket:pass:kernel_session_ticket|direction:pass:determined|risk:FAIL:stop_not_protective|allowlist:FAIL:not_on_mint_allowlist|mode:pass:paper|contract:FAIL:hermes_integration_i0_ftn_never_actionable,
2026-06-10,US100,london,False,,no_selected_candidate,,,,,,,,,,,,,,,,,
2026-06-10,US100,ny_am,False,,no_selected_candidate,,,,,,,,,,,,,,,,,
2026-06-11,US100,london,False,,no_selected_candidate,,,,,,,,,,,,,,,,,
2026-06-11,US100,ny_am,False,,no_selected_candidate,,,,,,,,,,,,,,,,,
2026-06-12,US100,london,False,,no_selected_candidate,,,,,,,,,,,,,,,,,
2026-06-12,US100,ny_am,True,REV,named_extreme_raid+htf_pd+mss,2026-06-12T07:15:00,bearish,29562.009,29506.543,risk:stop_not_protective,pdh,bullish,qualified,D_FVG_bear_2026-05-18,,,,,,sha256:519c620031d1af36,kernel_ticket:pass:kernel_session_ticket|direction:pass:determined|risk:FAIL:stop_not_protective|allowlist:FAIL:not_on_mint_allowlist|mode:pass:paper|contract:FAIL:hermes_integration_i0_ftn_never_actionable,
2026-06-15,US100,london,True,REV,named_extreme_raid+htf_pd+mss,2026-06-15T02:15:00,bearish,30207.375,29736.51,risk:stop_not_protective,pdh,bullish,aligned,D_FVG_bear_2026-06-08,,,,,,sha256:8f1a21f4b23ef33f,kernel_ticket:pass:kernel_session_ticket|direction:pass:determined|risk:FAIL:stop_not_protective|allowlist:FAIL:not_on_mint_allowlist|mode:pass:paper|contract:FAIL:hermes_integration_i0_ftn_never_actionable,
2026-06-15,US100,ny_am,True,REV,named_extreme_raid+htf_pd+mss,2026-06-15T07:15:00,bearish,30263.275,29736.51,risk:stop_not_protective,pdh,bullish,aligned,D_FVG_bear_2026-06-08,,,,,,sha256:627bbe7c4d19cce4,kernel_ticket:pass:kernel_session_ticket|direction:pass:determined|risk:FAIL:stop_not_protective|allowlist:FAIL:not_on_mint_allowlist|mode:pass:paper|contract:FAIL:hermes_integration_i0_ftn_never_actionable,
2026-06-16,US100,london,False,,no_selected_candidate,,,,,,,,,,,,,,,,,
2026-06-16,US100,ny_am,True,REV,named_extreme_raid+htf_pd+mss,2026-06-16T07:15:00,bearish,30637.527,30587.498,risk:stop_not_protective,pdh,bullish,aligned,D_FVG_bear_2026-06-05,,,,,,sha256:e83f664608afed56,kernel_ticket:pass:kernel_session_ticket|direction:pass:determined|risk:FAIL:stop_not_protective|allowlist:FAIL:not_on_mint_allowlist|mode:pass:paper|contract:FAIL:hermes_integration_i0_ftn_never_actionable,
2026-06-17,US100,london,False,,no_selected_candidate,,,,,,,,,,,,,,,,,
2026-06-17,US100,ny_am,False,,no_selected_candidate,,,,,,,,,,,,,,,,,
2026-06-18,US100,london,False,,no_selected_candidate,,,,,,,,,,,,,,,,,
2026-06-18,US100,ny_am,True,REV,named_extreme_raid+htf_pd+mss,2026-06-18T10:00:00,bearish,30159.75,30249.649,allowlist:not_on_mint_allowlist,pdh,bearish,aligned,D_FVG_bear_2026-06-05,,,,,,sha256:b6f0beda9ae6ae09,kernel_ticket:pass:kernel_session_ticket|direction:pass:determined|risk:pass:within_caps|allowlist:FAIL:not_on_mint_allowlist|mode:pass:paper|contract:FAIL:hermes_integration_i0_ftn_never_actionable,
2026-06-22,US100,london,True,REV,named_extreme_raid+htf_pd+mss,2026-06-22T04:15:00,bearish,30416.342,30463.229,allowlist:not_on_mint_allowlist,pdh,bullish,aligned,D_FVG_bear_2026-06-08,,,,,,sha256:ee2b2fa31fbfb523,kernel_ticket:pass:kernel_session_ticket|direction:pass:determined|risk:pass:within_caps|allowlist:FAIL:not_on_mint_allowlist|mode:pass:paper|contract:FAIL:hermes_integration_i0_ftn_never_actionable,
2026-06-22,US100,ny_am,True,REV,named_extreme_raid+htf_pd+mss,2026-06-22T07:15:00,bearish,30413.511,30463.229,allowlist:not_on_mint_allowlist,pdh,bullish,aligned,D_FVG_bear_2026-06-08,,,,,,sha256:0a6e8ac34faf6022,kernel_ticket:pass:kernel_session_ticket|direction:pass:determined|risk:pass:within_caps|allowlist:FAIL:not_on_mint_allowlist|mode:pass:paper|contract:FAIL:hermes_integration_i0_ftn_never_actionable,
2026-06-23,US100,london,False,,no_selected_candidate,,,,,,,,,,,,,,,,,
2026-06-23,US100,ny_am,True,REV,named_extreme_raid+htf_pd+mss,2026-06-23T10:00:00,bullish,29633.298,30020.903,risk:stop_not_protective,pdl,bullish,aligned,D_FVG_bull_2026-05-22,,,,,,sha256:9813b2b50d1e2b9d,kernel_ticket:pass:kernel_session_ticket|direction:pass:determined|risk:FAIL:stop_not_protective|allowlist:FAIL:not_on_mint_allowlist|mode:pass:paper|contract:FAIL:hermes_integration_i0_ftn_never_actionable,
2026-06-24,US100,london,False,,no_selected_candidate,,,,,,,,,,,,,,,,,
2026-06-24,US100,ny_am,False,,no_selected_candidate,,,,,,,,,,,,,,,,,
2026-06-25,US100,london,True,REV,named_extreme_raid+htf_pd+mss,2026-06-25T03:30:00,bearish,29872.209,29597.993,risk:stop_not_protective,pdh,bullish,aligned,D_FVG_bull_2026-05-27,,,,,,sha256:17dd31b040ffb35c,kernel_ticket:pass:kernel_session_ticket|direction:pass:determined|risk:FAIL:stop_not_protective|allowlist:FAIL:not_on_mint_allowlist|mode:pass:paper|contract:FAIL:hermes_integration_i0_ftn_never_actionable,
2026-06-25,US100,ny_am,True,REV,named_extreme_raid+htf_pd+mss,2026-06-25T07:15:00,bearish,29849.458,29597.993,risk:stop_not_protective,pdh,bullish,aligned,D_FVG_bull_2026-05-27,,,,,,sha256:c240fdefb48b4fb3,kernel_ticket:pass:kernel_session_ticket|direction:pass:determined|risk:FAIL:stop_not_protective|allowlist:FAIL:not_on_mint_allowlist|mode:pass:paper|contract:FAIL:hermes_integration_i0_ftn_never_actionable,
2026-06-26,US100,london,True,REV,named_extreme_raid+htf_pd+mss,2026-06-26T02:15:00,bullish,29026.275,28990.536,allowlist:not_on_mint_allowlist,pdl,bearish,qualified,D_FVG_bull_2026-06-15,,,,,,sha256:2468814cf671bf80,kernel_ticket:pass:kernel_session_ticket|direction:pass:determined|risk:pass:within_caps|allowlist:FAIL:not_on_mint_allowlist|mode:pass:paper|contract:FAIL:hermes_integration_i0_ftn_never_actionable,
2026-06-26,US100,ny_am,False,,no_selected_candidate,,,,,,,,,,,,,,,,,
2026-06-29,US100,london,False,,no_selected_candidate,,,,,,,,,,,,,,,,,
2026-06-29,US100,ny_am,False,,no_selected_candidate,,,,,,,,,,,,,,,,,
2026-06-30,US100,london,False,,no_selected_candidate,,,,,,,,,,,,,,,,,
2026-06-30,US100,ny_am,True,REV,named_extreme_raid+htf_pd+mss,2026-06-30T10:00:00,bearish,30089.11,29783.057,risk:stop_not_protective,pdh,bullish,aligned,D_FVG_bull_2026-06-16,,,,,,sha256:2d394cf555e8c79e,kernel_ticket:pass:kernel_session_ticket|direction:pass:determined|risk:FAIL:stop_not_protective|allowlist:FAIL:not_on_mint_allowlist|mode:pass:paper|contract:FAIL:hermes_integration_i0_ftn_never_actionable,
2026-07-01,US100,london,False,,no_selected_candidate,,,,,,,,,,,,,,,,,
2026-07-01,US100,ny_am,False,,no_selected_candidate,,,,,,,,,,,,,,,,,
2026-07-02,US100,london,True,REV,named_extreme_raid+htf_pd+mss,2026-07-02T03:00:00,bullish,29665.033,29742.981,risk:stop_not_protective,pdl,bearish,aligned,D_FVG_bull_2026-06-16,,,,,,sha256:00421b8bdc49b596,kernel_ticket:pass:kernel_session_ticket|direction:pass:determined|risk:FAIL:stop_not_protective|allowlist:FAIL:not_on_mint_allowlist|mode:pass:paper|contract:FAIL:hermes_integration_i0_ftn_never_actionable,
2026-07-02,US100,ny_am,True,REV,named_extreme_raid+htf_pd+mss,2026-07-02T07:15:00,bullish,29750.925,29742.981,allowlist:not_on_mint_allowlist,pdl,bearish,qualified,D_FVG_bear_2026-06-05,,,,,,sha256:d7ef99dae55ecee6,kernel_ticket:pass:kernel_session_ticket|direction:pass:determined|risk:pass:within_caps|allowlist:FAIL:not_on_mint_allowlist|mode:pass:paper|contract:FAIL:hermes_integration_i0_ftn_never_actionable,
2026-07-06,US100,london,False,,no_selected_candidate,,,,,,,,,,,,,,,,,
2026-07-06,US100,ny_am,False,,no_selected_candidate,,,,,,,,,,,,,,,,,
2026-07-07,US100,london,False,,no_selected_candidate,,,,,,,,,,,,,,,,,
2026-07-07,US100,ny_am,False,,no_selected_candidate,,,,,,,,,,,,,,,,,
2026-07-08,US100,london,True,REV,named_extreme_raid+htf_pd+mss,2026-07-08T04:45:00,bullish,28789.881,28974.162,risk:stop_not_protective,pdl,bearish,qualified,D_FVG_bull_2026-06-30,,,,,,sha256:16fb94779b688877,kernel_ticket:pass:kernel_session_ticket|direction:pass:determined|risk:FAIL:stop_not_protective|allowlist:FAIL:not_on_mint_allowlist|mode:pass:paper|contract:FAIL:hermes_integration_i0_ftn_never_actionable,
2026-07-08,US100,ny_am,True,REV,named_extreme_raid+htf_pd+mss,2026-07-08T07:15:00,bullish,28771.922,28974.162,risk:stop_not_protective,pdl,bearish,qualified,D_FVG_bull_2026-06-30,,,,,,sha256:1d00759e563d6606,kernel_ticket:pass:kernel_session_ticket|direction:pass:determined|risk:FAIL:stop_not_protective|allowlist:FAIL:not_on_mint_allowlist|mode:pass:paper|contract:FAIL:hermes_integration_i0_ftn_never_actionable,
2026-07-09,US100,london,True,REV,named_extreme_raid+htf_pd+mss,2026-07-09T03:45:00,bearish,29460.108,29326.608,risk:stop_not_protective,pdh,bullish,aligned,D_FVG_bear_2026-07-08,,,,,,sha256:8f0e0768afb01626,kernel_ticket:pass:kernel_session_ticket|direction:pass:determined|risk:FAIL:stop_not_protective|allowlist:FAIL:not_on_mint_allowlist|mode:pass:paper|contract:FAIL:hermes_integration_i0_ftn_never_actionable,
2026-07-09,US100,ny_am,True,REV,named_extreme_raid+htf_pd+mss,2026-07-09T07:45:00,bearish,29463.431,29326.608,risk:stop_not_protective,pdh,bullish,qualified,D_FVG_bear_2026-07-08,,,,,,sha256:60f456bc1f2bad77,kernel_ticket:pass:kernel_session_ticket|direction:pass:determined|risk:FAIL:stop_not_protective|allowlist:FAIL:not_on_mint_allowlist|mode:pass:paper|contract:FAIL:hermes_integration_i0_ftn_never_actionable,
2026-07-10,US100,london,False,,no_selected_candidate,,,,,,,,,,,,,,,,,
2026-07-10,US100,ny_am,False,,no_selected_candidate,,,,,,,,,,,,,,,,,
2026-07-13,US100,london,False,,no_selected_candidate,,,,,,,,,,,,,,,,,
2026-07-13,US100,ny_am,True,REV,named_extreme_raid+htf_pd+mss,2026-07-13T07:15:00,bullish,29556.272,29465.058,allowlist:not_on_mint_allowlist,pdl,bullish,qualified,D_FVG_bull_2026-07-10,,,,,,sha256:f00fe0a388cefdc1,kernel_ticket:pass:kernel_session_ticket|direction:pass:determined|risk:pass:within_caps|allowlist:FAIL:not_on_mint_allowlist|mode:pass:paper|contract:FAIL:hermes_integration_i0_ftn_never_actionable,
2026-07-14,US100,london,False,,no_selected_candidate,,,,,,,,,,,,,,,,,
2026-07-14,US100,ny_am,False,,no_selected_candidate,,,,,,,,,,,,,,,,,
2026-07-15,US100,london,True,REV,named_extreme_raid+htf_pd+mss,2026-07-15T02:15:00,bearish,29842.398,29711.72,risk:stop_not_protective,pdh,bullish,aligned,D_FVG_bull_2026-06-30,,,,,,sha256:16812ce18a1080b5,kernel_ticket:pass:kernel_session_ticket|direction:pass:determined|risk:FAIL:stop_not_protective|allowlist:FAIL:not_on_mint_allowlist|mode:pass:paper|contract:FAIL:hermes_integration_i0_ftn_never_actionable,
2026-07-15,US100,ny_am,False,,no_selected_candidate,,,,,,,,,,,,,,,,,
2026-07-16,US100,london,False,,no_selected_candidate,,,,,,,,,,,,,,,,,
2026-07-16,US100,ny_am,True,REV,named_extreme_raid+htf_pd+mss,2026-07-16T09:15:00,bullish,29255.497,29196.42,allowlist:not_on_mint_allowlist,pdl,bearish,aligned,D_FVG_bear_2026-07-08,,,,,,sha256:cf590f12bcb7154b,kernel_ticket:pass:kernel_session_ticket|direction:pass:determined|risk:pass:within_caps|allowlist:FAIL:not_on_mint_allowlist|mode:pass:paper|contract:FAIL:hermes_integration_i0_ftn_never_actionable,
2026-07-17,US100,london,True,REV,named_extreme_raid+htf_pd+mss,2026-07-17T02:15:00,bullish,28569.62,28883.72,risk:stop_not_protective,pdl,bearish,aligned,D_FVG_bear_2026-07-08,,,,,,sha256:857267fd3faa77dc,kernel_ticket:pass:kernel_session_ticket|direction:pass:determined|risk:FAIL:stop_not_protective|allowlist:FAIL:not_on_mint_allowlist|mode:pass:paper|contract:FAIL:hermes_integration_i0_ftn_never_actionable,
2026-07-17,US100,ny_am,True,REV,named_extreme_raid+htf_pd+mss,2026-07-17T07:15:00,bullish,28569.976,28883.72,risk:stop_not_protective,pdl,bearish,qualified,D_FVG_bear_2026-07-08,,,,,,sha256:d7aa59932abea6c4,kernel_ticket:pass:kernel_session_ticket|direction:pass:determined|risk:FAIL:stop_not_protective|allowlist:FAIL:not_on_mint_allowlist|mode:pass:paper|contract:FAIL:hermes_integration_i0_ftn_never_actionable,
2026-07-20,US100,london,False,,no_selected_candidate,,,,,,,,,,,,,,,,,
2026-07-20,US100,ny_am,False,,no_selected_candidate,,,,,,,,,,,,,,,,,
2026-07-21,US100,london,False,,no_selected_candidate,,,,,,,,,,,,,,,,,
2026-07-21,US100,ny_am,True,REV,named_extreme_raid+htf_pd+mss,2026-07-21T10:00:00,bearish,28981.421,29015.054,allowlist:not_on_mint_allowlist,pdh,bearish,aligned,D_FVG_bear_2026-07-17,,,,,,sha256:5210ff9b10744057,kernel_ticket:pass:kernel_session_ticket|direction:pass:determined|risk:pass:within_caps|allowlist:FAIL:not_on_mint_allowlist|mode:pass:paper|contract:FAIL:hermes_integration_i0_ftn_never_actionable,
2026-07-22,US100,london,False,,no_selected_candidate,,,,,,,,,,,,,,,,,
2026-07-22,US100,ny_am,False,,no_selected_candidate,,,,,,,,,,,,,,,,,
2026-07-23,US100,london,True,REV,named_extreme_raid+htf_pd+mss,2026-07-23T03:45:00,bullish,28773.519,28796.319,risk:stop_not_protective,pdl,bearish,aligned,D_FVG_bear_2026-07-17,,,,,,sha256:c6feee97670f33c4,kernel_ticket:pass:kernel_session_ticket|direction:pass:determined|risk:FAIL:stop_not_protective|allowlist:FAIL:not_on_mint_allowlist|mode:pass:paper|contract:FAIL:hermes_integration_i0_ftn_never_actionable,
2026-07-23,US100,ny_am,True,REV,named_extreme_raid+htf_pd+mss,2026-07-23T07:15:00,bullish,28890.353,28796.319,allowlist:not_on_mint_allowlist,pdl,bearish,qualified,D_FVG_bear_2026-07-17,,,,,,sha256:cf5517bf5ca84087,kernel_ticket:pass:kernel_session_ticket|direction:pass:determined|risk:pass:within_caps|allowlist:FAIL:not_on_mint_allowlist|mode:pass:paper|contract:FAIL:hermes_integration_i0_ftn_never_actionable,
2026-07-24,US100,london,False,,no_selected_candidate,,,,,,,,,,,,,,,,,
2026-07-24,US100,ny_am,False,,no_selected_candidate,,,,,,,,,,,,,,,,,
2026-07-27,US100,london,False,,no_selected_candidate,,,,,,,,,,,,,,,,,
2026-07-27,US100,ny_am,True,REV,named_extreme_raid+htf_pd+mss,2026-07-27T10:00:00,bearish,28193.409,28578.889,allowlist:not_on_mint_allowlist,pdh,bearish,aligned,D_FVG_bear_2026-07-24,,,,,,sha256:82698907f866a961,kernel_ticket:pass:kernel_session_ticket|direction:pass:determined|risk:pass:within_caps|allowlist:FAIL:not_on_mint_allowlist|mode:pass:paper|contract:FAIL:hermes_integration_i0_ftn_never_actionable,
2026-07-28,US100,london,True,REV,named_extreme_raid+htf_pd+mss,2026-07-28T04:15:00,bullish,27737.01,27786.187,risk:stop_not_protective,pdl,bearish,aligned,D_FVG_bear_2026-07-24,,,,,,sha256:ea211c0b2aef5e1b,kernel_ticket:pass:kernel_session_ticket|direction:pass:determined|risk:FAIL:stop_not_protective|allowlist:FAIL:not_on_mint_allowlist|mode:pass:paper|contract:FAIL:hermes_integration_i0_ftn_never_actionable,
2026-07-28,US100,ny_am,True,REV,named_extreme_raid+htf_pd+mss,2026-07-28T10:00:00,bullish,27515.976,27786.187,risk:stop_not_protective,pdl,bearish,aligned,D_FVG_bear_2026-07-24,,,,,,sha256:6e1896926f535598,kernel_ticket:pass:kernel_session_ticket|direction:pass:determined|risk:FAIL:stop_not_protective|allowlist:FAIL:not_on_mint_allowlist|mode:pass:paper|contract:FAIL:hermes_integration_i0_ftn_never_actionable,
2026-07-29,US100,london,False,,no_selected_candidate,,,,,,,,,,,,,,,,,
2026-07-29,US100,ny_am,False,,no_selected_candidate,,,,,,,,,,,,,,,,,
2026-07-30,US100,london,False,,no_selected_candidate,,,,,,,,,,,,,,,,,
2026-07-30,US100,ny_am,False,,no_selected_candidate,,,,,,,,,,,,,,,,,
2026-07-31,US100,london,False,,no_selected_candidate,,,,,,,,,,,,,,,,,
2026-07-31,US100,ny_am,False,,no_selected_candidate,,,,,,,,,,,,,,,,,
2026-08-03,US100,london,False,,no_selected_candidate,,,,,,,,,,,,,,,,,
2026-08-03,US100,ny_am,False,,no_selected_candidate,,,,,,,,,,,,,,,,,
2026-08-04,US100,london,True,REV,named_extreme_raid+htf_pd+mss,2026-08-04T03:15:00,bearish,28946.375,28838.789,risk:stop_not_protective,pdh,bullish,qualified,D_FVG_bear_2026-07-24,,,,,,sha256:1635cb8eb32a2921,kernel_ticket:pass:kernel_session_ticket|direction:pass:determined|risk:FAIL:stop_not_protective|allowlist:FAIL:not_on_mint_allowlist|mode:pass:paper|contract:FAIL:hermes_integration_i0_ftn_never_actionable,
2026-08-04,US100,ny_am,True,REV,named_extreme_raid+htf_pd+mss,2026-08-04T07:15:00,bearish,29021.131,28838.789,risk:stop_not_protective,pdh,bullish,aligned,D_FVG_bear_2026-07-24,,,,,,sha256:fea11f798aa9da80,kernel_ticket:pass:kernel_session_ticket|direction:pass:determined|risk:FAIL:stop_not_protective|allowlist:FAIL:not_on_mint_allowlist|mode:pass:paper|contract:FAIL:hermes_integration_i0_ftn_never_actionable,
2026-08-05,US100,london,True,REV,named_extreme_raid+htf_pd+mss,2026-08-05T02:30:00,bearish,29804.497,29828.043,allowlist:not_on_mint_allowlist,pdh,bullish,aligned,D_FVG_bull_2026-07-10,,,,,,sha256:11a6986c1992851b,kernel_ticket:pass:kernel_session_ticket|direction:pass:determined|risk:pass:within_caps|allowlist:FAIL:not_on_mint_allowlist|mode:pass:paper|contract:FAIL:hermes_integration_i0_ftn_never_actionable,
2026-08-05,US100,ny_am,True,REV,named_extreme_raid+htf_pd+mss,2026-08-05T10:00:00,bearish,29924.053,29828.043,risk:stop_not_protective,pdh,bullish,aligned,D_FVG_bull_2026-07-10,,,,,,sha256:085e2edab030bcdc,kernel_ticket:pass:kernel_session_ticket|direction:pass:determined|risk:FAIL:stop_not_protective|allowlist:FAIL:not_on_mint_allowlist|mode:pass:paper|contract:FAIL:hermes_integration_i0_ftn_never_actionable,
2026-08-06,US100,london,False,,no_selected_candidate,,,,,,,,,,,,,,,,,
2026-08-06,US100,ny_am,True,REV,named_extreme_raid+htf_pd+mss,2026-08-06T07:15:00,bullish,29296.443,29407.008,risk:stop_not_protective,pdl,bearish,aligned,D_FVG_bull_2026-07-10,,,,,,sha256:cdfa6ee257e8bcbe,kernel_ticket:pass:kernel_session_ticket|direction:pass:determined|risk:FAIL:stop_not_protective|allowlist:FAIL:not_on_mint_allowlist|mode:pass:paper|contract:FAIL:hermes_integration_i0_ftn_never_actionable,
2026-08-07,US100,london,False,,no_selected_candidate,,,,,,,,,,,,,,,,,
2026-08-07,US100,ny_am,False,,no_selected_candidate,,,,,,,,,,,,,,,,,
2026-08-10,US100,london,True,REV,named_extreme_raid+htf_pd+mss,2026-08-10T02:30:00,bearish,29801.042,29754.675,risk:stop_not_protective,pdh,bullish,aligned,D_FVG_bull_2026-08-05,,,,,,sha256:de9323b32e0e5226,kernel_ticket:pass:kernel_session_ticket|direction:pass:determined|risk:FAIL:stop_not_protective|allowlist:FAIL:not_on_mint_allowlist|mode:pass:paper|contract:FAIL:hermes_integration_i0_ftn_never_actionable,
2026-08-10,US100,ny_am,True,REV,named_extreme_raid+htf_pd+mss,2026-08-10T07:15:00,bearish,29763.854,29754.675,risk:stop_not_protective,pdh,bullish,qualified,D_FVG_bull_2026-08-05,,,,,,sha256:7cb879661755e037,kernel_ticket:pass:kernel_session_ticket|direction:pass:determined|risk:FAIL:stop_not_protective|allowlist:FAIL:not_on_mint_allowlist|mode:pass:paper|contract:FAIL:hermes_integration_i0_ftn_never_actionable,
2026-08-11,US100,london,False,,no_selected_candidate,,,,,,,,,,,,,,,,,
2026-08-11,US100,ny_am,False,,no_selected_candidate,,,,,,,,,,,,,,,,,
2026-08-12,US100,london,False,,no_selected_candidate,,,,,,,,,,,,,,,,,
2026-08-12,US100,ny_am,False,,no_selected_candidate,,,,,,,,,,,,,,,,,
2026-08-13,US100,london,False,,no_selected_candidate,,,,,,,,,,,,,,,,,
2026-08-13,US100,ny_am,True,REV,named_extreme_raid+htf_pd+mss,2026-08-13T10:00:00,bearish,30073.589,29895.389,risk:stop_not_protective,pdh,bullish,aligned,D_FVG_bull_2026-08-10,,,,,,sha256:70f2872954408974,kernel_ticket:pass:kernel_session_ticket|direction:pass:determined|risk:FAIL:stop_not_protective|allowlist:FAIL:not_on_mint_allowlist|mode:pass:paper|contract:FAIL:hermes_integration_i0_ftn_never_actionable,
2026-08-14,US100,london,False,,no_selected_candidate,,,,,,,,,,,,,,,,,
2026-08-14,US100,ny_am,True,REV,named_extreme_raid+htf_pd+mss,2026-08-14T08:15:00,bearish,30139.409,30166.92,allowlist:not_on_mint_allowlist,pdh,bullish,aligned,D_FVG_bull_2026-08-10,,,,,,sha256:e45f91d4926c130c,kernel_ticket:pass:kernel_session_ticket|direction:pass:determined|risk:pass:within_caps|allowlist:FAIL:not_on_mint_allowlist|mode:pass:paper|contract:FAIL:hermes_integration_i0_ftn_never_actionable,
2026-08-17,US100,london,False,,no_selected_candidate,,,,,,,,,,,,,,,,,
2026-08-17,US100,ny_am,False,,no_selected_candidate,,,,,,,,,,,,,,,,,
2026-08-18,US100,london,True,REV,named_extreme_raid+htf_pd+mss,2026-08-18T02:15:00,bullish,29743.376,29972.243,risk:stop_not_protective,pdl,bearish,aligned,D_FVG_bull_2026-08-14,,,,,,sha256:dbf58d63aa38d479,kernel_ticket:pass:kernel_session_ticket|direction:pass:determined|risk:FAIL:stop_not_protective|allowlist:FAIL:not_on_mint_allowlist|mode:pass:paper|contract:FAIL:hermes_integration_i0_ftn_never_actionable,
2026-08-18,US100,ny_am,True,REV,named_extreme_raid+htf_pd+mss,2026-08-18T07:15:00,bullish,29675.753,29972.243,risk:stop_not_protective,pdl,bearish,qualified,D_FVG_bull_2026-08-14,,,,,,sha256:c22f73c5b32195e8,kernel_ticket:pass:kernel_session_ticket|direction:pass:determined|risk:FAIL:stop_not_protective|allowlist:FAIL:not_on_mint_allowlist|mode:pass:paper|contract:FAIL:hermes_integration_i0_ftn_never_actionable,
2026-08-19,US100,london,True,REV,named_extreme_raid+htf_pd+mss,2026-08-19T02:30:00,bullish,29394.508,29426.243,risk:stop_not_protective,pdl,bearish,aligned,D_FVG_bull_2026-08-10,,,,,,sha256:ef6e7b9163045e33,kernel_ticket:pass:kernel_session_ticket|direction:pass:determined|risk:FAIL:stop_not_protective|allowlist:FAIL:not_on_mint_allowlist|mode:pass:paper|contract:FAIL:hermes_integration_i0_ftn_never_actionable,
2026-08-19,US100,ny_am,True,REV,named_extreme_raid+htf_pd+mss,2026-08-19T10:00:00,bullish,29406.776,29426.243,risk:stop_not_protective,pdl,bearish,aligned,D_FVG_bull_2026-08-10,,,,,,sha256:11ab00c25f8afba3,kernel_ticket:pass:kernel_session_ticket|direction:pass:determined|risk:FAIL:stop_not_protective|allowlist:FAIL:not_on_mint_allowlist|mode:pass:paper|contract:FAIL:hermes_integration_i0_ftn_never_actionable,
2026-08-20,US100,london,False,,no_selected_candidate,,,,,,,,,,,,,,,,,
2026-08-20,US100,ny_am,True,REV,named_extreme_raid+htf_pd+mss,2026-08-20T08:15:00,bullish,29180.119,29288.764,risk:stop_not_protective,pdl,bearish,aligned,D_FVG_bull_2026-08-10,,,,,,sha256:cc28bdbee48495c2,kernel_ticket:pass:kernel_session_ticket|direction:pass:determined|risk:FAIL:stop_not_protective|allowlist:FAIL:not_on_mint_allowlist|mode:pass:paper|contract:FAIL:hermes_integration_i0_ftn_never_actionable,
2026-08-21,US100,london,False,,no_selected_candidate,,,,,,,,,,,,,,,,,
2026-08-21,US100,ny_am,False,,no_selected_candidate,,,,,,,,,,,,,,,,,
2026-08-24,US100,london,False,,no_selected_candidate,,,,,,,,,,,,,,,,,
2026-08-24,US100,ny_am,True,REV,named_extreme_raid+htf_pd+mss,2026-08-24T07:15:00,bullish,29091.486,29140.054,risk:stop_not_protective,pdl,bullish,qualified,D_FVG_bull_2026-08-04,,,,,,sha256:fb4986a60362a56e,kernel_ticket:pass:kernel_session_ticket|direction:pass:determined|risk:FAIL:stop_not_protective|allowlist:FAIL:not_on_mint_allowlist|mode:pass:paper|contract:FAIL:hermes_integration_i0_ftn_never_actionable,
2026-08-25,US100,london,False,,no_selected_candidate,,,,,,,,,,,,,,,,,
2026-08-25,US100,ny_am,False,,no_selected_candidate,,,,,,,,,,,,,,,,,
2026-08-26,US100,london,False,,no_selected_candidate,,,,,,,,,,,,,,,,,
2026-08-26,US100,ny_am,False,,no_selected_candidate,,,,,,,,,,,,,,,,,
2026-08-27,US100,london,False,,no_selected_candidate,,,,,,,,,,,,,,,,,
2026-08-27,US100,ny_am,True,REV,named_extreme_raid+htf_pd+mss,2026-08-27T07:15:00,bearish,29552.198,29304.921,risk:stop_not_protective,pdh,bullish,qualified,D_FVG_bull_2026-08-05,,,,,,sha256:f932db4f8117c768,kernel_ticket:pass:kernel_session_ticket|direction:pass:determined|risk:FAIL:stop_not_protective|allowlist:FAIL:not_on_mint_allowlist|mode:pass:paper|contract:FAIL:hermes_integration_i0_ftn_never_actionable,
2026-08-28,US100,london,False,,no_selected_candidate,,,,,,,,,,,,,,,,,
2026-08-28,US100,ny_am,False,,no_selected_candidate,,,,,,,,,,,,,,,,,
2026-08-31,US100,london,False,,no_selected_candidate,,,,,,,,,,,,,,,,,
2026-08-31,US100,ny_am,True,REV,named_extreme_raid+htf_pd+mss,2026-08-31T07:15:00,bullish,29385.819,29381.164,allowlist:not_on_mint_allowlist,pdl,bearish,qualified,D_FVG_bull_2026-08-10,,,,,,sha256:3a4ccad078346ff4,kernel_ticket:pass:kernel_session_ticket|direction:pass:determined|risk:pass:within_caps|allowlist:FAIL:not_on_mint_allowlist|mode:pass:paper|contract:FAIL:hermes_integration_i0_ftn_never_actionable,
2026-09-01,US100,london,False,,no_selected_candidate,,,,,,,,,,,,,,,,,
2026-09-01,US100,ny_am,False,,no_selected_candidate,,,,,,,,,,,,,,,,,
2026-09-02,US100,london,False,,no_selected_candidate,,,,,,,,,,,,,,,,,
2026-09-02,US100,ny_am,True,REV,named_extreme_raid+htf_pd+mss,2026-09-02T07:15:00,bullish,28971.221,28953.687,allowlist:not_on_mint_allowlist,pdl,bearish,qualified,D_FVG_bull_2026-08-28,,,,,,sha256:3b2977e497997caa,kernel_ticket:pass:kernel_session_ticket|direction:pass:determined|risk:pass:within_caps|allowlist:FAIL:not_on_mint_allowlist|mode:pass:paper|contract:FAIL:hermes_integration_i0_ftn_never_actionable,
2026-09-03,US100,london,False,,no_selected_candidate,,,,,,,,,,,,,,,,,
2026-09-03,US100,ny_am,True,REV,named_extreme_raid+htf_pd+mss,2026-09-03T10:00:00,bearish,29288.476,29165.698,risk:stop_not_protective,pdh,bullish,aligned,D_FVG_bear_2026-09-02,,,,,,sha256:239851aa0dd93054,kernel_ticket:pass:kernel_session_ticket|direction:pass:determined|risk:FAIL:stop_not_protective|allowlist:FAIL:not_on_mint_allowlist|mode:pass:paper|contract:FAIL:hermes_integration_i0_ftn_never_actionable,
2026-09-04,US100,london,True,REV,named_extreme_raid+htf_pd+mss,2026-09-04T02:45:00,bearish,29561.575,29539.299,risk:stop_not_protective,pdh,bullish,aligned,D_FVG_bull_2026-08-28,,,,,,sha256:61df453af2a14648,kernel_ticket:pass:kernel_session_ticket|direction:pass:determined|risk:FAIL:stop_not_protective|allowlist:FAIL:not_on_mint_allowlist|mode:pass:paper|contract:FAIL:hermes_integration_i0_ftn_never_actionable,
2026-09-04,US100,ny_am,True,REV,named_extreme_raid+htf_pd+mss,2026-09-04T07:15:00,bearish,29617.221,29539.299,risk:stop_not_protective,pdh,bullish,aligned,D_FVG_bull_2026-08-10,,,,,,sha256:05ed5ed53d1b7a0d,kernel_ticket:pass:kernel_session_ticket|direction:pass:determined|risk:FAIL:stop_not_protective|allowlist:FAIL:not_on_mint_allowlist|mode:pass:paper|contract:FAIL:hermes_integration_i0_ftn_never_actionable,
2026-09-08,US100,london,False,,no_selected_candidate,,,,,,,,,,,,,,,,,
2026-09-08,US100,ny_am,False,,no_selected_candidate,,,,,,,,,,,,,,,,,
2026-09-09,US100,london,False,,no_selected_candidate,,,,,,,,,,,,,,,,,
2026-09-09,US100,ny_am,True,REV,named_extreme_raid+htf_pd+mss,2026-09-09T07:15:00,bullish,29382.543,29392.232,risk:stop_not_protective,pdl,bearish,aligned,D_FVG_bear_2026-08-19,,,,,,sha256:f6b30416edebfc11,kernel_ticket:pass:kernel_session_ticket|direction:pass:determined|risk:FAIL:stop_not_protective|allowlist:FAIL:not_on_mint_allowlist|mode:pass:paper|contract:FAIL:hermes_integration_i0_ftn_never_actionable,
2026-09-10,US100,london,False,,no_selected_candidate,,,,,,,,,,,,,,,,,
2026-09-10,US100,ny_am,True,REV,named_extreme_raid+htf_pd+mss,2026-09-10T08:00:00,bullish,29238.253,29307.586,risk:stop_not_protective,pdl,bearish,aligned,D_FVG_bull_2026-08-28,,,,,,sha256:ab534ce8107f0060,kernel_ticket:pass:kernel_session_ticket|direction:pass:determined|risk:FAIL:stop_not_protective|allowlist:FAIL:not_on_mint_allowlist|mode:pass:paper|contract:FAIL:hermes_integration_i0_ftn_never_actionable,
2026-09-11,US100,london,False,,no_selected_candidate,,,,,,,,,,,,,,,,,
2026-09-11,US100,ny_am,False,,no_selected_candidate,,,,,,,,,,,,,,,,,
2026-09-14,US100,london,False,,no_selected_candidate,,,,,,,,,,,,,,,,,
2026-09-14,US100,ny_am,True,PIP20,window=ny_expansion+interp_trigger,2026-09-14T10:00:00,bullish,28989.408,28969.408,allowlist:not_on_mint_allowlist,pdl,bullish,aligned,,,,,,,sha256:71d028ec2680c6b1,kernel_ticket:pass:kernel_session_ticket|direction:pass:determined|risk:pass:within_caps|allowlist:FAIL:not_on_mint_allowlist|mode:pass:paper|contract:FAIL:hermes_integration_i0_ftn_never_actionable,
2026-09-15,US100,london,False,,no_selected_candidate,,,,,,,,,,,,,,,,,
2026-09-15,US100,ny_am,False,,no_selected_candidate,,,,,,,,,,,,,,,,,
2026-09-16,US100,london,False,,no_selected_candidate,,,,,,,,,,,,,,,,,
2026-09-16,US100,ny_am,False,,no_selected_candidate,,,,,,,,,,,,,,,,,
2026-09-17,US100,london,False,,no_selected_candidate,,,,,,,,,,,,,,,,,
2026-09-17,US100,ny_am,False,,no_selected_candidate,,,,,,,,,,,,,,,,,
2026-09-18,US100,london,True,REV,named_extreme_raid+htf_pd+mss,2026-09-18T02:15:00,bearish,29585.408,29486.764,risk:stop_not_protective,pdh,bullish,aligned,D_FVG_bull_2026-08-28,,,,,,sha256:c21e532bbc25203e,kernel_ticket:pass:kernel_session_ticket|direction:pass:determined|risk:FAIL:stop_not_protective|allowlist:FAIL:not_on_mint_allowlist|mode:pass:paper|contract:FAIL:hermes_integration_i0_ftn_never_actionable,
2026-09-18,US100,ny_am,False,,no_selected_candidate,,,,,,,,,,,,,,,,,
2026-09-21,US100,london,True,REV,named_extreme_raid+htf_pd+mss,2026-09-21T02:15:00,bearish,29824.119,29703.689,risk:stop_not_protective,pdh,bullish,aligned,D_FVG_bull_2026-08-28,,,,,,sha256:70b4c3f0dab132dd,kernel_ticket:pass:kernel_session_ticket|direction:pass:determined|risk:FAIL:stop_not_protective|allowlist:FAIL:not_on_mint_allowlist|mode:pass:paper|contract:FAIL:hermes_integration_i0_ftn_never_actionable,
2026-09-21,US100,ny_am,True,REV,named_extreme_raid+htf_pd+mss,2026-09-21T07:15:00,bearish,29944.743,29703.689,risk:stop_not_protective,pdh,bullish,aligned,D_FVG_bull_2026-08-28,,,,,,sha256:a427cba9b40dc3aa,kernel_ticket:pass:kernel_session_ticket|direction:pass:determined|risk:FAIL:stop_not_protective|allowlist:FAIL:not_on_mint_allowlist|mode:pass:paper|contract:FAIL:hermes_integration_i0_ftn_never_actionable,
2026-09-22,US100,london,False,,no_selected_candidate,,,,,,,,,,,,,,,,,
2026-09-22,US100,ny_am,True,REV,named_extreme_raid+htf_pd+mss,2026-09-22T07:15:00,bearish,30490.275,30554.808,allowlist:not_on_mint_allowlist,pdh,bullish,qualified,D_FVG_bull_2026-09-21,,,,,,sha256:478475779b5e32fe,kernel_ticket:pass:kernel_session_ticket|direction:pass:determined|risk:pass:within_caps|allowlist:FAIL:not_on_mint_allowlist|mode:pass:paper|contract:FAIL:hermes_integration_i0_ftn_never_actionable,
2026-09-23,US100,london,True,REV,named_extreme_raid+htf_pd+mss,2026-09-23T03:00:00,bearish,30752.586,30765.809,allowlist:not_on_mint_allowlist,pdh,bullish,aligned,D_FVG_bull_2026-09-22,,,,,,sha256:9863129ae694c56d,kernel_ticket:pass:kernel_session_ticket|direction:pass:determined|risk:pass:within_caps|allowlist:FAIL:not_on_mint_allowlist|mode:pass:paper|contract:FAIL:hermes_integration_i0_ftn_never_actionable,
2026-09-23,US100,ny_am,False,,no_selected_candidate,,,,,,,,,,,,,,,,,
2026-09-24,US100,london,False,,no_selected_candidate,,,,,,,,,,,,,,,,,
2026-09-24,US100,ny_am,False,,no_selected_candidate,,,,,,,,,,,,,,,,,
2026-09-25,US100,london,False,,no_selected_candidate,,,,,,,,,,,,,,,,,
2026-09-25,US100,ny_am,True,PIP20,window=ny_expansion+interp_trigger,2026-09-25T10:00:00,bearish,30616.276,30636.276,allowlist:not_on_mint_allowlist,pdh,bearish,qualified,,,,,,,sha256:a6a9298ce01bdf7f,kernel_ticket:pass:kernel_session_ticket|direction:pass:determined|risk:pass:within_caps|allowlist:FAIL:not_on_mint_allowlist|mode:pass:paper|contract:FAIL:hermes_integration_i0_ftn_never_actionable,
