date,symbol,session,ticket,module,reason,entry_time,side,entry,stop,blocked_by,raid_level,iof_state,iof_confidence,origin_pd_array,R,R_gross,exit,risk_pts,cost_R,fingerprint,gates,features
2025-09-25,US100,ny_am,True,REV,named_extreme_raid+htf_pd+mss,2025-09-25T09:45:00,sell,24191.358,24387.941,side:rev_side_conflicts_with_raid,pdl,bearish,aligned,D_FVG_bull_2025-09-19,-1.0081390557677927,-1.0,stop,196.58299999999872,0.008139055767792792,f083eff88b587c63,kernel_ticket:pass:kernel_session_ticket|side:FAIL:rev_side_conflicts_with_raid|risk:pass:within_caps|allowlist:FAIL:not_on_mint_allowlist|mode:pass:paper,"{""m1_correct_side_of_eq"": false, ""m2_false_breakout"": false, ""m4_fvg_in_displacement"": true, ""m3_iof_aligned"": true, ""m5_ipda20_discount"": true, ""m6_with_20d_swing"": false, ""m7_osok_profile"": false, ""m8_cbdr_tight"": true, ""m8_ny_continues_london"": true, ""m10_us500_confirms"": true, ""m11_smt_divergence"": false, ""m12_topdown_agree"": false, ""m13_bridge_window_fvg"": false}"
2025-09-29,US100,london,True,REV,named_extreme_raid+htf_pd+mss,2025-09-29T02:15:00,buy,24600.243,24517.327,side:rev_side_conflicts_with_raid,pdh,bullish,qualified,D_FVG_bull_2025-09-19,0.10384003087465665,0.12313666843556226,time,82.91599999999744,0.01929663756090561,75c835e41a07e470,kernel_ticket:pass:kernel_session_ticket|side:FAIL:rev_side_conflicts_with_raid|risk:pass:within_caps|allowlist:FAIL:not_on_mint_allowlist|mode:pass:paper,"{""m1_correct_side_of_eq"": false, ""m2_false_breakout"": false, ""m4_fvg_in_displacement"": true, ""m3_iof_aligned"": false, ""m5_ipda20_discount"": false, ""m6_with_20d_swing"": true, ""m7_osok_profile"": false, ""m8_cbdr_tight"": true, ""m8_ny_continues_london"": null, ""m10_us500_confirms"": true, ""m11_smt_divergence"": false, ""m12_topdown_agree"": false, ""m13_bridge_window_fvg"": false}"
2025-09-29,US100,ny_am,True,REV,named_extreme_raid+htf_pd+mss,2025-09-29T07:15:00,buy,24636.697,24517.327,side:rev_side_conflicts_with_raid,pdh,bullish,aligned,D_FVG_bull_2025-09-19,-0.23325793750522758,-0.21985423473233645,time,119.36999999999898,0.013403702772891126,f288aa4c0074e988,kernel_ticket:pass:kernel_session_ticket|side:FAIL:rev_side_conflicts_with_raid|risk:pass:within_caps|allowlist:FAIL:not_on_mint_allowlist|mode:pass:paper,"{""m1_correct_side_of_eq"": false, ""m2_false_breakout"": false, ""m4_fvg_in_displacement"": true, ""m3_iof_aligned"": true, ""m5_ipda20_discount"": false, ""m6_with_20d_swing"": true, ""m7_osok_profile"": false, ""m8_cbdr_tight"": true, ""m8_ny_continues_london"": true, ""m10_us500_confirms"": true, ""m11_smt_divergence"": false, ""m12_topdown_agree"": false, ""m13_bridge_window_fvg"": false}"
2025-10-01,US100,ny_am,True,REV,named_extreme_raid+htf_pd+mss,2025-10-01T10:00:00,buy,24553.069,24499.036,allowlist:not_on_mint_allowlist,pdl,bullish,qualified,D_FVG_bull_2025-09-19,1.9703884663076265,2.0,target,54.03299999999945,0.029611533692373484,cd5688261913e030,kernel_ticket:pass:kernel_session_ticket|side:pass:determined|risk:pass:within_caps|allowlist:FAIL:not_on_mint_allowlist|mode:pass:paper,"{""m1_correct_side_of_eq"": true, ""m2_false_breakout"": false, ""m4_fvg_in_displacement"": true, ""m3_iof_aligned"": false, ""m5_ipda20_discount"": false, ""m6_with_20d_swing"": true, ""m7_osok_profile"": true, ""m8_cbdr_tight"": false, ""m8_ny_continues_london"": false, ""m10_us500_confirms"": true, ""m11_smt_divergence"": false, ""m12_topdown_agree"": false, ""m13_bridge_window_fvg"": true}"
2025-10-02,US100,ny_am,True,REV,named_extreme_raid+htf_pd+mss,2025-10-02T07:15:00,buy,24918.272,24815.642,side:rev_side_conflicts_with_raid,pdh,bullish,aligned,D_FVG_bull_2025-09-19,-1.0155899834356426,-1.0,stop,102.63000000000102,0.015589983435642446,96670bdf4122186c,kernel_ticket:pass:kernel_session_ticket|side:FAIL:rev_side_conflicts_with_raid|risk:pass:within_caps|allowlist:FAIL:not_on_mint_allowlist|mode:pass:paper,"{""m1_correct_side_of_eq"": false, ""m2_false_breakout"": false, ""m4_fvg_in_displacement"": true, ""m3_iof_aligned"": true, ""m5_ipda20_discount"": false, ""m6_with_20d_swing"": true, ""m7_osok_profile"": false, ""m8_cbdr_tight"": true, ""m8_ny_continues_london"": true, ""m10_us500_confirms"": true, ""m11_smt_divergence"": false, ""m12_topdown_agree"": false, ""m13_bridge_window_fvg"": false}"
2025-10-03,US100,london,True,REV,named_extreme_raid+htf_pd+mss,2025-10-03T02:15:00,buy,24965.816,24965.153,side:rev_side_conflicts_with_raid,pdh,bullish,qualified,D_FVG_bull_2025-10-02,-3.413273001506601,-1.0,stop,0.6630000000004657,2.413273001506601,c55fd2f106bf8ffd,kernel_ticket:pass:kernel_session_ticket|side:FAIL:rev_side_conflicts_with_raid|risk:pass:within_caps|allowlist:FAIL:not_on_mint_allowlist|mode:pass:paper,"{""m1_correct_side_of_eq"": false, ""m2_false_breakout"": true, ""m4_fvg_in_displacement"": true, ""m3_iof_aligned"": false, ""m5_ipda20_discount"": false, ""m6_with_20d_swing"": true, ""m7_osok_profile"": false, ""m8_cbdr_tight"": true, ""m8_ny_continues_london"": null, ""m10_us500_confirms"": true, ""m11_smt_divergence"": false, ""m12_topdown_agree"": false, ""m13_bridge_window_fvg"": false}"
2025-10-09,US100,london,True,REV,named_extreme_raid+htf_pd+mss,2025-10-09T02:30:00,buy,25149.37,25142.205,side:rev_side_conflicts_with_raid,pdh,bullish,aligned,D_FVG_bull_2025-10-02,-1.2233077459875252,-1.0,stop,7.164999999997235,0.22330774598752512,b7ba2dfcbc8aa28b,kernel_ticket:pass:kernel_session_ticket|side:FAIL:rev_side_conflicts_with_raid|risk:pass:within_caps|allowlist:FAIL:not_on_mint_allowlist|mode:pass:paper,"{""m1_correct_side_of_eq"": false, ""m2_false_breakout"": true, ""m4_fvg_in_displacement"": true, ""m3_iof_aligned"": true, ""m5_ipda20_discount"": false, ""m6_with_20d_swing"": true, ""m7_osok_profile"": false, ""m8_cbdr_tight"": false, ""m8_ny_continues_london"": null, ""m10_us500_confirms"": true, ""m11_smt_divergence"": false, ""m12_topdown_agree"": true, ""m13_bridge_window_fvg"": false}"
2025-10-20,US100,london,True,REV,named_extreme_raid+htf_pd+mss,2025-10-20T02:15:00,buy,24927.261,24883.399,side:rev_side_conflicts_with_raid,pdh,bullish,aligned,D_FVG_bull_2025-10-02,-1.036478044776802,-1.0,stop,43.86199999999735,0.036478044776802165,cdf71ded8be3a15e,kernel_ticket:pass:kernel_session_ticket|side:FAIL:rev_side_conflicts_with_raid|risk:pass:within_caps|allowlist:FAIL:not_on_mint_allowlist|mode:pass:paper,"{""m1_correct_side_of_eq"": false, ""m2_false_breakout"": false, ""m4_fvg_in_displacement"": false, ""m3_iof_aligned"": true, ""m5_ipda20_discount"": false, ""m6_with_20d_swing"": true, ""m7_osok_profile"": false, ""m8_cbdr_tight"": true, ""m8_ny_continues_london"": null, ""m10_us500_confirms"": false, ""m11_smt_divergence"": false, ""m12_topdown_agree"": true, ""m13_bridge_window_fvg"": false}"
2025-10-20,US100,ny_am,True,REV,named_extreme_raid+htf_pd+mss,2025-10-20T10:00:00,buy,25057.055,24883.399,side:rev_side_conflicts_with_raid,pdh,bullish,aligned,D_FVG_bear_2025-10-13,0.42724697102316334,0.4364605887501639,time,173.65599999999904,0.009213617727000559,c9a28bef8b6d7b18,kernel_ticket:pass:kernel_session_ticket|side:FAIL:rev_side_conflicts_with_raid|risk:pass:within_caps|allowlist:FAIL:not_on_mint_allowlist|mode:pass:paper,"{""m1_correct_side_of_eq"": false, ""m2_false_breakout"": false, ""m4_fvg_in_displacement"": true, ""m3_iof_aligned"": true, ""m5_ipda20_discount"": false, ""m6_with_20d_swing"": true, ""m7_osok_profile"": false, ""m8_cbdr_tight"": true, ""m8_ny_continues_london"": false, ""m10_us500_confirms"": true, ""m11_smt_divergence"": false, ""m12_topdown_agree"": true, ""m13_bridge_window_fvg"": false}"
2025-10-24,US100,london,True,REV,named_extreme_raid+htf_pd+mss,2025-10-24T02:15:00,buy,25216.447,25125.87,side:rev_side_conflicts_with_raid,pdh,bullish,aligned,D_FVG_bull_2025-10-21,1.982335471477307,2.0,target,90.57700000000114,0.01766452852269318,de06e5ce5f2c024f,kernel_ticket:pass:kernel_session_ticket|side:FAIL:rev_side_conflicts_with_raid|risk:pass:within_caps|allowlist:FAIL:not_on_mint_allowlist|mode:pass:paper,"{""m1_correct_side_of_eq"": false, ""m2_false_breakout"": false, ""m4_fvg_in_displacement"": true, ""m3_iof_aligned"": true, ""m5_ipda20_discount"": false, ""m6_with_20d_swing"": true, ""m7_osok_profile"": false, ""m8_cbdr_tight"": true, ""m8_ny_continues_london"": null, ""m10_us500_confirms"": true, ""m11_smt_divergence"": false, ""m12_topdown_agree"": true, ""m13_bridge_window_fvg"": false}"
2025-10-24,US100,ny_am,True,REV,named_extreme_raid+htf_pd+mss,2025-10-24T07:15:00,buy,25229.555,25125.87,side:rev_side_conflicts_with_raid,pdh,bullish,qualified,D_FVG_bull_2025-10-21,1.233119544775008,1.2485508993586023,time,103.68500000000131,0.015431354583594348,2ee4bc41d088a52a,kernel_ticket:pass:kernel_session_ticket|side:FAIL:rev_side_conflicts_with_raid|risk:pass:within_caps|allowlist:FAIL:not_on_mint_allowlist|mode:pass:paper,"{""m1_correct_side_of_eq"": false, ""m2_false_breakout"": false, ""m4_fvg_in_displacement"": true, ""m3_iof_aligned"": false, ""m5_ipda20_discount"": false, ""m6_with_20d_swing"": true, ""m7_osok_profile"": false, ""m8_cbdr_tight"": true, ""m8_ny_continues_london"": true, ""m10_us500_confirms"": true, ""m11_smt_divergence"": false, ""m12_topdown_agree"": true, ""m13_bridge_window_fvg"": false}"
2025-10-27,US100,london,True,REV,named_extreme_raid+htf_pd+mss,2025-10-27T02:15:00,buy,25642.672,25418.088,side:rev_side_conflicts_with_raid,pdh,bullish,aligned,D_FVG_bull_2025-10-21,0.760481601538848,0.7676058846578592,time,224.58399999999892,0.007124283119011184,e1155f3592665b52,kernel_ticket:pass:kernel_session_ticket|side:FAIL:rev_side_conflicts_with_raid|risk:pass:within_caps|allowlist:FAIL:not_on_mint_allowlist|mode:pass:paper,"{""m1_correct_side_of_eq"": false, ""m2_false_breakout"": false, ""m4_fvg_in_displacement"": true, ""m3_iof_aligned"": true, ""m5_ipda20_discount"": false, ""m6_with_20d_swing"": true, ""m7_osok_profile"": false, ""m8_cbdr_tight"": true, ""m8_ny_continues_london"": null, ""m10_us500_confirms"": true, ""m11_smt_divergence"": false, ""m12_topdown_agree"": true, ""m13_bridge_window_fvg"": false}"
2025-10-27,US100,ny_am,True,REV,named_extreme_raid+htf_pd+mss,2025-10-27T07:15:00,buy,25687.238,25418.088,side:rev_side_conflicts_with_raid,pdh,bullish,qualified,D_FVG_bull_2025-10-21,0.46898012260819844,0.4749247631432161,time,269.15000000000146,0.005944640535017616,7c5856171e9e3316,kernel_ticket:pass:kernel_session_ticket|side:FAIL:rev_side_conflicts_with_raid|risk:pass:within_caps|allowlist:FAIL:not_on_mint_allowlist|mode:pass:paper,"{""m1_correct_side_of_eq"": false, ""m2_false_breakout"": false, ""m4_fvg_in_displacement"": true, ""m3_iof_aligned"": false, ""m5_ipda20_discount"": false, ""m6_with_20d_swing"": true, ""m7_osok_profile"": false, ""m8_cbdr_tight"": true, ""m8_ny_continues_london"": true, ""m10_us500_confirms"": true, ""m11_smt_divergence"": false, ""m12_topdown_agree"": true, ""m13_bridge_window_fvg"": false}"
2025-10-28,US100,ny_am,True,REV,named_extreme_raid+htf_pd+mss,2025-10-28T07:15:00,buy,25843.925,25834.727,side:rev_side_conflicts_with_raid,pdh,bullish,aligned,D_FVG_bull_2025-10-27,1.8260491411176403,2.0,target,9.19800000000032,0.1739508588823597,104dc5ee1523d22f,kernel_ticket:pass:kernel_session_ticket|side:FAIL:rev_side_conflicts_with_raid|risk:pass:within_caps|allowlist:FAIL:not_on_mint_allowlist|mode:pass:paper,"{""m1_correct_side_of_eq"": false, ""m2_false_breakout"": false, ""m4_fvg_in_displacement"": true, ""m3_iof_aligned"": true, ""m5_ipda20_discount"": false, ""m6_with_20d_swing"": true, ""m7_osok_profile"": false, ""m8_cbdr_tight"": true, ""m8_ny_continues_london"": true, ""m10_us500_confirms"": true, ""m11_smt_divergence"": true, ""m12_topdown_agree"": true, ""m13_bridge_window_fvg"": false}"
2025-10-29,US100,london,True,REV,named_extreme_raid+htf_pd+mss,2025-10-29T02:15:00,buy,26127.588,26085.772,side:rev_side_conflicts_with_raid,pdh,bullish,aligned,D_FVG_bull_2025-10-28,-1.0382628658886561,-1.0,stop,41.815999999998894,0.03826286588865607,c76fd1009a9e2523,kernel_ticket:pass:kernel_session_ticket|side:FAIL:rev_side_conflicts_with_raid|risk:pass:within_caps|allowlist:FAIL:not_on_mint_allowlist|mode:pass:paper,"{""m1_correct_side_of_eq"": false, ""m2_false_breakout"": true, ""m4_fvg_in_displacement"": true, ""m3_iof_aligned"": true, ""m5_ipda20_discount"": false, ""m6_with_20d_swing"": true, ""m7_osok_profile"": false, ""m8_cbdr_tight"": true, ""m8_ny_continues_london"": null, ""m10_us500_confirms"": true, ""m11_smt_divergence"": true, ""m12_topdown_agree"": true, ""m13_bridge_window_fvg"": false}"
2025-10-29,US100,ny_am,True,REV,named_extreme_raid+htf_pd+mss,2025-10-29T10:00:00,buy,26176.0,26085.772,side:rev_side_conflicts_with_raid,pdh,bullish,aligned,D_FVG_bull_2025-10-28,-1.0177328545462607,-1.0,stop,90.22799999999916,0.01773285454626075,bce241cb85288637,kernel_ticket:pass:kernel_session_ticket|side:FAIL:rev_side_conflicts_with_raid|risk:pass:within_caps|allowlist:FAIL:not_on_mint_allowlist|mode:pass:paper,"{""m1_correct_side_of_eq"": false, ""m2_false_breakout"": true, ""m4_fvg_in_displacement"": true, ""m3_iof_aligned"": true, ""m5_ipda20_discount"": false, ""m6_with_20d_swing"": true, ""m7_osok_profile"": false, ""m8_cbdr_tight"": true, ""m8_ny_continues_london"": true, ""m10_us500_confirms"": true, ""m11_smt_divergence"": false, ""m12_topdown_agree"": true, ""m13_bridge_window_fvg"": false}"
2025-11-05,US100,ny_am,True,REV,named_extreme_raid+htf_pd+mss,2025-11-05T07:15:00,sell,25354.569,25418.208,side:rev_side_conflicts_with_raid,pdl,bearish,qualified,D_FVG_bull_2025-10-28,-1.025141815553356,-1.0,stop,63.638999999999214,0.02514181555335596,9d6a0ee74e97bd56,kernel_ticket:pass:kernel_session_ticket|side:FAIL:rev_side_conflicts_with_raid|risk:pass:within_caps|allowlist:FAIL:not_on_mint_allowlist|mode:pass:paper,"{""m1_correct_side_of_eq"": false, ""m2_false_breakout"": false, ""m4_fvg_in_displacement"": true, ""m3_iof_aligned"": false, ""m5_ipda20_discount"": true, ""m6_with_20d_swing"": false, ""m7_osok_profile"": false, ""m8_cbdr_tight"": false, ""m8_ny_continues_london"": true, ""m10_us500_confirms"": true, ""m11_smt_divergence"": false, ""m12_topdown_agree"": false, ""m13_bridge_window_fvg"": false}"
2025-11-07,US100,ny_am,True,REV,named_extreme_raid+htf_pd+mss,2025-11-07T07:15:00,sell,25070.849,25081.343,side:rev_side_conflicts_with_raid,pdl,bearish,aligned,D_FVG_bull_2025-10-27,-1.1524680769963438,-1.0,stop,10.494000000002416,0.1524680769963438,562c6061e2c2cb52,kernel_ticket:pass:kernel_session_ticket|side:FAIL:rev_side_conflicts_with_raid|risk:pass:within_caps|allowlist:FAIL:not_on_mint_allowlist|mode:pass:paper,"{""m1_correct_side_of_eq"": false, ""m2_false_breakout"": true, ""m4_fvg_in_displacement"": true, ""m3_iof_aligned"": true, ""m5_ipda20_discount"": false, ""m6_with_20d_swing"": false, ""m7_osok_profile"": false, ""m8_cbdr_tight"": false, ""m8_ny_continues_london"": true, ""m10_us500_confirms"": true, ""m11_smt_divergence"": false, ""m12_topdown_agree"": false, ""m13_bridge_window_fvg"": false}"
2025-11-12,US100,ny_am,True,REV,named_extreme_raid+htf_pd+mss,2025-11-12T10:00:00,sell,25491.249,25667.5,allowlist:not_on_mint_allowlist,pdh,bearish,aligned,D_FVG_bear_2025-11-05,-0.18972374624824767,-0.18064578357002176,time,176.2510000000002,0.009077962678225929,3122072afff8e642,kernel_ticket:pass:kernel_session_ticket|side:pass:determined|risk:pass:within_caps|allowlist:FAIL:not_on_mint_allowlist|mode:pass:paper,"{""m1_correct_side_of_eq"": false, ""m2_false_breakout"": true, ""m4_fvg_in_displacement"": true, ""m3_iof_aligned"": true, ""m5_ipda20_discount"": true, ""m6_with_20d_swing"": false, ""m7_osok_profile"": true, ""m8_cbdr_tight"": true, ""m8_ny_continues_london"": false, ""m10_us500_confirms"": true, ""m11_smt_divergence"": false, ""m12_topdown_agree"": true, ""m13_bridge_window_fvg"": true}"
2025-11-13,US100,ny_am,True,REV,named_extreme_raid+htf_pd+mss,2025-11-13T09:45:00,sell,25192.569,25387.341,side:rev_side_conflicts_with_raid,pdl,bearish,aligned,D_FVG_bull_2025-11-11,-1.0082147331238576,-1.0,stop,194.77200000000084,0.008214733123857603,caeb5ec4ddbee496,kernel_ticket:pass:kernel_session_ticket|side:FAIL:rev_side_conflicts_with_raid|risk:pass:within_caps|allowlist:FAIL:not_on_mint_allowlist|mode:pass:paper,"{""m1_correct_side_of_eq"": false, ""m2_false_breakout"": false, ""m4_fvg_in_displacement"": false, ""m3_iof_aligned"": true, ""m5_ipda20_discount"": false, ""m6_with_20d_swing"": false, ""m7_osok_profile"": false, ""m8_cbdr_tight"": true, ""m8_ny_continues_london"": true, ""m10_us500_confirms"": true, ""m11_smt_divergence"": false, ""m12_topdown_agree"": true, ""m13_bridge_window_fvg"": false}"
2025-11-14,US100,london,True,REV,named_extreme_raid+htf_pd+mss,2025-11-14T02:15:00,sell,24885.653,24905.106,side:rev_side_conflicts_with_raid,pdl,bearish,aligned,D_FVG_bull_2025-11-11,1.9177504755050692,2.0,target,19.45300000000134,0.08224952449493086,df89dcb29e7d0e04,kernel_ticket:pass:kernel_session_ticket|side:FAIL:rev_side_conflicts_with_raid|risk:pass:within_caps|allowlist:FAIL:not_on_mint_allowlist|mode:pass:paper,"{""m1_correct_side_of_eq"": false, ""m2_false_breakout"": true, ""m4_fvg_in_displacement"": true, ""m3_iof_aligned"": true, ""m5_ipda20_discount"": false, ""m6_with_20d_swing"": false, ""m7_osok_profile"": false, ""m8_cbdr_tight"": true, ""m8_ny_continues_london"": null, ""m10_us500_confirms"": true, ""m11_smt_divergence"": false, ""m12_topdown_agree"": true, ""m13_bridge_window_fvg"": false}"
2025-11-14,US100,ny_am,True,REV,named_extreme_raid+htf_pd+mss,2025-11-14T07:15:00,sell,24657.381,24905.106,side:rev_side_conflicts_with_raid,pdl,bearish,aligned,D_FVG_bull_2025-10-21,-1.0064587748511455,-1.0,stop,247.72499999999854,0.006458774851145462,bf7fa46eaf935a43,kernel_ticket:pass:kernel_session_ticket|side:FAIL:rev_side_conflicts_with_raid|risk:pass:within_caps|allowlist:FAIL:not_on_mint_allowlist|mode:pass:paper,"{""m1_correct_side_of_eq"": false, ""m2_false_breakout"": true, ""m4_fvg_in_displacement"": true, ""m3_iof_aligned"": true, ""m5_ipda20_discount"": false, ""m6_with_20d_swing"": false, ""m7_osok_profile"": false, ""m8_cbdr_tight"": true, ""m8_ny_continues_london"": true, ""m10_us500_confirms"": true, ""m11_smt_divergence"": false, ""m12_topdown_agree"": true, ""m13_bridge_window_fvg"": false}"
2025-11-18,US100,london,True,REV,named_extreme_raid+htf_pd+mss,2025-11-18T02:15:00,sell,24551.425,24646.62,side:rev_side_conflicts_with_raid,pdl,bearish,aligned,D_FVG_bull_2025-10-21,-1.0168076054414623,-1.0,stop,95.19499999999971,0.016807605441462314,2a37fce2cffc33c6,kernel_ticket:pass:kernel_session_ticket|side:FAIL:rev_side_conflicts_with_raid|risk:pass:within_caps|allowlist:FAIL:not_on_mint_allowlist|mode:pass:paper,"{""m1_correct_side_of_eq"": false, ""m2_false_breakout"": true, ""m4_fvg_in_displacement"": true, ""m3_iof_aligned"": true, ""m5_ipda20_discount"": false, ""m6_with_20d_swing"": true, ""m7_osok_profile"": false, ""m8_cbdr_tight"": false, ""m8_ny_continues_london"": null, ""m10_us500_confirms"": true, ""m11_smt_divergence"": false, ""m12_topdown_agree"": true, ""m13_bridge_window_fvg"": false}"
2025-11-18,US100,ny_am,True,REV,named_extreme_raid+htf_pd+mss,2025-11-18T10:00:00,sell,24438.392,24646.62,side:rev_side_conflicts_with_raid,pdl,bearish,aligned,D_FVG_bull_2025-10-21,-1.007683884972242,-1.0,stop,208.22799999999916,0.007683884972241997,e32aad0a4c615a71,kernel_ticket:pass:kernel_session_ticket|side:FAIL:rev_side_conflicts_with_raid|risk:pass:within_caps|allowlist:FAIL:not_on_mint_allowlist|mode:pass:paper,"{""m1_correct_side_of_eq"": false, ""m2_false_breakout"": true, ""m4_fvg_in_displacement"": true, ""m3_iof_aligned"": true, ""m5_ipda20_discount"": false, ""m6_with_20d_swing"": true, ""m7_osok_profile"": false, ""m8_cbdr_tight"": false, ""m8_ny_continues_london"": false, ""m10_us500_confirms"": true, ""m11_smt_divergence"": false, ""m12_topdown_agree"": true, ""m13_bridge_window_fvg"": false}"
2025-11-21,US100,ny_am,True,REV,named_extreme_raid+htf_pd+mss,2025-11-21T07:15:00,sell,23944.099,24011.924,side:rev_side_conflicts_with_raid,pdl,bearish,aligned,D_FVG_bear_2025-11-14,-1.0235901216365644,-1.0,stop,67.82500000000073,0.023590121636564435,2d98b503109d27bb,kernel_ticket:pass:kernel_session_ticket|side:FAIL:rev_side_conflicts_with_raid|risk:pass:within_caps|allowlist:FAIL:not_on_mint_allowlist|mode:pass:paper,"{""m1_correct_side_of_eq"": false, ""m2_false_breakout"": false, ""m4_fvg_in_displacement"": true, ""m3_iof_aligned"": true, ""m5_ipda20_discount"": false, ""m6_with_20d_swing"": true, ""m7_osok_profile"": false, ""m8_cbdr_tight"": false, ""m8_ny_continues_london"": true, ""m10_us500_confirms"": true, ""m11_smt_divergence"": false, ""m12_topdown_agree"": true, ""m13_bridge_window_fvg"": false}"
2025-11-26,US100,london,True,REV,named_extreme_raid+htf_pd+mss,2025-11-26T02:30:00,buy,25167.381,25066.381,side:rev_side_conflicts_with_raid,pdh,bullish,aligned,D_FVG_bull_2025-11-25,-1.0158415841584159,-1.0,stop,101.0,0.015841584158415842,c311265336333c64,kernel_ticket:pass:kernel_session_ticket|side:FAIL:rev_side_conflicts_with_raid|risk:pass:within_caps|allowlist:FAIL:not_on_mint_allowlist|mode:pass:paper,"{""m1_correct_side_of_eq"": false, ""m2_false_breakout"": false, ""m4_fvg_in_displacement"": true, ""m3_iof_aligned"": true, ""m5_ipda20_discount"": false, ""m6_with_20d_swing"": false, ""m7_osok_profile"": false, ""m8_cbdr_tight"": true, ""m8_ny_continues_london"": null, ""m10_us500_confirms"": true, ""m11_smt_divergence"": false, ""m12_topdown_agree"": false, ""m13_bridge_window_fvg"": false}"
2025-12-11,US100,ny_am,True,REV,named_extreme_raid+htf_pd+mss,2025-12-11T07:15:00,buy,25616.261,25500.215,allowlist:not_on_mint_allowlist,pdl,bullish,aligned,D_FVG_bull_2025-11-11,-1.0137876359374733,-1.0,stop,116.04599999999846,0.013787635937473255,4db7ac86d4ba692f,kernel_ticket:pass:kernel_session_ticket|side:pass:determined|risk:pass:within_caps|allowlist:FAIL:not_on_mint_allowlist|mode:pass:paper,"{""m1_correct_side_of_eq"": true, ""m2_false_breakout"": false, ""m4_fvg_in_displacement"": true, ""m3_iof_aligned"": true, ""m5_ipda20_discount"": false, ""m6_with_20d_swing"": true, ""m7_osok_profile"": false, ""m8_cbdr_tight"": false, ""m8_ny_continues_london"": true, ""m10_us500_confirms"": true, ""m11_smt_divergence"": false, ""m12_topdown_agree"": true, ""m13_bridge_window_fvg"": false}"
2025-12-16,US100,london,True,REV,named_extreme_raid+htf_pd+mss,2025-12-16T02:15:00,sell,24857.881,25015.687,side:rev_side_conflicts_with_raid,pdl,bearish,qualified,D_FVG_bull_2025-11-26,-1.0101390314690188,-1.0,stop,157.8060000000005,0.010139031469018891,8fed2e7ef9e0975a,kernel_ticket:pass:kernel_session_ticket|side:FAIL:rev_side_conflicts_with_raid|risk:pass:within_caps|allowlist:FAIL:not_on_mint_allowlist|mode:pass:paper,"{""m1_correct_side_of_eq"": false, ""m2_false_breakout"": false, ""m4_fvg_in_displacement"": false, ""m3_iof_aligned"": false, ""m5_ipda20_discount"": true, ""m6_with_20d_swing"": false, ""m7_osok_profile"": false, ""m8_cbdr_tight"": false, ""m8_ny_continues_london"": null, ""m10_us500_confirms"": true, ""m11_smt_divergence"": false, ""m12_topdown_agree"": true, ""m13_bridge_window_fvg"": false}"
2025-12-17,US100,ny_am,True,REV,named_extreme_raid+htf_pd+mss,2025-12-17T08:15:00,buy,25208.099,25189.659,side:rev_side_conflicts_with_raid,pdh,bullish,qualified,D_FVG_bull_2025-12-01,-1.0867678958785312,-1.0,stop,18.43999999999869,0.0867678958785311,1dab0854e0ce16a7,kernel_ticket:pass:kernel_session_ticket|side:FAIL:rev_side_conflicts_with_raid|risk:pass:within_caps|allowlist:FAIL:not_on_mint_allowlist|mode:pass:paper,"{""m1_correct_side_of_eq"": false, ""m2_false_breakout"": true, ""m4_fvg_in_displacement"": true, ""m3_iof_aligned"": false, ""m5_ipda20_discount"": false, ""m6_with_20d_swing"": true, ""m7_osok_profile"": false, ""m8_cbdr_tight"": false, ""m8_ny_continues_london"": true, ""m10_us500_confirms"": true, ""m11_smt_divergence"": true, ""m12_topdown_agree"": false, ""m13_bridge_window_fvg"": false}"
2025-12-19,US100,ny_am,True,REV,named_extreme_raid+htf_pd+mss,2025-12-19T10:00:00,buy,25323.783,25164.229,side:rev_side_conflicts_with_raid,pdh,bullish,aligned,D_FVG_bull_2025-12-01,0.10510548152975777,0.11513343444851881,time,159.5540000000001,0.010027952918761041,834ba8822fb066d9,kernel_ticket:pass:kernel_session_ticket|side:FAIL:rev_side_conflicts_with_raid|risk:pass:within_caps|allowlist:FAIL:not_on_mint_allowlist|mode:pass:paper,"{""m1_correct_side_of_eq"": false, ""m2_false_breakout"": false, ""m4_fvg_in_displacement"": false, ""m3_iof_aligned"": true, ""m5_ipda20_discount"": false, ""m6_with_20d_swing"": true, ""m7_osok_profile"": false, ""m8_cbdr_tight"": true, ""m8_ny_continues_london"": true, ""m10_us500_confirms"": true, ""m11_smt_divergence"": false, ""m12_topdown_agree"": false, ""m13_bridge_window_fvg"": false}"
2025-12-22,US100,ny_am,True,REV,named_extreme_raid+htf_pd+mss,2025-12-22T07:15:00,buy,25473.947,25363.925,side:rev_side_conflicts_with_raid,pdh,bullish,qualified,D_FVG_bull_2025-12-01,-0.20423188089653715,-0.18968933486028997,time,110.02200000000084,0.014542546036247186,03f6c5778edd9214,kernel_ticket:pass:kernel_session_ticket|side:FAIL:rev_side_conflicts_with_raid|risk:pass:within_caps|allowlist:FAIL:not_on_mint_allowlist|mode:pass:paper,"{""m1_correct_side_of_eq"": false, ""m2_false_breakout"": false, ""m4_fvg_in_displacement"": true, ""m3_iof_aligned"": false, ""m5_ipda20_discount"": false, ""m6_with_20d_swing"": true, ""m7_osok_profile"": false, ""m8_cbdr_tight"": true, ""m8_ny_continues_london"": true, ""m10_us500_confirms"": true, ""m11_smt_divergence"": false, ""m12_topdown_agree"": true, ""m13_bridge_window_fvg"": false}"
2025-12-26,US100,ny_am,True,REV,named_extreme_raid+htf_pd+mss,2025-12-26T07:15:00,buy,25655.381,25590.228,side:rev_side_conflicts_with_raid,pdh,bullish,qualified,D_FVG_bull_2025-12-23,-0.15047657053399277,-0.12591899068348783,time,65.15300000000207,0.024557579850504954,e73af7e790bdd183,kernel_ticket:pass:kernel_session_ticket|side:FAIL:rev_side_conflicts_with_raid|risk:pass:within_caps|allowlist:FAIL:not_on_mint_allowlist|mode:pass:paper,"{""m1_correct_side_of_eq"": false, ""m2_false_breakout"": false, ""m4_fvg_in_displacement"": true, ""m3_iof_aligned"": false, ""m5_ipda20_discount"": false, ""m6_with_20d_swing"": true, ""m7_osok_profile"": false, ""m8_cbdr_tight"": true, ""m8_ny_continues_london"": true, ""m10_us500_confirms"": false, ""m11_smt_divergence"": false, ""m12_topdown_agree"": true, ""m13_bridge_window_fvg"": false}"
2025-12-29,US100,london,True,REV,named_extreme_raid+htf_pd+mss,2025-12-29T03:45:00,sell,25540.892,25614.947,side:rev_side_conflicts_with_raid,pdl,bearish,aligned,D_FVG_bull_2025-12-26,0.18241847275673925,0.20402403618932305,time,74.05500000000029,0.021605563432583807,29ec21d4836d3861,kernel_ticket:pass:kernel_session_ticket|side:FAIL:rev_side_conflicts_with_raid|risk:pass:within_caps|allowlist:FAIL:not_on_mint_allowlist|mode:pass:paper,"{""m1_correct_side_of_eq"": false, ""m2_false_breakout"": true, ""m4_fvg_in_displacement"": true, ""m3_iof_aligned"": true, ""m5_ipda20_discount"": true, ""m6_with_20d_swing"": false, ""m7_osok_profile"": false, ""m8_cbdr_tight"": true, ""m8_ny_continues_london"": null, ""m10_us500_confirms"": true, ""m11_smt_divergence"": false, ""m12_topdown_agree"": false, ""m13_bridge_window_fvg"": false}"
2025-12-29,US100,ny_am,True,REV,named_extreme_raid+htf_pd+mss,2025-12-29T07:15:00,sell,25552.12,25614.947,side:rev_side_conflicts_with_raid,pdl,bearish,qualified,D_FVG_bull_2025-12-26,0.39373199420629806,0.41919875212884683,time,62.827000000001135,0.025466757922548763,7f88cb3df3fb99a0,kernel_ticket:pass:kernel_session_ticket|side:FAIL:rev_side_conflicts_with_raid|risk:pass:within_caps|allowlist:FAIL:not_on_mint_allowlist|mode:pass:paper,"{""m1_correct_side_of_eq"": false, ""m2_false_breakout"": true, ""m4_fvg_in_displacement"": true, ""m3_iof_aligned"": false, ""m5_ipda20_discount"": true, ""m6_with_20d_swing"": false, ""m7_osok_profile"": false, ""m8_cbdr_tight"": true, ""m8_ny_continues_london"": true, ""m10_us500_confirms"": true, ""m11_smt_divergence"": false, ""m12_topdown_agree"": false, ""m13_bridge_window_fvg"": false}"
2025-12-31,US100,london,True,REV,named_extreme_raid+htf_pd+mss,2025-12-31T02:15:00,sell,25376.392,25456.235,side:rev_side_conflicts_with_raid,pdl,bearish,aligned,D_FVG_bull_2025-12-26,-1.0200393271795898,-1.0,stop,79.84300000000076,0.020039327179589755,8eecb44aba4eb238,kernel_ticket:pass:kernel_session_ticket|side:FAIL:rev_side_conflicts_with_raid|risk:pass:within_caps|allowlist:FAIL:not_on_mint_allowlist|mode:pass:paper,"{""m1_correct_side_of_eq"": false, ""m2_false_breakout"": false, ""m4_fvg_in_displacement"": true, ""m3_iof_aligned"": true, ""m5_ipda20_discount"": true, ""m6_with_20d_swing"": false, ""m7_osok_profile"": false, ""m8_cbdr_tight"": false, ""m8_ny_continues_london"": null, ""m10_us500_confirms"": true, ""m11_smt_divergence"": false, ""m12_topdown_agree"": false, ""m13_bridge_window_fvg"": false}"
2025-12-31,US100,ny_am,True,REV,named_extreme_raid+htf_pd+mss,2025-12-31T07:15:00,sell,25399.044,25456.235,side:rev_side_conflicts_with_raid,pdl,bearish,qualified,D_FVG_bull_2025-12-26,-1.0279764298578453,-1.0,stop,57.190999999998894,0.02797642985784531,8fe097bb5943ac67,kernel_ticket:pass:kernel_session_ticket|side:FAIL:rev_side_conflicts_with_raid|risk:pass:within_caps|allowlist:FAIL:not_on_mint_allowlist|mode:pass:paper,"{""m1_correct_side_of_eq"": false, ""m2_false_breakout"": false, ""m4_fvg_in_displacement"": true, ""m3_iof_aligned"": false, ""m5_ipda20_discount"": true, ""m6_with_20d_swing"": false, ""m7_osok_profile"": false, ""m8_cbdr_tight"": false, ""m8_ny_continues_london"": true, ""m10_us500_confirms"": true, ""m11_smt_divergence"": false, ""m12_topdown_agree"": false, ""m13_bridge_window_fvg"": false}"
2026-01-07,US100,ny_am,True,REV,named_extreme_raid+htf_pd+mss,2026-01-07T10:00:00,buy,25675.275,25651.801,side:rev_side_conflicts_with_raid,pdh,bullish,aligned,D_FVG_bear_2025-12-30,-1.0681605180199312,-1.0,stop,23.47400000000198,0.06816051801993121,f990225ca4c2381e,kernel_ticket:pass:kernel_session_ticket|side:FAIL:rev_side_conflicts_with_raid|risk:pass:within_caps|allowlist:FAIL:not_on_mint_allowlist|mode:pass:paper,"{""m1_correct_side_of_eq"": false, ""m2_false_breakout"": false, ""m4_fvg_in_displacement"": false, ""m3_iof_aligned"": true, ""m5_ipda20_discount"": false, ""m6_with_20d_swing"": true, ""m7_osok_profile"": false, ""m8_cbdr_tight"": true, ""m8_ny_continues_london"": false, ""m10_us500_confirms"": false, ""m11_smt_divergence"": false, ""m12_topdown_agree"": false, ""m13_bridge_window_fvg"": false}"
2026-01-08,US100,london,True,REV,named_extreme_raid+htf_pd+mss,2026-01-08T02:15:00,sell,25539.853,25544.349,side:rev_side_conflicts_with_raid,pdl,bearish,aligned,D_FVG_bull_2025-12-26,-1.355871886121061,-1.0,stop,4.495999999999185,0.35587188612106097,de0c7379b823b200,kernel_ticket:pass:kernel_session_ticket|side:FAIL:rev_side_conflicts_with_raid|risk:pass:within_caps|allowlist:FAIL:not_on_mint_allowlist|mode:pass:paper,"{""m1_correct_side_of_eq"": false, ""m2_false_breakout"": false, ""m4_fvg_in_displacement"": false, ""m3_iof_aligned"": true, ""m5_ipda20_discount"": true, ""m6_with_20d_swing"": true, ""m7_osok_profile"": false, ""m8_cbdr_tight"": false, ""m8_ny_continues_london"": null, ""m10_us500_confirms"": false, ""m11_smt_divergence"": false, ""m12_topdown_agree"": true, ""m13_bridge_window_fvg"": false}"
2026-01-08,US100,ny_am,True,REV,named_extreme_raid+htf_pd+mss,2026-01-08T10:00:00,sell,25427.761,25544.349,side:rev_side_conflicts_with_raid,pdl,bearish,aligned,D_FVG_bull_2026-01-07,-0.6695972141215282,-0.6558736748207424,time,116.58799999999974,0.013723539300785704,94cf9ee4abc78a04,kernel_ticket:pass:kernel_session_ticket|side:FAIL:rev_side_conflicts_with_raid|risk:pass:within_caps|allowlist:FAIL:not_on_mint_allowlist|mode:pass:paper,"{""m1_correct_side_of_eq"": false, ""m2_false_breakout"": false, ""m4_fvg_in_displacement"": true, ""m3_iof_aligned"": true, ""m5_ipda20_discount"": true, ""m6_with_20d_swing"": true, ""m7_osok_profile"": false, ""m8_cbdr_tight"": false, ""m8_ny_continues_london"": false, ""m10_us500_confirms"": false, ""m11_smt_divergence"": false, ""m12_topdown_agree"": true, ""m13_bridge_window_fvg"": false}"
2026-01-14,US100,ny_am,True,REV,named_extreme_raid+htf_pd+mss,2026-01-14T09:30:00,sell,25576.261,25640.393,side:rev_side_conflicts_with_raid,pdl,bearish,aligned,D_FVG_bear_2025-12-30,1.975051456371235,2.0,target,64.13200000000143,0.024948543628765116,0bd35c4ffe468583,kernel_ticket:pass:kernel_session_ticket|side:FAIL:rev_side_conflicts_with_raid|risk:pass:within_caps|allowlist:FAIL:not_on_mint_allowlist|mode:pass:paper,"{""m1_correct_side_of_eq"": false, ""m2_false_breakout"": false, ""m4_fvg_in_displacement"": true, ""m3_iof_aligned"": true, ""m5_ipda20_discount"": true, ""m6_with_20d_swing"": false, ""m7_osok_profile"": false, ""m8_cbdr_tight"": true, ""m8_ny_continues_london"": true, ""m10_us500_confirms"": true, ""m11_smt_divergence"": false, ""m12_topdown_agree"": false, ""m13_bridge_window_fvg"": false}"
2026-01-20,US100,london,True,REV,named_extreme_raid+htf_pd+mss,2026-01-20T02:15:00,sell,25136.708,25437.305,side:rev_side_conflicts_with_raid,pdl,bearish,aligned,D_FVG_bull_2025-12-22,0.4625827935741118,0.46790553465269874,time,300.5970000000016,0.005322741078586918,623c2d14fa467a70,kernel_ticket:pass:kernel_session_ticket|side:FAIL:rev_side_conflicts_with_raid|risk:pass:within_caps|allowlist:FAIL:not_on_mint_allowlist|mode:pass:paper,"{""m1_correct_side_of_eq"": false, ""m2_false_breakout"": false, ""m4_fvg_in_displacement"": true, ""m3_iof_aligned"": true, ""m5_ipda20_discount"": false, ""m6_with_20d_swing"": false, ""m7_osok_profile"": false, ""m8_cbdr_tight"": true, ""m8_ny_continues_london"": null, ""m10_us500_confirms"": true, ""m11_smt_divergence"": false, ""m12_topdown_agree"": true, ""m13_bridge_window_fvg"": false}"
2026-01-20,US100,ny_am,True,REV,named_extreme_raid+htf_pd+mss,2026-01-20T07:15:00,sell,25095.577,25437.305,side:rev_side_conflicts_with_raid,pdl,bearish,qualified,D_FVG_bull_2025-12-22,0.2865436838655325,0.29122577020320456,time,341.72799999999916,0.004682086337672079,2498b11ac43490d2,kernel_ticket:pass:kernel_session_ticket|side:FAIL:rev_side_conflicts_with_raid|risk:pass:within_caps|allowlist:FAIL:not_on_mint_allowlist|mode:pass:paper,"{""m1_correct_side_of_eq"": false, ""m2_false_breakout"": false, ""m4_fvg_in_displacement"": true, ""m3_iof_aligned"": false, ""m5_ipda20_discount"": false, ""m6_with_20d_swing"": false, ""m7_osok_profile"": false, ""m8_cbdr_tight"": true, ""m8_ny_continues_london"": true, ""m10_us500_confirms"": true, ""m11_smt_divergence"": false, ""m12_topdown_agree"": true, ""m13_bridge_window_fvg"": false}"
2026-01-21,US100,ny_am,True,REV,named_extreme_raid+htf_pd+mss,2026-01-21T07:15:00,sell,24915.311,24944.849,side:rev_side_conflicts_with_raid,pdl,bearish,aligned,D_FVG_bull_2025-12-22,-1.0541675130340638,-1.0,stop,29.537999999996828,0.05416751303406364,3c0f893f56a8381c,kernel_ticket:pass:kernel_session_ticket|side:FAIL:rev_side_conflicts_with_raid|risk:pass:within_caps|allowlist:FAIL:not_on_mint_allowlist|mode:pass:paper,"{""m1_correct_side_of_eq"": false, ""m2_false_breakout"": false, ""m4_fvg_in_displacement"": false, ""m3_iof_aligned"": true, ""m5_ipda20_discount"": false, ""m6_with_20d_swing"": false, ""m7_osok_profile"": false, ""m8_cbdr_tight"": false, ""m8_ny_continues_london"": true, ""m10_us500_confirms"": false, ""m11_smt_divergence"": false, ""m12_topdown_agree"": true, ""m13_bridge_window_fvg"": false}"
2026-01-22,US100,ny_am,True,REV,named_extreme_raid+htf_pd+mss,2026-01-22T07:15:00,buy,25525.016,25502.64,side:rev_side_conflicts_with_raid,pdh,bullish,qualified,D_FVG_bull_2025-12-23,1.9284948158741515,2.0,target,22.376000000000204,0.07150518412584848,ec9291d783d283ad,kernel_ticket:pass:kernel_session_ticket|side:FAIL:rev_side_conflicts_with_raid|risk:pass:within_caps|allowlist:FAIL:not_on_mint_allowlist|mode:pass:paper,"{""m1_correct_side_of_eq"": false, ""m2_false_breakout"": false, ""m4_fvg_in_displacement"": false, ""m3_iof_aligned"": false, ""m5_ipda20_discount"": false, ""m6_with_20d_swing"": true, ""m7_osok_profile"": false, ""m8_cbdr_tight"": false, ""m8_ny_continues_london"": true, ""m10_us500_confirms"": true, ""m11_smt_divergence"": false, ""m12_topdown_agree"": false, ""m13_bridge_window_fvg"": false}"
2026-01-27,US100,london,True,REV,named_extreme_raid+htf_pd+mss,2026-01-27T02:15:00,buy,25876.044,25796.745,side:rev_side_conflicts_with_raid,pdh,bullish,qualified,D_FVG_bear_2025-12-30,-1.0201767992030157,-1.0,stop,79.2990000000027,0.020176799203015745,d21017a6931218ac,kernel_ticket:pass:kernel_session_ticket|side:FAIL:rev_side_conflicts_with_raid|risk:pass:within_caps|allowlist:FAIL:not_on_mint_allowlist|mode:pass:paper,"{""m1_correct_side_of_eq"": false, ""m2_false_breakout"": false, ""m4_fvg_in_displacement"": true, ""m3_iof_aligned"": false, ""m5_ipda20_discount"": false, ""m6_with_20d_swing"": true, ""m7_osok_profile"": false, ""m8_cbdr_tight"": true, ""m8_ny_continues_london"": null, ""m10_us500_confirms"": true, ""m11_smt_divergence"": false, ""m12_topdown_agree"": true, ""m13_bridge_window_fvg"": false}"
2026-01-27,US100,ny_am,True,REV,named_extreme_raid+htf_pd+mss,2026-01-27T07:15:00,buy,25887.5,25796.745,side:rev_side_conflicts_with_raid,pdh,bullish,aligned,D_FVG_bear_2025-12-30,-1.0176298826510934,-1.0,stop,90.75500000000102,0.017629882651093408,96836a29fa66403a,kernel_ticket:pass:kernel_session_ticket|side:FAIL:rev_side_conflicts_with_raid|risk:pass:within_caps|allowlist:FAIL:not_on_mint_allowlist|mode:pass:paper,"{""m1_correct_side_of_eq"": false, ""m2_false_breakout"": false, ""m4_fvg_in_displacement"": true, ""m3_iof_aligned"": true, ""m5_ipda20_discount"": false, ""m6_with_20d_swing"": true, ""m7_osok_profile"": false, ""m8_cbdr_tight"": true, ""m8_ny_continues_london"": false, ""m10_us500_confirms"": true, ""m11_smt_divergence"": false, ""m12_topdown_agree"": true, ""m13_bridge_window_fvg"": false}"
2026-01-28,US100,london,True,REV,named_extreme_raid+htf_pd+mss,2026-01-28T02:15:00,buy,26191.903,25982.416,side:rev_side_conflicts_with_raid,pdh,bullish,aligned,D_FVG_bull_2026-01-27,-1.0076377054423427,-1.0,stop,209.48699999999735,0.007637705442342582,62e4c1431be6e859,kernel_ticket:pass:kernel_session_ticket|side:FAIL:rev_side_conflicts_with_raid|risk:pass:within_caps|allowlist:FAIL:not_on_mint_allowlist|mode:pass:paper,"{""m1_correct_side_of_eq"": false, ""m2_false_breakout"": false, ""m4_fvg_in_displacement"": true, ""m3_iof_aligned"": true, ""m5_ipda20_discount"": false, ""m6_with_20d_swing"": true, ""m7_osok_profile"": false, ""m8_cbdr_tight"": false, ""m8_ny_continues_london"": null, ""m10_us500_confirms"": true, ""m11_smt_divergence"": false, ""m12_topdown_agree"": true, ""m13_bridge_window_fvg"": false}"
2026-01-28,US100,ny_am,True,REV,named_extreme_raid+htf_pd+mss,2026-01-28T07:15:00,buy,26162.87,25982.416,side:rev_side_conflicts_with_raid,pdh,bullish,aligned,D_FVG_bull_2026-01-27,-1.0088665255411353,-1.0,stop,180.4539999999979,0.008866525541135241,bdd73f0ee4bb70f7,kernel_ticket:pass:kernel_session_ticket|side:FAIL:rev_side_conflicts_with_raid|risk:pass:within_caps|allowlist:FAIL:not_on_mint_allowlist|mode:pass:paper,"{""m1_correct_side_of_eq"": false, ""m2_false_breakout"": false, ""m4_fvg_in_displacement"": true, ""m3_iof_aligned"": true, ""m5_ipda20_discount"": false, ""m6_with_20d_swing"": true, ""m7_osok_profile"": false, ""m8_cbdr_tight"": false, ""m8_ny_continues_london"": false, ""m10_us500_confirms"": false, ""m11_smt_divergence"": false, ""m12_topdown_agree"": true, ""m13_bridge_window_fvg"": false}"
2026-02-02,US100,london,True,REV,named_extreme_raid+htf_pd+mss,2026-02-02T03:45:00,sell,25292.279,25454.7,side:rev_side_conflicts_with_raid,pdl,bearish,qualified,D_FVG_bull_2026-01-07,-1.0098509429199425,-1.0,stop,162.4210000000021,0.009850942919942492,aa700e3647187a3f,kernel_ticket:pass:kernel_session_ticket|side:FAIL:rev_side_conflicts_with_raid|risk:pass:within_caps|allowlist:FAIL:not_on_mint_allowlist|mode:pass:paper,"{""m1_correct_side_of_eq"": false, ""m2_false_breakout"": false, ""m4_fvg_in_displacement"": true, ""m3_iof_aligned"": false, ""m5_ipda20_discount"": false, ""m6_with_20d_swing"": false, ""m7_osok_profile"": false, ""m8_cbdr_tight"": false, ""m8_ny_continues_london"": null, ""m10_us500_confirms"": false, ""m11_smt_divergence"": false, ""m12_topdown_agree"": false, ""m13_bridge_window_fvg"": false}"
2026-02-03,US100,london,True,REV,named_extreme_raid+htf_pd+mss,2026-02-03T03:15:00,buy,25909.342,25833.119,side:rev_side_conflicts_with_raid,pdh,bullish,aligned,D_FVG_bull_2026-01-28,-1.0209910394500343,-1.0,stop,76.22300000000178,0.02099103945003428,e8902a21da9d2e43,kernel_ticket:pass:kernel_session_ticket|side:FAIL:rev_side_conflicts_with_raid|risk:pass:within_caps|allowlist:FAIL:not_on_mint_allowlist|mode:pass:paper,"{""m1_correct_side_of_eq"": false, ""m2_false_breakout"": false, ""m4_fvg_in_displacement"": true, ""m3_iof_aligned"": true, ""m5_ipda20_discount"": false, ""m6_with_20d_swing"": true, ""m7_osok_profile"": false, ""m8_cbdr_tight"": false, ""m8_ny_continues_london"": null, ""m10_us500_confirms"": true, ""m11_smt_divergence"": false, ""m12_topdown_agree"": true, ""m13_bridge_window_fvg"": false}"
2026-02-13,US100,ny_am,True,REV,named_extreme_raid+htf_pd+mss,2026-02-13T10:00:00,sell,24624.708,24642.57,side:rev_side_conflicts_with_raid,pdl,bearish,aligned,D_FVG_bear_2026-02-05,-1.0895756354271589,-1.0,stop,17.86200000000099,0.08957563542715885,482e7919bf1a0b31,kernel_ticket:pass:kernel_session_ticket|side:FAIL:rev_side_conflicts_with_raid|risk:pass:within_caps|allowlist:FAIL:not_on_mint_allowlist|mode:pass:paper,"{""m1_correct_side_of_eq"": false, ""m2_false_breakout"": false, ""m4_fvg_in_displacement"": true, ""m3_iof_aligned"": true, ""m5_ipda20_discount"": false, ""m6_with_20d_swing"": true, ""m7_osok_profile"": false, ""m8_cbdr_tight"": false, ""m8_ny_continues_london"": false, ""m10_us500_confirms"": true, ""m11_smt_divergence"": false, ""m12_topdown_agree"": true, ""m13_bridge_window_fvg"": false}"
2026-02-25,US100,ny_am,True,REV,named_extreme_raid+htf_pd+mss,2026-02-25T07:15:00,buy,25061.249,25022.528,side:rev_side_conflicts_with_raid,pdh,bullish,aligned,D_FVG_bear_2026-02-13,1.9586787531313772,2.0,target,38.72100000000137,0.041321246868622805,713522c003861158,kernel_ticket:pass:kernel_session_ticket|side:FAIL:rev_side_conflicts_with_raid|risk:pass:within_caps|allowlist:FAIL:not_on_mint_allowlist|mode:pass:paper,"{""m1_correct_side_of_eq"": false, ""m2_false_breakout"": true, ""m4_fvg_in_displacement"": true, ""m3_iof_aligned"": true, ""m5_ipda20_discount"": true, ""m6_with_20d_swing"": false, ""m7_osok_profile"": false, ""m8_cbdr_tight"": true, ""m8_ny_continues_london"": true, ""m10_us500_confirms"": true, ""m11_smt_divergence"": false, ""m12_topdown_agree"": true, ""m13_bridge_window_fvg"": false}"
2026-03-02,US100,london,True,REV,named_extreme_raid+htf_pd+mss,2026-03-02T02:15:00,sell,24500.997,24740.558,side:rev_side_conflicts_with_raid,pdl,bearish,aligned,D_FVG_bear_2026-02-13,-1.0066788834576579,-1.0,stop,239.5610000000015,0.006678883457657925,a8526cdc3905808f,kernel_ticket:pass:kernel_session_ticket|side:FAIL:rev_side_conflicts_with_raid|risk:pass:within_caps|allowlist:FAIL:not_on_mint_allowlist|mode:pass:paper,"{""m1_correct_side_of_eq"": false, ""m2_false_breakout"": false, ""m4_fvg_in_displacement"": true, ""m3_iof_aligned"": true, ""m5_ipda20_discount"": false, ""m6_with_20d_swing"": true, ""m7_osok_profile"": false, ""m8_cbdr_tight"": true, ""m8_ny_continues_london"": null, ""m10_us500_confirms"": true, ""m11_smt_divergence"": false, ""m12_topdown_agree"": true, ""m13_bridge_window_fvg"": false}"
2026-03-06,US100,ny_am,True,REV,named_extreme_raid+htf_pd+mss,2026-03-06T09:00:00,sell,24616.07,24741.453,side:rev_side_conflicts_with_raid,pdl,bearish,aligned,D_FVG_bear_2026-02-13,-1.0127609006005598,-1.0,stop,125.38300000000163,0.012760900600559719,880103a4a1daa666,kernel_ticket:pass:kernel_session_ticket|side:FAIL:rev_side_conflicts_with_raid|risk:pass:within_caps|allowlist:FAIL:not_on_mint_allowlist|mode:pass:paper,"{""m1_correct_side_of_eq"": false, ""m2_false_breakout"": false, ""m4_fvg_in_displacement"": false, ""m3_iof_aligned"": true, ""m5_ipda20_discount"": false, ""m6_with_20d_swing"": false, ""m7_osok_profile"": false, ""m8_cbdr_tight"": false, ""m8_ny_continues_london"": true, ""m10_us500_confirms"": true, ""m11_smt_divergence"": false, ""m12_topdown_agree"": true, ""m13_bridge_window_fvg"": false}"
2026-03-09,US100,ny_am,True,REV,named_extreme_raid+htf_pd+mss,2026-03-09T10:00:00,sell,24344.522,24577.085,side:rev_side_conflicts_with_raid,pdl,bearish,aligned,D_FVG_bear_2026-02-13,-1.0068798562110053,-1.0,stop,232.56299999999828,0.006879856211005241,ba38dac6afc81fae,kernel_ticket:pass:kernel_session_ticket|side:FAIL:rev_side_conflicts_with_raid|risk:pass:within_caps|allowlist:FAIL:not_on_mint_allowlist|mode:pass:paper,"{""m1_correct_side_of_eq"": false, ""m2_false_breakout"": false, ""m4_fvg_in_displacement"": true, ""m3_iof_aligned"": true, ""m5_ipda20_discount"": false, ""m6_with_20d_swing"": false, ""m7_osok_profile"": false, ""m8_cbdr_tight"": false, ""m8_ny_continues_london"": false, ""m10_us500_confirms"": false, ""m11_smt_divergence"": false, ""m12_topdown_agree"": false, ""m13_bridge_window_fvg"": false}"
2026-03-12,US100,london,True,REV,named_extreme_raid+htf_pd+mss,2026-03-12T02:15:00,sell,24732.719,24850.829,side:rev_side_conflicts_with_raid,pdl,bearish,qualified,D_FVG_bear_2026-02-13,-1.0135466937600541,-1.0,stop,118.11000000000058,0.01354669376005412,b9bf0710a176853c,kernel_ticket:pass:kernel_session_ticket|side:FAIL:rev_side_conflicts_with_raid|risk:pass:within_caps|allowlist:FAIL:not_on_mint_allowlist|mode:pass:paper,"{""m1_correct_side_of_eq"": false, ""m2_false_breakout"": false, ""m4_fvg_in_displacement"": true, ""m3_iof_aligned"": false, ""m5_ipda20_discount"": true, ""m6_with_20d_swing"": true, ""m7_osok_profile"": false, ""m8_cbdr_tight"": false, ""m8_ny_continues_london"": null, ""m10_us500_confirms"": false, ""m11_smt_divergence"": false, ""m12_topdown_agree"": false, ""m13_bridge_window_fvg"": false}"
2026-03-12,US100,ny_am,True,REV,named_extreme_raid+htf_pd+mss,2026-03-12T10:00:00,sell,24637.816,24850.829,side:rev_side_conflicts_with_raid,pdl,bearish,aligned,D_FVG_bear_2026-02-13,0.48320994493292685,0.4907212235872812,time,213.01300000000265,0.007511278654354336,157fcb96aa8e0da6,kernel_ticket:pass:kernel_session_ticket|side:FAIL:rev_side_conflicts_with_raid|risk:pass:within_caps|allowlist:FAIL:not_on_mint_allowlist|mode:pass:paper,"{""m1_correct_side_of_eq"": false, ""m2_false_breakout"": false, ""m4_fvg_in_displacement"": true, ""m3_iof_aligned"": true, ""m5_ipda20_discount"": false, ""m6_with_20d_swing"": true, ""m7_osok_profile"": false, ""m8_cbdr_tight"": false, ""m8_ny_continues_london"": false, ""m10_us500_confirms"": true, ""m11_smt_divergence"": false, ""m12_topdown_agree"": false, ""m13_bridge_window_fvg"": false}"
2026-03-13,US100,london,True,REV,named_extreme_raid+htf_pd+mss,2026-03-13T03:00:00,sell,24463.708,24520.78,side:rev_side_conflicts_with_raid,pdl,bearish,aligned,D_FVG_bear_2026-02-13,-1.0280347631062516,-1.0,stop,57.072000000000116,0.028034763106251696,dee10a4c6c72b7b8,kernel_ticket:pass:kernel_session_ticket|side:FAIL:rev_side_conflicts_with_raid|risk:pass:within_caps|allowlist:FAIL:not_on_mint_allowlist|mode:pass:paper,"{""m1_correct_side_of_eq"": false, ""m2_false_breakout"": false, ""m4_fvg_in_displacement"": false, ""m3_iof_aligned"": true, ""m5_ipda20_discount"": false, ""m6_with_20d_swing"": true, ""m7_osok_profile"": false, ""m8_cbdr_tight"": true, ""m8_ny_continues_london"": null, ""m10_us500_confirms"": true, ""m11_smt_divergence"": false, ""m12_topdown_agree"": false, ""m13_bridge_window_fvg"": false}"
2026-03-17,US100,ny_am,True,REV,named_extreme_raid+htf_pd+mss,2026-03-17T10:00:00,buy,24859.199,24796.616,side:rev_side_conflicts_with_raid,pdh,bullish,aligned,D_FVG_bear_2026-03-13,-1.0255660482878741,-1.0,stop,62.58299999999872,0.02556604828787423,47ca71b1bc812e1d,kernel_ticket:pass:kernel_session_ticket|side:FAIL:rev_side_conflicts_with_raid|risk:pass:within_caps|allowlist:FAIL:not_on_mint_allowlist|mode:pass:paper,"{""m1_correct_side_of_eq"": false, ""m2_false_breakout"": false, ""m4_fvg_in_displacement"": false, ""m3_iof_aligned"": true, ""m5_ipda20_discount"": false, ""m6_with_20d_swing"": false, ""m7_osok_profile"": false, ""m8_cbdr_tight"": false, ""m8_ny_continues_london"": true, ""m10_us500_confirms"": true, ""m11_smt_divergence"": false, ""m12_topdown_agree"": false, ""m13_bridge_window_fvg"": false}"
2026-03-18,US100,london,True,REV,named_extreme_raid+htf_pd+mss,2026-03-18T02:15:00,buy,24946.686,24882.37,side:rev_side_conflicts_with_raid,pdh,bullish,aligned,D_FVG_bear_2026-03-13,-1.0248771689781693,-1.0,stop,64.31600000000253,0.024877168978169308,06882538a6b93a54,kernel_ticket:pass:kernel_session_ticket|side:FAIL:rev_side_conflicts_with_raid|risk:pass:within_caps|allowlist:FAIL:not_on_mint_allowlist|mode:pass:paper,"{""m1_correct_side_of_eq"": false, ""m2_false_breakout"": false, ""m4_fvg_in_displacement"": true, ""m3_iof_aligned"": true, ""m5_ipda20_discount"": false, ""m6_with_20d_swing"": true, ""m7_osok_profile"": false, ""m8_cbdr_tight"": true, ""m8_ny_continues_london"": null, ""m10_us500_confirms"": true, ""m11_smt_divergence"": true, ""m12_topdown_agree"": false, ""m13_bridge_window_fvg"": false}"
2026-03-18,US100,ny_am,True,REV,named_extreme_raid+htf_pd+mss,2026-03-18T07:15:00,buy,24936.719,24882.37,side:rev_side_conflicts_with_raid,pdh,bullish,qualified,D_FVG_bear_2026-03-13,-1.0294393641097341,-1.0,stop,54.34900000000198,0.02943936410973416,d3d7ee7885abce57,kernel_ticket:pass:kernel_session_ticket|side:FAIL:rev_side_conflicts_with_raid|risk:pass:within_caps|allowlist:FAIL:not_on_mint_allowlist|mode:pass:paper,"{""m1_correct_side_of_eq"": false, ""m2_false_breakout"": false, ""m4_fvg_in_displacement"": true, ""m3_iof_aligned"": false, ""m5_ipda20_discount"": false, ""m6_with_20d_swing"": true, ""m7_osok_profile"": false, ""m8_cbdr_tight"": true, ""m8_ny_continues_london"": true, ""m10_us500_confirms"": true, ""m11_smt_divergence"": false, ""m12_topdown_agree"": false, ""m13_bridge_window_fvg"": false}"
2026-03-19,US100,ny_am,True,REV,named_extreme_raid+htf_pd+mss,2026-03-19T10:00:00,sell,24280.569,24392.74,side:rev_side_conflicts_with_raid,pdl,bearish,qualified,D_FVG_bear_2026-03-13,-1.014263936311524,-1.0,stop,112.1710000000021,0.014263936311524103,5e8459ad27791873,kernel_ticket:pass:kernel_session_ticket|side:FAIL:rev_side_conflicts_with_raid|risk:pass:within_caps|allowlist:FAIL:not_on_mint_allowlist|mode:pass:paper,"{""m1_correct_side_of_eq"": false, ""m2_false_breakout"": true, ""m4_fvg_in_displacement"": true, ""m3_iof_aligned"": false, ""m5_ipda20_discount"": false, ""m6_with_20d_swing"": true, ""m7_osok_profile"": false, ""m8_cbdr_tight"": false, ""m8_ny_continues_london"": true, ""m10_us500_confirms"": true, ""m11_smt_divergence"": false, ""m12_topdown_agree"": true, ""m13_bridge_window_fvg"": false}"
2026-03-23,US100,london,True,REV,named_extreme_raid+htf_pd+mss,2026-03-23T02:15:00,sell,23722.958,23758.867,side:rev_side_conflicts_with_raid,pdl,bearish,aligned,D_FVG_bear_2026-03-19,1.955442925171962,2.0,target,35.90899999999965,0.044557074828037974,55fd15e3e61e969a,kernel_ticket:pass:kernel_session_ticket|side:FAIL:rev_side_conflicts_with_raid|risk:pass:within_caps|allowlist:FAIL:not_on_mint_allowlist|mode:pass:paper,"{""m1_correct_side_of_eq"": false, ""m2_false_breakout"": false, ""m4_fvg_in_displacement"": true, ""m3_iof_aligned"": true, ""m5_ipda20_discount"": false, ""m6_with_20d_swing"": true, ""m7_osok_profile"": false, ""m8_cbdr_tight"": false, ""m8_ny_continues_london"": null, ""m10_us500_confirms"": true, ""m11_smt_divergence"": false, ""m12_topdown_agree"": true, ""m13_bridge_window_fvg"": false}"
2026-03-23,US100,ny_am,True,REV,named_extreme_raid+htf_pd+mss,2026-03-23T07:15:00,sell,23684.425,23758.867,side:rev_side_conflicts_with_raid,pdl,bearish,aligned,D_FVG_bear_2026-03-19,-1.0214932430617127,-1.0,stop,74.4419999999991,0.021493243061712734,e441db7bffdbec7a,kernel_ticket:pass:kernel_session_ticket|side:FAIL:rev_side_conflicts_with_raid|risk:pass:within_caps|allowlist:FAIL:not_on_mint_allowlist|mode:pass:paper,"{""m1_correct_side_of_eq"": false, ""m2_false_breakout"": false, ""m4_fvg_in_displacement"": true, ""m3_iof_aligned"": true, ""m5_ipda20_discount"": false, ""m6_with_20d_swing"": true, ""m7_osok_profile"": false, ""m8_cbdr_tight"": false, ""m8_ny_continues_london"": true, ""m10_us500_confirms"": false, ""m11_smt_divergence"": false, ""m12_topdown_agree"": true, ""m13_bridge_window_fvg"": false}"
2026-03-25,US100,london,True,REV,named_extreme_raid+htf_pd+mss,2026-03-25T04:45:00,sell,24279.376,24289.599,allowlist:not_on_mint_allowlist,pdh,bearish,qualified,D_FVG_bear_2026-03-19,1.843490169226226,2.0,target,10.222999999998137,0.156509830773774,80f2165447c548a6,kernel_ticket:pass:kernel_session_ticket|side:pass:determined|risk:pass:within_caps|allowlist:FAIL:not_on_mint_allowlist|mode:pass:paper,"{""m1_correct_side_of_eq"": true, ""m2_false_breakout"": false, ""m4_fvg_in_displacement"": false, ""m3_iof_aligned"": false, ""m5_ipda20_discount"": false, ""m6_with_20d_swing"": true, ""m7_osok_profile"": true, ""m8_cbdr_tight"": false, ""m8_ny_continues_london"": null, ""m10_us500_confirms"": true, ""m11_smt_divergence"": false, ""m12_topdown_agree"": true, ""m13_bridge_window_fvg"": false}"
2026-03-25,US100,ny_am,True,REV,named_extreme_raid+htf_pd+mss,2026-03-25T10:00:00,sell,24156.589,24289.599,allowlist:not_on_mint_allowlist,pdh,bearish,aligned,D_FVG_bear_2026-03-19,-1.0120291707390423,-1.0,stop,133.0099999999984,0.012029170739042323,c386ac4fff2d396a,kernel_ticket:pass:kernel_session_ticket|side:pass:determined|risk:pass:within_caps|allowlist:FAIL:not_on_mint_allowlist|mode:pass:paper,"{""m1_correct_side_of_eq"": true, ""m2_false_breakout"": false, ""m4_fvg_in_displacement"": true, ""m3_iof_aligned"": true, ""m5_ipda20_discount"": false, ""m6_with_20d_swing"": true, ""m7_osok_profile"": true, ""m8_cbdr_tight"": false, ""m8_ny_continues_london"": false, ""m10_us500_confirms"": true, ""m11_smt_divergence"": false, ""m12_topdown_agree"": true, ""m13_bridge_window_fvg"": true}"
2026-03-26,US100,london,True,REV,named_extreme_raid+htf_pd+mss,2026-03-26T02:30:00,sell,24072.609,24075.189,side:rev_side_conflicts_with_raid,pdl,bearish,aligned,D_FVG_bear_2026-03-19,-1.6201550387601447,-1.0,stop,2.5799999999981083,0.6201550387601447,b359174a16d25a3c,kernel_ticket:pass:kernel_session_ticket|side:FAIL:rev_side_conflicts_with_raid|risk:pass:within_caps|allowlist:FAIL:not_on_mint_allowlist|mode:pass:paper,"{""m1_correct_side_of_eq"": false, ""m2_false_breakout"": false, ""m4_fvg_in_displacement"": true, ""m3_iof_aligned"": true, ""m5_ipda20_discount"": false, ""m6_with_20d_swing"": true, ""m7_osok_profile"": false, ""m8_cbdr_tight"": true, ""m8_ny_continues_london"": null, ""m10_us500_confirms"": false, ""m11_smt_divergence"": false, ""m12_topdown_agree"": true, ""m13_bridge_window_fvg"": false}"
2026-03-26,US100,ny_am,True,REV,named_extreme_raid+htf_pd+mss,2026-03-26T07:15:00,sell,23957.066,24075.189,side:rev_side_conflicts_with_raid,pdl,bearish,qualified,D_FVG_bear_2026-03-19,1.986454797118258,2.0,target,118.12299999999959,0.01354520288174196,66dd6c828faaacb3,kernel_ticket:pass:kernel_session_ticket|side:FAIL:rev_side_conflicts_with_raid|risk:pass:within_caps|allowlist:FAIL:not_on_mint_allowlist|mode:pass:paper,"{""m1_correct_side_of_eq"": false, ""m2_false_breakout"": false, ""m4_fvg_in_displacement"": true, ""m3_iof_aligned"": false, ""m5_ipda20_discount"": false, ""m6_with_20d_swing"": true, ""m7_osok_profile"": false, ""m8_cbdr_tight"": true, ""m8_ny_continues_london"": true, ""m10_us500_confirms"": true, ""m11_smt_divergence"": false, ""m12_topdown_agree"": true, ""m13_bridge_window_fvg"": false}"
2026-03-27,US100,ny_am,True,REV,named_extreme_raid+htf_pd+mss,2026-03-27T07:15:00,sell,23439.833,23564.318,side:rev_side_conflicts_with_raid,pdl,bearish,aligned,D_FVG_bear_2026-03-19,1.9871470458288147,2.0,target,124.48500000000058,0.012852954171185224,655390fffc96129f,kernel_ticket:pass:kernel_session_ticket|side:FAIL:rev_side_conflicts_with_raid|risk:pass:within_caps|allowlist:FAIL:not_on_mint_allowlist|mode:pass:paper,"{""m1_correct_side_of_eq"": false, ""m2_false_breakout"": false, ""m4_fvg_in_displacement"": true, ""m3_iof_aligned"": true, ""m5_ipda20_discount"": false, ""m6_with_20d_swing"": true, ""m7_osok_profile"": false, ""m8_cbdr_tight"": true, ""m8_ny_continues_london"": true, ""m10_us500_confirms"": true, ""m11_smt_divergence"": false, ""m12_topdown_agree"": true, ""m13_bridge_window_fvg"": false}"
2026-04-01,US100,london,True,REV,named_extreme_raid+htf_pd+mss,2026-04-01T02:15:00,buy,23899.433,23789.548,side:rev_side_conflicts_with_raid,pdh,bullish,aligned,D_FVG_bear_2026-03-30,1.9854393229285165,2.0,target,109.88500000000204,0.014560677071483554,e68203fe8e39bf7c,kernel_ticket:pass:kernel_session_ticket|side:FAIL:rev_side_conflicts_with_raid|risk:pass:within_caps|allowlist:FAIL:not_on_mint_allowlist|mode:pass:paper,"{""m1_correct_side_of_eq"": false, ""m2_false_breakout"": false, ""m4_fvg_in_displacement"": true, ""m3_iof_aligned"": true, ""m5_ipda20_discount"": true, ""m6_with_20d_swing"": false, ""m7_osok_profile"": false, ""m8_cbdr_tight"": false, ""m8_ny_continues_london"": null, ""m10_us500_confirms"": true, ""m11_smt_divergence"": false, ""m12_topdown_agree"": false, ""m13_bridge_window_fvg"": false}"
2026-04-01,US100,ny_am,True,REV,named_extreme_raid+htf_pd+mss,2026-04-01T07:15:00,buy,23975.933,23789.548,side:rev_side_conflicts_with_raid,pdh,bullish,aligned,D_FVG_bear_2026-03-30,0.21607962014110232,0.22466400193148237,time,186.38500000000204,0.008584381790380034,fc915aafb3d1cffd,kernel_ticket:pass:kernel_session_ticket|side:FAIL:rev_side_conflicts_with_raid|risk:pass:within_caps|allowlist:FAIL:not_on_mint_allowlist|mode:pass:paper,"{""m1_correct_side_of_eq"": false, ""m2_false_breakout"": false, ""m4_fvg_in_displacement"": true, ""m3_iof_aligned"": true, ""m5_ipda20_discount"": true, ""m6_with_20d_swing"": false, ""m7_osok_profile"": false, ""m8_cbdr_tight"": false, ""m8_ny_continues_london"": true, ""m10_us500_confirms"": true, ""m11_smt_divergence"": false, ""m12_topdown_agree"": false, ""m13_bridge_window_fvg"": false}"
2026-04-06,US100,london,True,REV,named_extreme_raid+htf_pd+mss,2026-04-06T02:15:00,buy,24102.033,24070.339,side:rev_side_conflicts_with_raid,pdh,bullish,qualified,D_FVG_bear_2026-03-27,-1.0504827412128486,-1.0,stop,31.693999999999505,0.050482741212848646,8449d943a013134f,kernel_ticket:pass:kernel_session_ticket|side:FAIL:rev_side_conflicts_with_raid|risk:pass:within_caps|allowlist:FAIL:not_on_mint_allowlist|mode:pass:paper,"{""m1_correct_side_of_eq"": false, ""m2_false_breakout"": false, ""m4_fvg_in_displacement"": false, ""m3_iof_aligned"": false, ""m5_ipda20_discount"": false, ""m6_with_20d_swing"": false, ""m7_osok_profile"": false, ""m8_cbdr_tight"": true, ""m8_ny_continues_london"": null, ""m10_us500_confirms"": true, ""m11_smt_divergence"": true, ""m12_topdown_agree"": true, ""m13_bridge_window_fvg"": false}"
2026-04-06,US100,ny_am,True,REV,named_extreme_raid+htf_pd+mss,2026-04-06T07:15:00,buy,24115.892,24070.339,side:rev_side_conflicts_with_raid,pdh,bullish,qualified,D_FVG_bear_2026-03-27,1.9648760784141548,2.0,target,45.552999999999884,0.03512392158584515,712fe257808dca52,kernel_ticket:pass:kernel_session_ticket|side:FAIL:rev_side_conflicts_with_raid|risk:pass:within_caps|allowlist:FAIL:not_on_mint_allowlist|mode:pass:paper,"{""m1_correct_side_of_eq"": false, ""m2_false_breakout"": false, ""m4_fvg_in_displacement"": true, ""m3_iof_aligned"": false, ""m5_ipda20_discount"": false, ""m6_with_20d_swing"": false, ""m7_osok_profile"": false, ""m8_cbdr_tight"": true, ""m8_ny_continues_london"": true, ""m10_us500_confirms"": true, ""m11_smt_divergence"": false, ""m12_topdown_agree"": true, ""m13_bridge_window_fvg"": false}"
2026-04-08,US100,london,True,REV,named_extreme_raid+htf_pd+mss,2026-04-08T02:15:00,buy,25026.699,24250.947,side:rev_side_conflicts_with_raid,pdh,bullish,aligned,D_FVG_bear_2026-03-13,-0.15719585640771935,-0.15513334158339406,time,775.7520000000004,0.0020625148243252987,26fd36202fde0a12,kernel_ticket:pass:kernel_session_ticket|side:FAIL:rev_side_conflicts_with_raid|risk:pass:within_caps|allowlist:FAIL:not_on_mint_allowlist|mode:pass:paper,"{""m1_correct_side_of_eq"": false, ""m2_false_breakout"": false, ""m4_fvg_in_displacement"": true, ""m3_iof_aligned"": true, ""m5_ipda20_discount"": false, ""m6_with_20d_swing"": false, ""m7_osok_profile"": false, ""m8_cbdr_tight"": false, ""m8_ny_continues_london"": null, ""m10_us500_confirms"": true, ""m11_smt_divergence"": false, ""m12_topdown_agree"": true, ""m13_bridge_window_fvg"": false}"
2026-04-08,US100,ny_am,True,REV,named_extreme_raid+htf_pd+mss,2026-04-08T07:15:00,buy,25029.203,24250.947,side:rev_side_conflicts_with_raid,pdh,bullish,aligned,D_FVG_bear_2026-03-13,-0.15990753685162953,-0.1578516580662427,time,778.2560000000012,0.0020558787853868104,dcfc897f311d2f17,kernel_ticket:pass:kernel_session_ticket|side:FAIL:rev_side_conflicts_with_raid|risk:pass:within_caps|allowlist:FAIL:not_on_mint_allowlist|mode:pass:paper,"{""m1_correct_side_of_eq"": false, ""m2_false_breakout"": false, ""m4_fvg_in_displacement"": true, ""m3_iof_aligned"": true, ""m5_ipda20_discount"": false, ""m6_with_20d_swing"": false, ""m7_osok_profile"": false, ""m8_cbdr_tight"": false, ""m8_ny_continues_london"": true, ""m10_us500_confirms"": true, ""m11_smt_divergence"": false, ""m12_topdown_agree"": true, ""m13_bridge_window_fvg"": false}"
2026-04-10,US100,ny_am,True,REV,named_extreme_raid+htf_pd+mss,2026-04-10T10:00:00,buy,25154.848,25096.48,side:rev_side_conflicts_with_raid,pdh,bullish,aligned,D_FVG_bear_2026-03-13,-1.0274122807017534,-1.0,stop,58.36800000000221,0.027412280701753347,c2c195ab72a024e0,kernel_ticket:pass:kernel_session_ticket|side:FAIL:rev_side_conflicts_with_raid|risk:pass:within_caps|allowlist:FAIL:not_on_mint_allowlist|mode:pass:paper,"{""m1_correct_side_of_eq"": false, ""m2_false_breakout"": false, ""m4_fvg_in_displacement"": true, ""m3_iof_aligned"": true, ""m5_ipda20_discount"": false, ""m6_with_20d_swing"": true, ""m7_osok_profile"": false, ""m8_cbdr_tight"": true, ""m8_ny_continues_london"": false, ""m10_us500_confirms"": true, ""m11_smt_divergence"": false, ""m12_topdown_agree"": true, ""m13_bridge_window_fvg"": false}"
2026-04-14,US100,ny_am,True,REV,named_extreme_raid+htf_pd+mss,2026-04-14T07:15:00,buy,25478.283,25394.635,side:rev_side_conflicts_with_raid,pdh,bullish,qualified,D_FVG_bull_2026-04-09,1.980872226472839,2.0,target,83.64800000000105,0.0191277735271612,67f9911b5ede884d,kernel_ticket:pass:kernel_session_ticket|side:FAIL:rev_side_conflicts_with_raid|risk:pass:within_caps|allowlist:FAIL:not_on_mint_allowlist|mode:pass:paper,"{""m1_correct_side_of_eq"": false, ""m2_false_breakout"": false, ""m4_fvg_in_displacement"": true, ""m3_iof_aligned"": false, ""m5_ipda20_discount"": false, ""m6_with_20d_swing"": true, ""m7_osok_profile"": false, ""m8_cbdr_tight"": false, ""m8_ny_continues_london"": true, ""m10_us500_confirms"": true, ""m11_smt_divergence"": false, ""m12_topdown_agree"": true, ""m13_bridge_window_fvg"": false}"
2026-04-15,US100,ny_am,True,REV,named_extreme_raid+htf_pd+mss,2026-04-15T10:00:00,buy,25906.077,25836.102,side:rev_side_conflicts_with_raid,pdh,bullish,aligned,D_FVG_bull_2026-04-14,1.9771346909610583,2.0,target,69.97500000000218,0.022865309038941767,00737895914600b9,kernel_ticket:pass:kernel_session_ticket|side:FAIL:rev_side_conflicts_with_raid|risk:pass:within_caps|allowlist:FAIL:not_on_mint_allowlist|mode:pass:paper,"{""m1_correct_side_of_eq"": false, ""m2_false_breakout"": false, ""m4_fvg_in_displacement"": true, ""m3_iof_aligned"": true, ""m5_ipda20_discount"": false, ""m6_with_20d_swing"": true, ""m7_osok_profile"": false, ""m8_cbdr_tight"": true, ""m8_ny_continues_london"": true, ""m10_us500_confirms"": true, ""m11_smt_divergence"": false, ""m12_topdown_agree"": true, ""m13_bridge_window_fvg"": false}"
2026-04-16,US100,london,True,REV,named_extreme_raid+htf_pd+mss,2026-04-16T02:15:00,buy,26320.914,26212.591,side:rev_side_conflicts_with_raid,pdh,bullish,aligned,D_FVG_bull_2026-04-15,-1.0147706396610139,-1.0,stop,108.32300000000032,0.014770639661013777,4f8b85f57808b4b8,kernel_ticket:pass:kernel_session_ticket|side:FAIL:rev_side_conflicts_with_raid|risk:pass:within_caps|allowlist:FAIL:not_on_mint_allowlist|mode:pass:paper,"{""m1_correct_side_of_eq"": false, ""m2_false_breakout"": false, ""m4_fvg_in_displacement"": true, ""m3_iof_aligned"": true, ""m5_ipda20_discount"": false, ""m6_with_20d_swing"": true, ""m7_osok_profile"": false, ""m8_cbdr_tight"": false, ""m8_ny_continues_london"": null, ""m10_us500_confirms"": true, ""m11_smt_divergence"": false, ""m12_topdown_agree"": true, ""m13_bridge_window_fvg"": false}"
2026-04-17,US100,ny_am,True,REV,named_extreme_raid+htf_pd+mss,2026-04-17T08:15:00,buy,26437.588,26400.589,side:rev_side_conflicts_with_raid,pdh,bullish,aligned,D_FVG_bull_2026-04-16,1.9567555879888643,2.0,target,36.998999999999796,0.04324441201113568,f9df6b12e8176b58,kernel_ticket:pass:kernel_session_ticket|side:FAIL:rev_side_conflicts_with_raid|risk:pass:within_caps|allowlist:FAIL:not_on_mint_allowlist|mode:pass:paper,"{""m1_correct_side_of_eq"": false, ""m2_false_breakout"": true, ""m4_fvg_in_displacement"": true, ""m3_iof_aligned"": true, ""m5_ipda20_discount"": false, ""m6_with_20d_swing"": true, ""m7_osok_profile"": false, ""m8_cbdr_tight"": true, ""m8_ny_continues_london"": true, ""m10_us500_confirms"": true, ""m11_smt_divergence"": false, ""m12_topdown_agree"": true, ""m13_bridge_window_fvg"": false}"
2026-04-21,US100,london,True,REV,named_extreme_raid+htf_pd+mss,2026-04-21T02:15:00,buy,26698.783,26668.197,side:rev_side_conflicts_with_raid,pdh,bullish,aligned,D_FVG_bull_2026-04-17,-1.0523115150722564,-1.0,stop,30.58599999999933,0.052311515072256426,d267460307bceda0,kernel_ticket:pass:kernel_session_ticket|side:FAIL:rev_side_conflicts_with_raid|risk:pass:within_caps|allowlist:FAIL:not_on_mint_allowlist|mode:pass:paper,"{""m1_correct_side_of_eq"": false, ""m2_false_breakout"": false, ""m4_fvg_in_displacement"": true, ""m3_iof_aligned"": true, ""m5_ipda20_discount"": false, ""m6_with_20d_swing"": true, ""m7_osok_profile"": false, ""m8_cbdr_tight"": true, ""m8_ny_continues_london"": null, ""m10_us500_confirms"": true, ""m11_smt_divergence"": false, ""m12_topdown_agree"": true, ""m13_bridge_window_fvg"": false}"
2026-04-21,US100,ny_am,True,REV,named_extreme_raid+htf_pd+mss,2026-04-21T07:15:00,buy,26700.827,26668.197,side:rev_side_conflicts_with_raid,pdh,bullish,aligned,D_FVG_bull_2026-04-17,-1.049034630707936,-1.0,stop,32.63000000000102,0.049034630707935956,04b9d46a5a1aedb1,kernel_ticket:pass:kernel_session_ticket|side:FAIL:rev_side_conflicts_with_raid|risk:pass:within_caps|allowlist:FAIL:not_on_mint_allowlist|mode:pass:paper,"{""m1_correct_side_of_eq"": false, ""m2_false_breakout"": false, ""m4_fvg_in_displacement"": true, ""m3_iof_aligned"": true, ""m5_ipda20_discount"": false, ""m6_with_20d_swing"": true, ""m7_osok_profile"": false, ""m8_cbdr_tight"": true, ""m8_ny_continues_london"": true, ""m10_us500_confirms"": true, ""m11_smt_divergence"": false, ""m12_topdown_agree"": true, ""m13_bridge_window_fvg"": false}"
2026-04-27,US100,ny_am,True,REV,named_extreme_raid+htf_pd+mss,2026-04-27T07:15:00,buy,27349.316,27313.769,side:rev_side_conflicts_with_raid,pdh,bullish,aligned,D_FVG_bull_2026-04-17,-1.0450108307311463,-1.0,stop,35.54699999999866,0.04501083073114638,563365bbbd1e1bff,kernel_ticket:pass:kernel_session_ticket|side:FAIL:rev_side_conflicts_with_raid|risk:pass:within_caps|allowlist:FAIL:not_on_mint_allowlist|mode:pass:paper,"{""m1_correct_side_of_eq"": false, ""m2_false_breakout"": false, ""m4_fvg_in_displacement"": true, ""m3_iof_aligned"": true, ""m5_ipda20_discount"": false, ""m6_with_20d_swing"": true, ""m7_osok_profile"": false, ""m8_cbdr_tight"": true, ""m8_ny_continues_london"": false, ""m10_us500_confirms"": false, ""m11_smt_divergence"": false, ""m12_topdown_agree"": true, ""m13_bridge_window_fvg"": false}"
2026-05-01,US100,ny_am,True,REV,named_extreme_raid+htf_pd+mss,2026-05-01T10:00:00,buy,27742.764,27489.606,side:rev_side_conflicts_with_raid,pdh,bullish,aligned,D_FVG_bull_2026-04-27,-0.12036356741639313,-0.11404340372415349,time,253.15799999999945,0.006320163692239643,bdf0bcb7e75340fe,kernel_ticket:pass:kernel_session_ticket|side:FAIL:rev_side_conflicts_with_raid|risk:pass:within_caps|allowlist:FAIL:not_on_mint_allowlist|mode:pass:paper,"{""m1_correct_side_of_eq"": false, ""m2_false_breakout"": false, ""m4_fvg_in_displacement"": true, ""m3_iof_aligned"": true, ""m5_ipda20_discount"": false, ""m6_with_20d_swing"": true, ""m7_osok_profile"": false, ""m8_cbdr_tight"": true, ""m8_ny_continues_london"": false, ""m10_us500_confirms"": true, ""m11_smt_divergence"": false, ""m12_topdown_agree"": true, ""m13_bridge_window_fvg"": false}"
2026-05-04,US100,london,True,REV,named_extreme_raid+htf_pd+mss,2026-05-04T02:15:00,buy,27802.486,27790.447,side:rev_side_conflicts_with_raid,pdh,bullish,qualified,D_FVG_bull_2026-05-01,-1.1329014037710698,-1.0,stop,12.03900000000067,0.13290140377106996,584d549536acaa52,kernel_ticket:pass:kernel_session_ticket|side:FAIL:rev_side_conflicts_with_raid|risk:pass:within_caps|allowlist:FAIL:not_on_mint_allowlist|mode:pass:paper,"{""m1_correct_side_of_eq"": false, ""m2_false_breakout"": false, ""m4_fvg_in_displacement"": false, ""m3_iof_aligned"": false, ""m5_ipda20_discount"": false, ""m6_with_20d_swing"": true, ""m7_osok_profile"": false, ""m8_cbdr_tight"": true, ""m8_ny_continues_london"": null, ""m10_us500_confirms"": true, ""m11_smt_divergence"": true, ""m12_topdown_agree"": true, ""m13_bridge_window_fvg"": false}"
2026-05-06,US100,london,True,REV,named_extreme_raid+htf_pd+mss,2026-05-06T02:15:00,buy,28214.779,28065.448,side:rev_side_conflicts_with_raid,pdh,bullish,aligned,D_FVG_bull_2026-05-04,1.989285546872384,2.0,target,149.3309999999983,0.010714453127615955,415ad9e785a8cf05,kernel_ticket:pass:kernel_session_ticket|side:FAIL:rev_side_conflicts_with_raid|risk:pass:within_caps|allowlist:FAIL:not_on_mint_allowlist|mode:pass:paper,"{""m1_correct_side_of_eq"": false, ""m2_false_breakout"": false, ""m4_fvg_in_displacement"": false, ""m3_iof_aligned"": true, ""m5_ipda20_discount"": false, ""m6_with_20d_swing"": true, ""m7_osok_profile"": false, ""m8_cbdr_tight"": false, ""m8_ny_continues_london"": null, ""m10_us500_confirms"": true, ""m11_smt_divergence"": false, ""m12_topdown_agree"": true, ""m13_bridge_window_fvg"": false}"
2026-05-06,US100,ny_am,True,REV,named_extreme_raid+htf_pd+mss,2026-05-06T07:15:00,buy,28501.697,28065.448,side:rev_side_conflicts_with_raid,pdh,bullish,aligned,D_FVG_bull_2026-05-04,0.20216436026214785,0.20583199044582734,time,436.2489999999998,0.003667630183679506,4870e95790cbb6b3,kernel_ticket:pass:kernel_session_ticket|side:FAIL:rev_side_conflicts_with_raid|risk:pass:within_caps|allowlist:FAIL:not_on_mint_allowlist|mode:pass:paper,"{""m1_correct_side_of_eq"": false, ""m2_false_breakout"": false, ""m4_fvg_in_displacement"": true, ""m3_iof_aligned"": true, ""m5_ipda20_discount"": false, ""m6_with_20d_swing"": true, ""m7_osok_profile"": false, ""m8_cbdr_tight"": false, ""m8_ny_continues_london"": true, ""m10_us500_confirms"": true, ""m11_smt_divergence"": false, ""m12_topdown_agree"": true, ""m13_bridge_window_fvg"": false}"
2026-05-22,US100,london,True,REV,named_extreme_raid+htf_pd+mss,2026-05-22T02:15:00,buy,29483.599,29463.394,side:rev_side_conflicts_with_raid,pdh,bullish,qualified,D_FVG_bear_2026-05-18,-1.0791883197228482,-1.0,stop,20.20499999999811,0.0791883197228483,79ef6697e7732b8b,kernel_ticket:pass:kernel_session_ticket|side:FAIL:rev_side_conflicts_with_raid|risk:pass:within_caps|allowlist:FAIL:not_on_mint_allowlist|mode:pass:paper,"{""m1_correct_side_of_eq"": false, ""m2_false_breakout"": false, ""m4_fvg_in_displacement"": true, ""m3_iof_aligned"": false, ""m5_ipda20_discount"": false, ""m6_with_20d_swing"": true, ""m7_osok_profile"": false, ""m8_cbdr_tight"": false, ""m8_ny_continues_london"": null, ""m10_us500_confirms"": false, ""m11_smt_divergence"": false, ""m12_topdown_agree"": false, ""m13_bridge_window_fvg"": false}"
2026-05-22,US100,ny_am,True,REV,named_extreme_raid+htf_pd+mss,2026-05-22T10:00:00,buy,29563.22,29463.394,side:rev_side_conflicts_with_raid,pdh,bullish,aligned,D_FVG_bear_2026-05-18,-1.0160278885260352,-1.0,stop,99.82600000000093,0.016027888526035153,9f1ccb4410c3d77b,kernel_ticket:pass:kernel_session_ticket|side:FAIL:rev_side_conflicts_with_raid|risk:pass:within_caps|allowlist:FAIL:not_on_mint_allowlist|mode:pass:paper,"{""m1_correct_side_of_eq"": false, ""m2_false_breakout"": false, ""m4_fvg_in_displacement"": true, ""m3_iof_aligned"": true, ""m5_ipda20_discount"": false, ""m6_with_20d_swing"": true, ""m7_osok_profile"": false, ""m8_cbdr_tight"": false, ""m8_ny_continues_london"": true, ""m10_us500_confirms"": true, ""m11_smt_divergence"": false, ""m12_topdown_agree"": false, ""m13_bridge_window_fvg"": false}"
2026-05-26,US100,ny_am,True,REV,named_extreme_raid+htf_pd+mss,2026-05-26T07:15:00,buy,29766.905,29667.321,side:rev_side_conflicts_with_raid,pdh,bullish,aligned,D_FVG_bear_2026-05-18,1.9839331619537273,2.0,target,99.58399999999892,0.01606683804627267,3b229667c5c17019,kernel_ticket:pass:kernel_session_ticket|side:FAIL:rev_side_conflicts_with_raid|risk:pass:within_caps|allowlist:FAIL:not_on_mint_allowlist|mode:pass:paper,"{""m1_correct_side_of_eq"": false, ""m2_false_breakout"": false, ""m4_fvg_in_displacement"": true, ""m3_iof_aligned"": true, ""m5_ipda20_discount"": false, ""m6_with_20d_swing"": true, ""m7_osok_profile"": false, ""m8_cbdr_tight"": true, ""m8_ny_continues_london"": true, ""m10_us500_confirms"": false, ""m11_smt_divergence"": false, ""m12_topdown_agree"": true, ""m13_bridge_window_fvg"": false}"
2026-05-27,US100,ny_am,True,REV,named_extreme_raid+htf_pd+mss,2026-05-27T07:15:00,buy,30197.142,30042.995,side:rev_side_conflicts_with_raid,pdh,bullish,aligned,D_FVG_bull_2026-05-26,-1.0103797024917773,-1.0,stop,154.14700000000084,0.010379702491777273,dff1fd8a655f876e,kernel_ticket:pass:kernel_session_ticket|side:FAIL:rev_side_conflicts_with_raid|risk:pass:within_caps|allowlist:FAIL:not_on_mint_allowlist|mode:pass:paper,"{""m1_correct_side_of_eq"": false, ""m2_false_breakout"": true, ""m4_fvg_in_displacement"": true, ""m3_iof_aligned"": true, ""m5_ipda20_discount"": false, ""m6_with_20d_swing"": true, ""m7_osok_profile"": false, ""m8_cbdr_tight"": true, ""m8_ny_continues_london"": true, ""m10_us500_confirms"": true, ""m11_smt_divergence"": false, ""m12_topdown_agree"": true, ""m13_bridge_window_fvg"": false}"
2026-05-29,US100,ny_am,True,REV,named_extreme_raid+htf_pd+mss,2026-05-29T07:15:00,buy,30288.654,30264.434,side:rev_side_conflicts_with_raid,pdh,bullish,aligned,D_FVG_bull_2026-05-27,-1.066061106523541,-1.0,stop,24.219999999997526,0.06606110652354102,1072c61335d0a4d2,kernel_ticket:pass:kernel_session_ticket|side:FAIL:rev_side_conflicts_with_raid|risk:pass:within_caps|allowlist:FAIL:not_on_mint_allowlist|mode:pass:paper,"{""m1_correct_side_of_eq"": false, ""m2_false_breakout"": false, ""m4_fvg_in_displacement"": true, ""m3_iof_aligned"": true, ""m5_ipda20_discount"": false, ""m6_with_20d_swing"": true, ""m7_osok_profile"": false, ""m8_cbdr_tight"": true, ""m8_ny_continues_london"": false, ""m10_us500_confirms"": true, ""m11_smt_divergence"": false, ""m12_topdown_agree"": true, ""m13_bridge_window_fvg"": false}"
2026-06-01,US100,london,True,REV,named_extreme_raid+htf_pd+mss,2026-06-01T02:15:00,buy,30514.647,30466.429,side:rev_side_conflicts_with_raid,pdh,bullish,aligned,D_FVG_bull_2026-05-27,-1.0331826288937735,-1.0,stop,48.21800000000076,0.03318262889377359,38de8e673b08086f,kernel_ticket:pass:kernel_session_ticket|side:FAIL:rev_side_conflicts_with_raid|risk:pass:within_caps|allowlist:FAIL:not_on_mint_allowlist|mode:pass:paper,"{""m1_correct_side_of_eq"": false, ""m2_false_breakout"": false, ""m4_fvg_in_displacement"": true, ""m3_iof_aligned"": true, ""m5_ipda20_discount"": false, ""m6_with_20d_swing"": true, ""m7_osok_profile"": false, ""m8_cbdr_tight"": true, ""m8_ny_continues_london"": null, ""m10_us500_confirms"": true, ""m11_smt_divergence"": false, ""m12_topdown_agree"": true, ""m13_bridge_window_fvg"": false}"
2026-06-03,US100,ny_am,True,REV,named_extreme_raid+htf_pd+mss,2026-06-03T07:15:00,buy,30727.653,30711.504,side:rev_side_conflicts_with_raid,pdh,bullish,aligned,D_FVG_bull_2026-05-27,-1.0990773422503088,-1.0,stop,16.148999999997613,0.09907734225030879,7543222a5373ee25,kernel_ticket:pass:kernel_session_ticket|side:FAIL:rev_side_conflicts_with_raid|risk:pass:within_caps|allowlist:FAIL:not_on_mint_allowlist|mode:pass:paper,"{""m1_correct_side_of_eq"": false, ""m2_false_breakout"": false, ""m4_fvg_in_displacement"": false, ""m3_iof_aligned"": true, ""m5_ipda20_discount"": false, ""m6_with_20d_swing"": true, ""m7_osok_profile"": false, ""m8_cbdr_tight"": true, ""m8_ny_continues_london"": true, ""m10_us500_confirms"": false, ""m11_smt_divergence"": true, ""m12_topdown_agree"": true, ""m13_bridge_window_fvg"": false}"
2026-06-09,US100,ny_am,True,REV,named_extreme_raid+htf_pd+mss,2026-06-09T09:45:00,buy,29727.925,29697.619,side:rev_side_conflicts_with_raid,pdh,bullish,aligned,D_FVG_bull_2026-05-26,1.9472051738929594,2.0,target,30.306000000000495,0.05279482610704065,ef73eade8235ef77,kernel_ticket:pass:kernel_session_ticket|side:FAIL:rev_side_conflicts_with_raid|risk:pass:within_caps|allowlist:FAIL:not_on_mint_allowlist|mode:pass:paper,"{""m1_correct_side_of_eq"": false, ""m2_false_breakout"": true, ""m4_fvg_in_displacement"": false, ""m3_iof_aligned"": true, ""m5_ipda20_discount"": false, ""m6_with_20d_swing"": true, ""m7_osok_profile"": false, ""m8_cbdr_tight"": false, ""m8_ny_continues_london"": true, ""m10_us500_confirms"": true, ""m11_smt_divergence"": true, ""m12_topdown_agree"": false, ""m13_bridge_window_fvg"": false}"
2026-06-12,US100,ny_am,True,REV,named_extreme_raid+htf_pd+mss,2026-06-12T07:15:00,buy,29562.009,29506.543,side:rev_side_conflicts_with_raid,pdh,bullish,qualified,D_FVG_bear_2026-05-18,-1.0288465005589027,-1.0,stop,55.46599999999671,0.02884650055890266,ed41c77d4da1e0e4,kernel_ticket:pass:kernel_session_ticket|side:FAIL:rev_side_conflicts_with_raid|risk:pass:within_caps|allowlist:FAIL:not_on_mint_allowlist|mode:pass:paper,"{""m1_correct_side_of_eq"": false, ""m2_false_breakout"": false, ""m4_fvg_in_displacement"": true, ""m3_iof_aligned"": false, ""m5_ipda20_discount"": false, ""m6_with_20d_swing"": true, ""m7_osok_profile"": false, ""m8_cbdr_tight"": false, ""m8_ny_continues_london"": true, ""m10_us500_confirms"": true, ""m11_smt_divergence"": false, ""m12_topdown_agree"": false, ""m13_bridge_window_fvg"": false}"
2026-06-15,US100,london,True,REV,named_extreme_raid+htf_pd+mss,2026-06-15T02:15:00,buy,30207.375,29736.51,side:rev_side_conflicts_with_raid,pdh,bullish,aligned,D_FVG_bear_2026-06-08,0.7039767236893806,0.7073747252397188,time,470.8650000000016,0.003398001550338196,834ae913c07155b6,kernel_ticket:pass:kernel_session_ticket|side:FAIL:rev_side_conflicts_with_raid|risk:pass:within_caps|allowlist:FAIL:not_on_mint_allowlist|mode:pass:paper,"{""m1_correct_side_of_eq"": false, ""m2_false_breakout"": false, ""m4_fvg_in_displacement"": true, ""m3_iof_aligned"": true, ""m5_ipda20_discount"": false, ""m6_with_20d_swing"": true, ""m7_osok_profile"": false, ""m8_cbdr_tight"": true, ""m8_ny_continues_london"": null, ""m10_us500_confirms"": true, ""m11_smt_divergence"": false, ""m12_topdown_agree"": true, ""m13_bridge_window_fvg"": false}"
2026-06-15,US100,ny_am,True,REV,named_extreme_raid+htf_pd+mss,2026-06-15T07:15:00,buy,30263.275,29736.51,side:rev_side_conflicts_with_raid,pdh,bullish,aligned,D_FVG_bear_2026-06-08,0.523151690032554,0.5261890976051907,time,526.765000000003,0.0030374075726367373,a9aefff8aa92c1ee,kernel_ticket:pass:kernel_session_ticket|side:FAIL:rev_side_conflicts_with_raid|risk:pass:within_caps|allowlist:FAIL:not_on_mint_allowlist|mode:pass:paper,"{""m1_correct_side_of_eq"": false, ""m2_false_breakout"": false, ""m4_fvg_in_displacement"": true, ""m3_iof_aligned"": true, ""m5_ipda20_discount"": false, ""m6_with_20d_swing"": true, ""m7_osok_profile"": false, ""m8_cbdr_tight"": true, ""m8_ny_continues_london"": true, ""m10_us500_confirms"": true, ""m11_smt_divergence"": false, ""m12_topdown_agree"": true, ""m13_bridge_window_fvg"": false}"
2026-06-16,US100,ny_am,True,REV,named_extreme_raid+htf_pd+mss,2026-06-16T07:15:00,buy,30637.527,30587.498,side:rev_side_conflicts_with_raid,pdh,bullish,aligned,D_FVG_bear_2026-06-05,-1.031981450758561,-1.0,stop,50.02899999999863,0.03198145075856091,9b7bfcb5dd70a645,kernel_ticket:pass:kernel_session_ticket|side:FAIL:rev_side_conflicts_with_raid|risk:pass:within_caps|allowlist:FAIL:not_on_mint_allowlist|mode:pass:paper,"{""m1_correct_side_of_eq"": false, ""m2_false_breakout"": false, ""m4_fvg_in_displacement"": false, ""m3_iof_aligned"": true, ""m5_ipda20_discount"": false, ""m6_with_20d_swing"": true, ""m7_osok_profile"": false, ""m8_cbdr_tight"": true, ""m8_ny_continues_london"": true, ""m10_us500_confirms"": true, ""m11_smt_divergence"": true, ""m12_topdown_agree"": true, ""m13_bridge_window_fvg"": false}"
2026-06-18,US100,ny_am,True,REV,named_extreme_raid+htf_pd+mss,2026-06-18T10:00:00,sell,30159.75,30249.649,allowlist:not_on_mint_allowlist,pdh,bearish,aligned,D_FVG_bear_2026-06-05,-1.0177977508092413,-1.0,stop,89.89900000000125,0.017797750809241234,8c548243d9724637,kernel_ticket:pass:kernel_session_ticket|side:pass:determined|risk:pass:within_caps|allowlist:FAIL:not_on_mint_allowlist|mode:pass:paper,"{""m1_correct_side_of_eq"": true, ""m2_false_breakout"": false, ""m4_fvg_in_displacement"": false, ""m3_iof_aligned"": true, ""m5_ipda20_discount"": true, ""m6_with_20d_swing"": false, ""m7_osok_profile"": false, ""m8_cbdr_tight"": false, ""m8_ny_continues_london"": false, ""m10_us500_confirms"": true, ""m11_smt_divergence"": true, ""m12_topdown_agree"": false, ""m13_bridge_window_fvg"": false}"
2026-06-25,US100,london,True,REV,named_extreme_raid+htf_pd+mss,2026-06-25T03:30:00,buy,29872.209,29597.993,side:rev_side_conflicts_with_raid,pdh,bullish,aligned,D_FVG_bull_2026-05-27,-1.0058348163491555,-1.0,stop,274.21600000000035,0.005834816349155403,0a917c8f19dcb6ff,kernel_ticket:pass:kernel_session_ticket|side:FAIL:rev_side_conflicts_with_raid|risk:pass:within_caps|allowlist:FAIL:not_on_mint_allowlist|mode:pass:paper,"{""m1_correct_side_of_eq"": false, ""m2_false_breakout"": false, ""m4_fvg_in_displacement"": true, ""m3_iof_aligned"": true, ""m5_ipda20_discount"": false, ""m6_with_20d_swing"": false, ""m7_osok_profile"": false, ""m8_cbdr_tight"": false, ""m8_ny_continues_london"": null, ""m10_us500_confirms"": true, ""m11_smt_divergence"": true, ""m12_topdown_agree"": true, ""m13_bridge_window_fvg"": false}"
2026-06-25,US100,ny_am,True,REV,named_extreme_raid+htf_pd+mss,2026-06-25T07:15:00,buy,29849.458,29597.993,side:rev_side_conflicts_with_raid,pdh,bullish,aligned,D_FVG_bull_2026-05-27,-1.0063627144930707,-1.0,stop,251.46500000000015,0.006362714493070603,c6019fed1d0725ce,kernel_ticket:pass:kernel_session_ticket|side:FAIL:rev_side_conflicts_with_raid|risk:pass:within_caps|allowlist:FAIL:not_on_mint_allowlist|mode:pass:paper,"{""m1_correct_side_of_eq"": false, ""m2_false_breakout"": false, ""m4_fvg_in_displacement"": true, ""m3_iof_aligned"": true, ""m5_ipda20_discount"": false, ""m6_with_20d_swing"": false, ""m7_osok_profile"": false, ""m8_cbdr_tight"": false, ""m8_ny_continues_london"": true, ""m10_us500_confirms"": true, ""m11_smt_divergence"": true, ""m12_topdown_agree"": true, ""m13_bridge_window_fvg"": false}"
2026-06-30,US100,ny_am,True,REV,named_extreme_raid+htf_pd+mss,2026-06-30T10:00:00,buy,30089.11,29783.057,side:rev_side_conflicts_with_raid,pdh,bullish,aligned,D_FVG_bull_2026-06-16,0.5138293040747859,0.5190571567669666,time,306.0529999999999,0.005227852692180768,cd94a3fc2b419197,kernel_ticket:pass:kernel_session_ticket|side:FAIL:rev_side_conflicts_with_raid|risk:pass:within_caps|allowlist:FAIL:not_on_mint_allowlist|mode:pass:paper,"{""m1_correct_side_of_eq"": false, ""m2_false_breakout"": false, ""m4_fvg_in_displacement"": true, ""m3_iof_aligned"": true, ""m5_ipda20_discount"": false, ""m6_with_20d_swing"": false, ""m7_osok_profile"": false, ""m8_cbdr_tight"": true, ""m8_ny_continues_london"": false, ""m10_us500_confirms"": true, ""m11_smt_divergence"": false, ""m12_topdown_agree"": false, ""m13_bridge_window_fvg"": false}"
2026-07-02,US100,london,True,REV,named_extreme_raid+htf_pd+mss,2026-07-02T03:00:00,sell,29665.033,29742.981,side:rev_side_conflicts_with_raid,pdl,bearish,aligned,D_FVG_bull_2026-06-16,-1.0205265048493868,-1.0,stop,77.94800000000032,0.020526504849386687,f500d3cf70a56cdf,kernel_ticket:pass:kernel_session_ticket|side:FAIL:rev_side_conflicts_with_raid|risk:pass:within_caps|allowlist:FAIL:not_on_mint_allowlist|mode:pass:paper,"{""m1_correct_side_of_eq"": false, ""m2_false_breakout"": false, ""m4_fvg_in_displacement"": false, ""m3_iof_aligned"": true, ""m5_ipda20_discount"": true, ""m6_with_20d_swing"": true, ""m7_osok_profile"": false, ""m8_cbdr_tight"": true, ""m8_ny_continues_london"": null, ""m10_us500_confirms"": true, ""m11_smt_divergence"": true, ""m12_topdown_agree"": true, ""m13_bridge_window_fvg"": false}"
2026-07-08,US100,london,True,REV,named_extreme_raid+htf_pd+mss,2026-07-08T04:45:00,sell,28789.881,28974.162,side:rev_side_conflicts_with_raid,pdl,bearish,qualified,D_FVG_bull_2026-06-30,-1.0086823926503548,-1.0,stop,184.28099999999904,0.008682392650354667,ad8492f29d1c57e8,kernel_ticket:pass:kernel_session_ticket|side:FAIL:rev_side_conflicts_with_raid|risk:pass:within_caps|allowlist:FAIL:not_on_mint_allowlist|mode:pass:paper,"{""m1_correct_side_of_eq"": false, ""m2_false_breakout"": false, ""m4_fvg_in_displacement"": false, ""m3_iof_aligned"": false, ""m5_ipda20_discount"": false, ""m6_with_20d_swing"": false, ""m7_osok_profile"": false, ""m8_cbdr_tight"": false, ""m8_ny_continues_london"": null, ""m10_us500_confirms"": true, ""m11_smt_divergence"": false, ""m12_topdown_agree"": false, ""m13_bridge_window_fvg"": false}"
2026-07-08,US100,ny_am,True,REV,named_extreme_raid+htf_pd+mss,2026-07-08T07:15:00,sell,28771.922,28974.162,side:rev_side_conflicts_with_raid,pdl,bearish,qualified,D_FVG_bull_2026-06-30,-1.0079113924050633,-1.0,stop,202.2400000000016,0.00791139240506323,271ace3901a0114c,kernel_ticket:pass:kernel_session_ticket|side:FAIL:rev_side_conflicts_with_raid|risk:pass:within_caps|allowlist:FAIL:not_on_mint_allowlist|mode:pass:paper,"{""m1_correct_side_of_eq"": false, ""m2_false_breakout"": false, ""m4_fvg_in_displacement"": true, ""m3_iof_aligned"": false, ""m5_ipda20_discount"": false, ""m6_with_20d_swing"": false, ""m7_osok_profile"": false, ""m8_cbdr_tight"": false, ""m8_ny_continues_london"": true, ""m10_us500_confirms"": true, ""m11_smt_divergence"": false, ""m12_topdown_agree"": false, ""m13_bridge_window_fvg"": false}"
2026-07-09,US100,london,True,REV,named_extreme_raid+htf_pd+mss,2026-07-09T03:45:00,buy,29460.108,29326.608,side:rev_side_conflicts_with_raid,pdh,bullish,aligned,D_FVG_bear_2026-07-08,1.9880149812734083,2.0,target,133.5,0.01198501872659176,19a7c00573465db3,kernel_ticket:pass:kernel_session_ticket|side:FAIL:rev_side_conflicts_with_raid|risk:pass:within_caps|allowlist:FAIL:not_on_mint_allowlist|mode:pass:paper,"{""m1_correct_side_of_eq"": false, ""m2_false_breakout"": false, ""m4_fvg_in_displacement"": true, ""m3_iof_aligned"": true, ""m5_ipda20_discount"": false, ""m6_with_20d_swing"": false, ""m7_osok_profile"": false, ""m8_cbdr_tight"": true, ""m8_ny_continues_london"": null, ""m10_us500_confirms"": true, ""m11_smt_divergence"": true, ""m12_topdown_agree"": true, ""m13_bridge_window_fvg"": false}"
2026-07-09,US100,ny_am,True,REV,named_extreme_raid+htf_pd+mss,2026-07-09T07:45:00,buy,29463.431,29326.608,side:rev_side_conflicts_with_raid,pdh,bullish,qualified,D_FVG_bear_2026-07-08,1.9883060596537132,2.0,target,136.82300000000032,0.011693940346286782,d3e44633848d2f0c,kernel_ticket:pass:kernel_session_ticket|side:FAIL:rev_side_conflicts_with_raid|risk:pass:within_caps|allowlist:FAIL:not_on_mint_allowlist|mode:pass:paper,"{""m1_correct_side_of_eq"": false, ""m2_false_breakout"": false, ""m4_fvg_in_displacement"": true, ""m3_iof_aligned"": false, ""m5_ipda20_discount"": false, ""m6_with_20d_swing"": false, ""m7_osok_profile"": false, ""m8_cbdr_tight"": true, ""m8_ny_continues_london"": true, ""m10_us500_confirms"": false, ""m11_smt_divergence"": true, ""m12_topdown_agree"": true, ""m13_bridge_window_fvg"": false}"
2026-07-13,US100,ny_am,True,REV,named_extreme_raid+htf_pd+mss,2026-07-13T07:15:00,buy,29556.272,29465.058,allowlist:not_on_mint_allowlist,pdl,bullish,qualified,D_FVG_bull_2026-07-10,-1.0175411669261298,-1.0,stop,91.21399999999994,0.017541166926129774,c123339821216d9c,kernel_ticket:pass:kernel_session_ticket|side:pass:determined|risk:pass:within_caps|allowlist:FAIL:not_on_mint_allowlist|mode:pass:paper,"{""m1_correct_side_of_eq"": true, ""m2_false_breakout"": false, ""m4_fvg_in_displacement"": true, ""m3_iof_aligned"": false, ""m5_ipda20_discount"": false, ""m6_with_20d_swing"": true, ""m7_osok_profile"": true, ""m8_cbdr_tight"": true, ""m8_ny_continues_london"": true, ""m10_us500_confirms"": true, ""m11_smt_divergence"": true, ""m12_topdown_agree"": true, ""m13_bridge_window_fvg"": false}"
2026-07-15,US100,london,True,REV,named_extreme_raid+htf_pd+mss,2026-07-15T02:15:00,buy,29842.398,29711.72,side:rev_side_conflicts_with_raid,pdh,bullish,aligned,D_FVG_bull_2026-06-30,-1.0122438359938168,-1.0,stop,130.67799999999988,0.012243835993816874,f8791d568057eb67,kernel_ticket:pass:kernel_session_ticket|side:FAIL:rev_side_conflicts_with_raid|risk:pass:within_caps|allowlist:FAIL:not_on_mint_allowlist|mode:pass:paper,"{""m1_correct_side_of_eq"": false, ""m2_false_breakout"": false, ""m4_fvg_in_displacement"": true, ""m3_iof_aligned"": true, ""m5_ipda20_discount"": false, ""m6_with_20d_swing"": false, ""m7_osok_profile"": false, ""m8_cbdr_tight"": true, ""m8_ny_continues_london"": null, ""m10_us500_confirms"": true, ""m11_smt_divergence"": false, ""m12_topdown_agree"": true, ""m13_bridge_window_fvg"": false}"
2026-07-17,US100,london,True,REV,named_extreme_raid+htf_pd+mss,2026-07-17T02:15:00,sell,28569.62,28883.72,side:rev_side_conflicts_with_raid,pdl,bearish,aligned,D_FVG_bear_2026-07-08,-0.05220948742439539,-0.04711556829036168,time,314.1000000000022,0.005093919134033712,2d9a745f2d3cfcde,kernel_ticket:pass:kernel_session_ticket|side:FAIL:rev_side_conflicts_with_raid|risk:pass:within_caps|allowlist:FAIL:not_on_mint_allowlist|mode:pass:paper,"{""m1_correct_side_of_eq"": false, ""m2_false_breakout"": false, ""m4_fvg_in_displacement"": true, ""m3_iof_aligned"": true, ""m5_ipda20_discount"": false, ""m6_with_20d_swing"": true, ""m7_osok_profile"": false, ""m8_cbdr_tight"": false, ""m8_ny_continues_london"": null, ""m10_us500_confirms"": true, ""m11_smt_divergence"": false, ""m12_topdown_agree"": false, ""m13_bridge_window_fvg"": false}"
2026-07-17,US100,ny_am,True,REV,named_extreme_raid+htf_pd+mss,2026-07-17T07:15:00,sell,28569.976,28883.72,side:rev_side_conflicts_with_raid,pdl,bearish,qualified,D_FVG_bear_2026-07-08,-0.05113404559131909,-0.04603434647356707,time,313.7440000000024,0.005099699117752014,09efcfa4acb730df,kernel_ticket:pass:kernel_session_ticket|side:FAIL:rev_side_conflicts_with_raid|risk:pass:within_caps|allowlist:FAIL:not_on_mint_allowlist|mode:pass:paper,"{""m1_correct_side_of_eq"": false, ""m2_false_breakout"": false, ""m4_fvg_in_displacement"": true, ""m3_iof_aligned"": false, ""m5_ipda20_discount"": false, ""m6_with_20d_swing"": true, ""m7_osok_profile"": false, ""m8_cbdr_tight"": false, ""m8_ny_continues_london"": true, ""m10_us500_confirms"": true, ""m11_smt_divergence"": false, ""m12_topdown_agree"": false, ""m13_bridge_window_fvg"": false}"
2026-07-21,US100,ny_am,True,REV,named_extreme_raid+htf_pd+mss,2026-07-21T10:00:00,sell,28981.421,29015.054,allowlist:not_on_mint_allowlist,pdh,bearish,aligned,D_FVG_bear_2026-07-17,-1.0475723248000453,-1.0,stop,33.63300000000163,0.04757232480004527,1eb285e927ddfbea,kernel_ticket:pass:kernel_session_ticket|side:pass:determined|risk:pass:within_caps|allowlist:FAIL:not_on_mint_allowlist|mode:pass:paper,"{""m1_correct_side_of_eq"": true, ""m2_false_breakout"": true, ""m4_fvg_in_displacement"": true, ""m3_iof_aligned"": true, ""m5_ipda20_discount"": false, ""m6_with_20d_swing"": true, ""m7_osok_profile"": true, ""m8_cbdr_tight"": false, ""m8_ny_continues_london"": false, ""m10_us500_confirms"": true, ""m11_smt_divergence"": true, ""m12_topdown_agree"": true, ""m13_bridge_window_fvg"": true}"
2026-07-23,US100,london,True,REV,named_extreme_raid+htf_pd+mss,2026-07-23T03:45:00,sell,28773.519,28796.319,side:rev_side_conflicts_with_raid,pdl,bearish,aligned,D_FVG_bear_2026-07-17,-1.0701754385964934,-1.0,stop,22.799999999999272,0.07017543859649347,c45a3b3d8b9830fa,kernel_ticket:pass:kernel_session_ticket|side:FAIL:rev_side_conflicts_with_raid|risk:pass:within_caps|allowlist:FAIL:not_on_mint_allowlist|mode:pass:paper,"{""m1_correct_side_of_eq"": false, ""m2_false_breakout"": true, ""m4_fvg_in_displacement"": false, ""m3_iof_aligned"": true, ""m5_ipda20_discount"": false, ""m6_with_20d_swing"": true, ""m7_osok_profile"": false, ""m8_cbdr_tight"": false, ""m8_ny_continues_london"": null, ""m10_us500_confirms"": true, ""m11_smt_divergence"": false, ""m12_topdown_agree"": true, ""m13_bridge_window_fvg"": false}"
2026-07-27,US100,ny_am,True,REV,named_extreme_raid+htf_pd+mss,2026-07-27T10:00:00,sell,28193.409,28578.889,allowlist:not_on_mint_allowlist,pdh,bearish,aligned,D_FVG_bear_2026-07-24,0.39566255058627986,0.39981321988170376,time,385.47999999999956,0.004150669295423892,eb82913186207550,kernel_ticket:pass:kernel_session_ticket|side:pass:determined|risk:pass:within_caps|allowlist:FAIL:not_on_mint_allowlist|mode:pass:paper,"{""m1_correct_side_of_eq"": false, ""m2_false_breakout"": false, ""m4_fvg_in_displacement"": true, ""m3_iof_aligned"": true, ""m5_ipda20_discount"": false, ""m6_with_20d_swing"": true, ""m7_osok_profile"": true, ""m8_cbdr_tight"": false, ""m8_ny_continues_london"": false, ""m10_us500_confirms"": true, ""m11_smt_divergence"": false, ""m12_topdown_agree"": true, ""m13_bridge_window_fvg"": true}"
2026-07-28,US100,london,True,REV,named_extreme_raid+htf_pd+mss,2026-07-28T04:15:00,sell,27737.01,27786.187,side:rev_side_conflicts_with_raid,pdl,bearish,aligned,D_FVG_bear_2026-07-24,-1.0325355349045264,-1.0,stop,49.17700000000332,0.03253553490452635,685d112eb746c331,kernel_ticket:pass:kernel_session_ticket|side:FAIL:rev_side_conflicts_with_raid|risk:pass:within_caps|allowlist:FAIL:not_on_mint_allowlist|mode:pass:paper,"{""m1_correct_side_of_eq"": false, ""m2_false_breakout"": false, ""m4_fvg_in_displacement"": false, ""m3_iof_aligned"": true, ""m5_ipda20_discount"": false, ""m6_with_20d_swing"": true, ""m7_osok_profile"": false, ""m8_cbdr_tight"": false, ""m8_ny_continues_london"": null, ""m10_us500_confirms"": false, ""m11_smt_divergence"": true, ""m12_topdown_agree"": true, ""m13_bridge_window_fvg"": false}"
2026-07-28,US100,ny_am,True,REV,named_extreme_raid+htf_pd+mss,2026-07-28T10:00:00,sell,27515.976,27786.187,side:rev_side_conflicts_with_raid,pdl,bearish,aligned,D_FVG_bear_2026-07-24,-1.00592129854077,-1.0,stop,270.21100000000297,0.005921298540769926,321296d13abddf20,kernel_ticket:pass:kernel_session_ticket|side:FAIL:rev_side_conflicts_with_raid|risk:pass:within_caps|allowlist:FAIL:not_on_mint_allowlist|mode:pass:paper,"{""m1_correct_side_of_eq"": false, ""m2_false_breakout"": false, ""m4_fvg_in_displacement"": true, ""m3_iof_aligned"": true, ""m5_ipda20_discount"": false, ""m6_with_20d_swing"": true, ""m7_osok_profile"": false, ""m8_cbdr_tight"": false, ""m8_ny_continues_london"": false, ""m10_us500_confirms"": true, ""m11_smt_divergence"": true, ""m12_topdown_agree"": true, ""m13_bridge_window_fvg"": false}"
2026-08-04,US100,london,True,REV,named_extreme_raid+htf_pd+mss,2026-08-04T03:15:00,buy,28946.375,28838.789,side:rev_side_conflicts_with_raid,pdh,bullish,qualified,D_FVG_bear_2026-07-24,1.9851281765285445,2.0,target,107.58599999999933,0.014871823471455487,2a036942ba5228a8,kernel_ticket:pass:kernel_session_ticket|side:FAIL:rev_side_conflicts_with_raid|risk:pass:within_caps|allowlist:FAIL:not_on_mint_allowlist|mode:pass:paper,"{""m1_correct_side_of_eq"": false, ""m2_false_breakout"": false, ""m4_fvg_in_displacement"": true, ""m3_iof_aligned"": false, ""m5_ipda20_discount"": false, ""m6_with_20d_swing"": false, ""m7_osok_profile"": false, ""m8_cbdr_tight"": true, ""m8_ny_continues_london"": null, ""m10_us500_confirms"": true, ""m11_smt_divergence"": false, ""m12_topdown_agree"": false, ""m13_bridge_window_fvg"": false}"
2026-08-04,US100,ny_am,True,REV,named_extreme_raid+htf_pd+mss,2026-08-04T07:15:00,buy,29021.131,28838.789,side:rev_side_conflicts_with_raid,pdh,bullish,aligned,D_FVG_bear_2026-07-24,1.9912252799684111,2.0,target,182.34200000000055,0.008774720031588966,2f567c56261652c9,kernel_ticket:pass:kernel_session_ticket|side:FAIL:rev_side_conflicts_with_raid|risk:pass:within_caps|allowlist:FAIL:not_on_mint_allowlist|mode:pass:paper,"{""m1_correct_side_of_eq"": false, ""m2_false_breakout"": false, ""m4_fvg_in_displacement"": true, ""m3_iof_aligned"": true, ""m5_ipda20_discount"": false, ""m6_with_20d_swing"": false, ""m7_osok_profile"": false, ""m8_cbdr_tight"": true, ""m8_ny_continues_london"": false, ""m10_us500_confirms"": true, ""m11_smt_divergence"": false, ""m12_topdown_agree"": false, ""m13_bridge_window_fvg"": false}"
2026-08-05,US100,ny_am,True,REV,named_extreme_raid+htf_pd+mss,2026-08-05T10:00:00,buy,29924.053,29828.043,side:rev_side_conflicts_with_raid,pdh,bullish,aligned,D_FVG_bull_2026-07-10,-1.016664930736382,-1.0,stop,96.0099999999984,0.016664930736381905,3e845934277b6da4,kernel_ticket:pass:kernel_session_ticket|side:FAIL:rev_side_conflicts_with_raid|risk:pass:within_caps|allowlist:FAIL:not_on_mint_allowlist|mode:pass:paper,"{""m1_correct_side_of_eq"": false, ""m2_false_breakout"": false, ""m4_fvg_in_displacement"": true, ""m3_iof_aligned"": true, ""m5_ipda20_discount"": false, ""m6_with_20d_swing"": true, ""m7_osok_profile"": false, ""m8_cbdr_tight"": true, ""m8_ny_continues_london"": false, ""m10_us500_confirms"": true, ""m11_smt_divergence"": false, ""m12_topdown_agree"": false, ""m13_bridge_window_fvg"": false}"
2026-08-06,US100,ny_am,True,REV,named_extreme_raid+htf_pd+mss,2026-08-06T07:15:00,sell,29296.443,29407.008,side:rev_side_conflicts_with_raid,pdl,bearish,aligned,D_FVG_bull_2026-07-10,-1.0144711255822363,-1.0,stop,110.56500000000233,0.014471125582236389,2bc3e8a8249f662c,kernel_ticket:pass:kernel_session_ticket|side:FAIL:rev_side_conflicts_with_raid|risk:pass:within_caps|allowlist:FAIL:not_on_mint_allowlist|mode:pass:paper,"{""m1_correct_side_of_eq"": false, ""m2_false_breakout"": false, ""m4_fvg_in_displacement"": true, ""m3_iof_aligned"": true, ""m5_ipda20_discount"": true, ""m6_with_20d_swing"": false, ""m7_osok_profile"": false, ""m8_cbdr_tight"": false, ""m8_ny_continues_london"": true, ""m10_us500_confirms"": true, ""m11_smt_divergence"": true, ""m12_topdown_agree"": true, ""m13_bridge_window_fvg"": false}"
2026-08-10,US100,london,True,REV,named_extreme_raid+htf_pd+mss,2026-08-10T02:30:00,buy,29801.042,29754.675,side:rev_side_conflicts_with_raid,pdh,bullish,aligned,D_FVG_bull_2026-08-05,-1.0345073004507501,-1.0,stop,46.36700000000201,0.03450730045075012,51a6247f2423f648,kernel_ticket:pass:kernel_session_ticket|side:FAIL:rev_side_conflicts_with_raid|risk:pass:within_caps|allowlist:FAIL:not_on_mint_allowlist|mode:pass:paper,"{""m1_correct_side_of_eq"": false, ""m2_false_breakout"": false, ""m4_fvg_in_displacement"": true, ""m3_iof_aligned"": true, ""m5_ipda20_discount"": false, ""m6_with_20d_swing"": false, ""m7_osok_profile"": false, ""m8_cbdr_tight"": true, ""m8_ny_continues_london"": null, ""m10_us500_confirms"": false, ""m11_smt_divergence"": false, ""m12_topdown_agree"": true, ""m13_bridge_window_fvg"": false}"
2026-08-10,US100,ny_am,True,REV,named_extreme_raid+htf_pd+mss,2026-08-10T07:15:00,buy,29763.854,29754.675,side:rev_side_conflicts_with_raid,pdh,bullish,qualified,D_FVG_bull_2026-08-05,-1.174310927116242,-1.0,stop,9.179000000000087,0.17431092711624196,b36c9645170113a8,kernel_ticket:pass:kernel_session_ticket|side:FAIL:rev_side_conflicts_with_raid|risk:pass:within_caps|allowlist:FAIL:not_on_mint_allowlist|mode:pass:paper,"{""m1_correct_side_of_eq"": false, ""m2_false_breakout"": false, ""m4_fvg_in_displacement"": true, ""m3_iof_aligned"": false, ""m5_ipda20_discount"": false, ""m6_with_20d_swing"": false, ""m7_osok_profile"": false, ""m8_cbdr_tight"": true, ""m8_ny_continues_london"": true, ""m10_us500_confirms"": false, ""m11_smt_divergence"": false, ""m12_topdown_agree"": true, ""m13_bridge_window_fvg"": false}"
2026-08-13,US100,ny_am,True,REV,named_extreme_raid+htf_pd+mss,2026-08-13T10:00:00,buy,30073.589,29895.389,side:rev_side_conflicts_with_raid,pdh,bullish,aligned,D_FVG_bull_2026-08-10,0.07568462401795444,0.0846632996632967,time,178.20000000000073,0.008978675645342276,1c7c0ce2fa5e80eb,kernel_ticket:pass:kernel_session_ticket|side:FAIL:rev_side_conflicts_with_raid|risk:pass:within_caps|allowlist:FAIL:not_on_mint_allowlist|mode:pass:paper,"{""m1_correct_side_of_eq"": false, ""m2_false_breakout"": false, ""m4_fvg_in_displacement"": false, ""m3_iof_aligned"": true, ""m5_ipda20_discount"": false, ""m6_with_20d_swing"": true, ""m7_osok_profile"": false, ""m8_cbdr_tight"": true, ""m8_ny_continues_london"": false, ""m10_us500_confirms"": true, ""m11_smt_divergence"": false, ""m12_topdown_agree"": true, ""m13_bridge_window_fvg"": false}"
2026-08-18,US100,london,True,REV,named_extreme_raid+htf_pd+mss,2026-08-18T02:15:00,sell,29743.376,29972.243,side:rev_side_conflicts_with_raid,pdl,bearish,aligned,D_FVG_bull_2026-08-14,1.0832098991990997,1.090200859014189,time,228.86699999999837,0.006990959815089163,b2dcc1172372616d,kernel_ticket:pass:kernel_session_ticket|side:FAIL:rev_side_conflicts_with_raid|risk:pass:within_caps|allowlist:FAIL:not_on_mint_allowlist|mode:pass:paper,"{""m1_correct_side_of_eq"": false, ""m2_false_breakout"": false, ""m4_fvg_in_displacement"": true, ""m3_iof_aligned"": true, ""m5_ipda20_discount"": true, ""m6_with_20d_swing"": false, ""m7_osok_profile"": false, ""m8_cbdr_tight"": true, ""m8_ny_continues_london"": null, ""m10_us500_confirms"": true, ""m11_smt_divergence"": false, ""m12_topdown_agree"": false, ""m13_bridge_window_fvg"": false}"
2026-08-18,US100,ny_am,True,REV,named_extreme_raid+htf_pd+mss,2026-08-18T07:15:00,sell,29675.753,29972.243,side:rev_side_conflicts_with_raid,pdl,bearish,qualified,D_FVG_bull_2026-08-14,0.6080744713143791,0.6134709433707722,time,296.48999999999796,0.005396472056393171,487f02d9296f3f94,kernel_ticket:pass:kernel_session_ticket|side:FAIL:rev_side_conflicts_with_raid|risk:pass:within_caps|allowlist:FAIL:not_on_mint_allowlist|mode:pass:paper,"{""m1_correct_side_of_eq"": false, ""m2_false_breakout"": false, ""m4_fvg_in_displacement"": true, ""m3_iof_aligned"": false, ""m5_ipda20_discount"": true, ""m6_with_20d_swing"": false, ""m7_osok_profile"": false, ""m8_cbdr_tight"": true, ""m8_ny_continues_london"": true, ""m10_us500_confirms"": true, ""m11_smt_divergence"": false, ""m12_topdown_agree"": false, ""m13_bridge_window_fvg"": false}"
2026-08-19,US100,london,True,REV,named_extreme_raid+htf_pd+mss,2026-08-19T02:30:00,sell,29394.508,29426.243,side:rev_side_conflicts_with_raid,pdl,bearish,aligned,D_FVG_bull_2026-08-10,-1.0504175200882355,-1.0,stop,31.734999999996944,0.050417520088235517,cecb3f40788a7b53,kernel_ticket:pass:kernel_session_ticket|side:FAIL:rev_side_conflicts_with_raid|risk:pass:within_caps|allowlist:FAIL:not_on_mint_allowlist|mode:pass:paper,"{""m1_correct_side_of_eq"": false, ""m2_false_breakout"": true, ""m4_fvg_in_displacement"": true, ""m3_iof_aligned"": true, ""m5_ipda20_discount"": true, ""m6_with_20d_swing"": false, ""m7_osok_profile"": false, ""m8_cbdr_tight"": true, ""m8_ny_continues_london"": null, ""m10_us500_confirms"": false, ""m11_smt_divergence"": false, ""m12_topdown_agree"": false, ""m13_bridge_window_fvg"": false}"
2026-08-19,US100,ny_am,True,REV,named_extreme_raid+htf_pd+mss,2026-08-19T10:00:00,sell,29406.776,29426.243,side:rev_side_conflicts_with_raid,pdl,bearish,aligned,D_FVG_bull_2026-08-10,1.9178096265474776,2.0,target,19.466999999996915,0.0821903734525224,eb74868b15283213,kernel_ticket:pass:kernel_session_ticket|side:FAIL:rev_side_conflicts_with_raid|risk:pass:within_caps|allowlist:FAIL:not_on_mint_allowlist|mode:pass:paper,"{""m1_correct_side_of_eq"": false, ""m2_false_breakout"": true, ""m4_fvg_in_displacement"": true, ""m3_iof_aligned"": true, ""m5_ipda20_discount"": true, ""m6_with_20d_swing"": false, ""m7_osok_profile"": false, ""m8_cbdr_tight"": true, ""m8_ny_continues_london"": false, ""m10_us500_confirms"": false, ""m11_smt_divergence"": false, ""m12_topdown_agree"": false, ""m13_bridge_window_fvg"": false}"
2026-08-20,US100,ny_am,True,REV,named_extreme_raid+htf_pd+mss,2026-08-20T08:15:00,sell,29180.119,29288.764,side:rev_side_conflicts_with_raid,pdl,bearish,aligned,D_FVG_bull_2026-08-10,-1.0147268627180266,-1.0,stop,108.64500000000044,0.014726862718026541,927ef62b2798aab4,kernel_ticket:pass:kernel_session_ticket|side:FAIL:rev_side_conflicts_with_raid|risk:pass:within_caps|allowlist:FAIL:not_on_mint_allowlist|mode:pass:paper,"{""m1_correct_side_of_eq"": false, ""m2_false_breakout"": false, ""m4_fvg_in_displacement"": false, ""m3_iof_aligned"": true, ""m5_ipda20_discount"": true, ""m6_with_20d_swing"": false, ""m7_osok_profile"": false, ""m8_cbdr_tight"": false, ""m8_ny_continues_london"": true, ""m10_us500_confirms"": true, ""m11_smt_divergence"": false, ""m12_topdown_agree"": false, ""m13_bridge_window_fvg"": false}"
2026-08-27,US100,ny_am,True,REV,named_extreme_raid+htf_pd+mss,2026-08-27T07:15:00,buy,29552.198,29304.921,side:rev_side_conflicts_with_raid,pdh,bullish,qualified,D_FVG_bull_2026-08-05,0.3304431871949161,0.3369136636241836,time,247.27700000000186,0.006470476429267534,a5397e3245d0e646,kernel_ticket:pass:kernel_session_ticket|side:FAIL:rev_side_conflicts_with_raid|risk:pass:within_caps|allowlist:FAIL:not_on_mint_allowlist|mode:pass:paper,"{""m1_correct_side_of_eq"": false, ""m2_false_breakout"": false, ""m4_fvg_in_displacement"": true, ""m3_iof_aligned"": false, ""m5_ipda20_discount"": false, ""m6_with_20d_swing"": true, ""m7_osok_profile"": false, ""m8_cbdr_tight"": false, ""m8_ny_continues_london"": true, ""m10_us500_confirms"": true, ""m11_smt_divergence"": false, ""m12_topdown_agree"": false, ""m13_bridge_window_fvg"": false}"
2026-09-01,US100,ny_am,True,REV,named_extreme_raid+htf_pd+mss,2026-09-01T08:00:00,sell,29122.009,29220.197,side:rev_side_conflicts_with_raid,pdl,bearish,aligned,D_FVG_bull_2026-08-28,-1.0162952702977956,-1.0,stop,98.18800000000192,0.016295270297795747,a84f0a7b63fc1ef8,kernel_ticket:pass:kernel_session_ticket|side:FAIL:rev_side_conflicts_with_raid|risk:pass:within_caps|allowlist:FAIL:not_on_mint_allowlist|mode:pass:paper,"{""m1_correct_side_of_eq"": false, ""m2_false_breakout"": false, ""m4_fvg_in_displacement"": true, ""m3_iof_aligned"": true, ""m5_ipda20_discount"": false, ""m6_with_20d_swing"": false, ""m7_osok_profile"": false, ""m8_cbdr_tight"": false, ""m8_ny_continues_london"": true, ""m10_us500_confirms"": true, ""m11_smt_divergence"": false, ""m12_topdown_agree"": false, ""m13_bridge_window_fvg"": false}"
2026-09-03,US100,ny_am,True,REV,named_extreme_raid+htf_pd+mss,2026-09-03T10:00:00,buy,29288.476,29165.698,side:rev_side_conflicts_with_raid,pdh,bullish,aligned,D_FVG_bear_2026-09-02,1.986968349378553,2.0,target,122.77799999999843,0.013031650621447007,029e91d9ccd023f3,kernel_ticket:pass:kernel_session_ticket|side:FAIL:rev_side_conflicts_with_raid|risk:pass:within_caps|allowlist:FAIL:not_on_mint_allowlist|mode:pass:paper,"{""m1_correct_side_of_eq"": false, ""m2_false_breakout"": false, ""m4_fvg_in_displacement"": true, ""m3_iof_aligned"": true, ""m5_ipda20_discount"": true, ""m6_with_20d_swing"": false, ""m7_osok_profile"": false, ""m8_cbdr_tight"": true, ""m8_ny_continues_london"": true, ""m10_us500_confirms"": true, ""m11_smt_divergence"": false, ""m12_topdown_agree"": true, ""m13_bridge_window_fvg"": false}"
2026-09-04,US100,london,True,REV,named_extreme_raid+htf_pd+mss,2026-09-04T02:45:00,buy,29561.575,29539.299,side:rev_side_conflicts_with_raid,pdh,bullish,aligned,D_FVG_bull_2026-08-28,-1.071826180642839,-1.0,stop,22.27600000000166,0.07182618064283897,91259e0cef57bcc1,kernel_ticket:pass:kernel_session_ticket|side:FAIL:rev_side_conflicts_with_raid|risk:pass:within_caps|allowlist:FAIL:not_on_mint_allowlist|mode:pass:paper,"{""m1_correct_side_of_eq"": false, ""m2_false_breakout"": false, ""m4_fvg_in_displacement"": true, ""m3_iof_aligned"": true, ""m5_ipda20_discount"": false, ""m6_with_20d_swing"": true, ""m7_osok_profile"": false, ""m8_cbdr_tight"": true, ""m8_ny_continues_london"": null, ""m10_us500_confirms"": false, ""m11_smt_divergence"": false, ""m12_topdown_agree"": true, ""m13_bridge_window_fvg"": false}"
2026-09-04,US100,ny_am,True,REV,named_extreme_raid+htf_pd+mss,2026-09-04T07:15:00,buy,29617.221,29539.299,side:rev_side_conflicts_with_raid,pdh,bullish,aligned,D_FVG_bull_2026-08-10,-1.0205333538666865,-1.0,stop,77.9220000000023,0.020533353866686595,3ee934591cb718b1,kernel_ticket:pass:kernel_session_ticket|side:FAIL:rev_side_conflicts_with_raid|risk:pass:within_caps|allowlist:FAIL:not_on_mint_allowlist|mode:pass:paper,"{""m1_correct_side_of_eq"": false, ""m2_false_breakout"": false, ""m4_fvg_in_displacement"": true, ""m3_iof_aligned"": true, ""m5_ipda20_discount"": false, ""m6_with_20d_swing"": true, ""m7_osok_profile"": false, ""m8_cbdr_tight"": true, ""m8_ny_continues_london"": true, ""m10_us500_confirms"": false, ""m11_smt_divergence"": false, ""m12_topdown_agree"": true, ""m13_bridge_window_fvg"": false}"
2026-09-09,US100,ny_am,True,REV,named_extreme_raid+htf_pd+mss,2026-09-09T07:15:00,sell,29382.543,29392.232,side:rev_side_conflicts_with_raid,pdl,bearish,aligned,D_FVG_bear_2026-08-19,1.8348642790793426,2.0,target,9.688999999998487,0.16513572092065745,295acbee2cde7ac4,kernel_ticket:pass:kernel_session_ticket|side:FAIL:rev_side_conflicts_with_raid|risk:pass:within_caps|allowlist:FAIL:not_on_mint_allowlist|mode:pass:paper,"{""m1_correct_side_of_eq"": false, ""m2_false_breakout"": false, ""m4_fvg_in_displacement"": false, ""m3_iof_aligned"": true, ""m5_ipda20_discount"": false, ""m6_with_20d_swing"": true, ""m7_osok_profile"": false, ""m8_cbdr_tight"": true, ""m8_ny_continues_london"": true, ""m10_us500_confirms"": true, ""m11_smt_divergence"": false, ""m12_topdown_agree"": false, ""m13_bridge_window_fvg"": false}"
2026-09-10,US100,ny_am,True,REV,named_extreme_raid+htf_pd+mss,2026-09-10T08:00:00,sell,29238.253,29307.586,side:rev_side_conflicts_with_raid,pdl,bearish,aligned,D_FVG_bull_2026-08-28,1.9769229659757976,2.0,target,69.33299999999872,0.023077034024202466,8e487d4a51493eed,kernel_ticket:pass:kernel_session_ticket|side:FAIL:rev_side_conflicts_with_raid|risk:pass:within_caps|allowlist:FAIL:not_on_mint_allowlist|mode:pass:paper,"{""m1_correct_side_of_eq"": false, ""m2_false_breakout"": true, ""m4_fvg_in_displacement"": false, ""m3_iof_aligned"": true, ""m5_ipda20_discount"": false, ""m6_with_20d_swing"": true, ""m7_osok_profile"": false, ""m8_cbdr_tight"": true, ""m8_ny_continues_london"": true, ""m10_us500_confirms"": true, ""m11_smt_divergence"": true, ""m12_topdown_agree"": false, ""m13_bridge_window_fvg"": false}"
2026-09-18,US100,london,True,REV,named_extreme_raid+htf_pd+mss,2026-09-18T02:15:00,buy,29585.408,29486.764,side:rev_side_conflicts_with_raid,pdh,bullish,aligned,D_FVG_bull_2026-08-28,-1.0162199424192044,-1.0,stop,98.64400000000023,0.016219942419204374,3d45f57569c537d0,kernel_ticket:pass:kernel_session_ticket|side:FAIL:rev_side_conflicts_with_raid|risk:pass:within_caps|allowlist:FAIL:not_on_mint_allowlist|mode:pass:paper,"{""m1_correct_side_of_eq"": false, ""m2_false_breakout"": false, ""m4_fvg_in_displacement"": true, ""m3_iof_aligned"": true, ""m5_ipda20_discount"": false, ""m6_with_20d_swing"": false, ""m7_osok_profile"": false, ""m8_cbdr_tight"": true, ""m8_ny_continues_london"": null, ""m10_us500_confirms"": true, ""m11_smt_divergence"": false, ""m12_topdown_agree"": false, ""m13_bridge_window_fvg"": false}"
2026-09-21,US100,london,True,REV,named_extreme_raid+htf_pd+mss,2026-09-21T02:15:00,buy,29824.119,29703.689,side:rev_side_conflicts_with_raid,pdh,bullish,aligned,D_FVG_bull_2026-08-28,1.9867142738520303,2.0,target,120.43000000000029,0.013285726147969744,bd0361fe7fbf3881,kernel_ticket:pass:kernel_session_ticket|side:FAIL:rev_side_conflicts_with_raid|risk:pass:within_caps|allowlist:FAIL:not_on_mint_allowlist|mode:pass:paper,"{""m1_correct_side_of_eq"": false, ""m2_false_breakout"": false, ""m4_fvg_in_displacement"": false, ""m3_iof_aligned"": true, ""m5_ipda20_discount"": false, ""m6_with_20d_swing"": true, ""m7_osok_profile"": false, ""m8_cbdr_tight"": false, ""m8_ny_continues_london"": null, ""m10_us500_confirms"": true, ""m11_smt_divergence"": false, ""m12_topdown_agree"": true, ""m13_bridge_window_fvg"": false}"
2026-09-21,US100,ny_am,True,REV,named_extreme_raid+htf_pd+mss,2026-09-21T07:15:00,buy,29944.743,29703.689,side:rev_side_conflicts_with_raid,pdh,bullish,aligned,D_FVG_bull_2026-08-28,1.9933624830950742,2.0,target,241.0540000000001,0.006637516904925866,2e07c6475cb5b146,kernel_ticket:pass:kernel_session_ticket|side:FAIL:rev_side_conflicts_with_raid|risk:pass:within_caps|allowlist:FAIL:not_on_mint_allowlist|mode:pass:paper,"{""m1_correct_side_of_eq"": false, ""m2_false_breakout"": false, ""m4_fvg_in_displacement"": true, ""m3_iof_aligned"": true, ""m5_ipda20_discount"": false, ""m6_with_20d_swing"": true, ""m7_osok_profile"": false, ""m8_cbdr_tight"": false, ""m8_ny_continues_london"": true, ""m10_us500_confirms"": true, ""m11_smt_divergence"": false, ""m12_topdown_agree"": true, ""m13_bridge_window_fvg"": false}"
